--This file should not be used by our UNIT tests.

insert into KRIM_PRNCPL_T (OBJ_ID, VER_NBR, PRNCPL_NM, ENTITY_ID, PRNCPL_PSWD, ACTV_IND, LAST_UPDT_DT, PRNCPL_ID) values ('89C22897E8B64882A68276D5F7D6B00A', 1, 'mwmartin', '1257', 'fK69ATFsAydwQuteang+xMva+Tc=', 'Y', to_date('2009-10-07 13:23:53','YYYY-MM-DD HH24:MI:SS'), '10000000057');
insert into KRIM_ENTITY_T (ENTITY_ID, OBJ_ID, VER_NBR, ACTV_IND, LAST_UPDT_DT) values ('1257', '6F67EAC19AD6465EB75E940BEA78B5C4', 1, 'Y', to_date('2009-10-07 13:23:53','YYYY-MM-DD HH24:MI:SS'));
insert into KRIM_ENTITY_ENT_TYP_T (ACTV_IND, LAST_UPDT_DT, OBJ_ID, VER_NBR, ENT_TYP_CD, ENTITY_ID) values ('Y', to_date('2009-10-07 13:23:53','YYYY-MM-DD HH24:MI:SS'), 'A0B58387B56C4D8EA5ACF3B90D099114', 1, 'PERSON', '1257');
insert into KRIM_ENTITY_NM_T (ENTITY_NM_ID, OBJ_ID, VER_NBR, ENTITY_ID, NM_TYP_CD, FIRST_NM, MIDDLE_NM, LAST_NM, SUFFIX_NM, TITLE_NM, DFLT_IND, ACTV_IND, LAST_UPDT_DT) values ('1357', '32389CC015DF468E842830FC1920DF80', 1, '1257', 'PRFR', 'MERRILL', null, 'MARTIN', null, null, 'Y', 'Y', to_date('2009-10-07 13:23:53','YYYY-MM-DD HH24:MI:SS'));



insert into KRIM_PRNCPL_T (OBJ_ID, VER_NBR, PRNCPL_NM, ENTITY_ID, PRNCPL_PSWD, ACTV_IND, LAST_UPDT_DT, PRNCPL_ID) values ('881429CE536B44C5953A19C2E6AA9C4F', 1, 'ralston', '1256', 'fK69ATFsAydwQuteang+xMva+Tc=', 'Y', to_date('2009-10-07 13:23:53','YYYY-MM-DD HH24:MI:SS'), '10000000056');
insert into KRIM_ENTITY_T (ENTITY_ID, OBJ_ID, VER_NBR, ACTV_IND, LAST_UPDT_DT) values ('1256', 'BE0D813EB9E0476C8F343CE6330357DF', 1, 'Y', to_date('2009-10-07 13:23:53','YYYY-MM-DD HH24:MI:SS'));
insert into KRIM_ENTITY_ENT_TYP_T (ACTV_IND, LAST_UPDT_DT, OBJ_ID, VER_NBR, ENT_TYP_CD, ENTITY_ID) values ('Y', to_date('2009-10-07 13:23:53','YYYY-MM-DD HH24:MI:SS'), '3A158B44EEF543E3823996770770E4CC', 1, 'PERSON', '1256');
insert into KRIM_ENTITY_NM_T (ENTITY_NM_ID, OBJ_ID, VER_NBR, ENTITY_ID, NM_TYP_CD, FIRST_NM, MIDDLE_NM, LAST_NM, SUFFIX_NM, TITLE_NM, DFLT_IND, ACTV_IND, LAST_UPDT_DT) values ('1356', 'A233988425A1421EB63BF160E473BF05', 1, '1256', 'PRFR', 'DAMON', null, 'RALSTON', null, null, 'Y', 'Y', to_date('2009-10-07 13:23:53','YYYY-MM-DD HH24:MI:SS'));



insert into KRIM_PRNCPL_T (OBJ_ID, VER_NBR, PRNCPL_NM, ENTITY_ID, PRNCPL_PSWD, ACTV_IND, LAST_UPDT_DT, PRNCPL_ID) values ('09FA38B277EC436486D1239EC31D0DAA', 1, 'clmcbee', '1255', 'fK69ATFsAydwQuteang+xMva+Tc=', 'Y', to_date('2009-10-07 13:23:53','YYYY-MM-DD HH24:MI:SS'), '10000000055');
insert into KRIM_ENTITY_T (ENTITY_ID, OBJ_ID, VER_NBR, ACTV_IND, LAST_UPDT_DT) values ('1255', '6E47D1CC270D4FF486E2F51F58E441A0', 1, 'Y', to_date('2009-10-07 13:23:53','YYYY-MM-DD HH24:MI:SS'));
insert into KRIM_ENTITY_ENT_TYP_T (ACTV_IND, LAST_UPDT_DT, OBJ_ID, VER_NBR, ENT_TYP_CD, ENTITY_ID) values ('Y', to_date('2009-10-07 13:23:53','YYYY-MM-DD HH24:MI:SS'), '271F4BFD31FC454F8191401AA08A38AF', 1, 'PERSON', '1255');
insert into KRIM_ENTITY_NM_T (ENTITY_NM_ID, OBJ_ID, VER_NBR, ENTITY_ID, NM_TYP_CD, FIRST_NM, MIDDLE_NM, LAST_NM, SUFFIX_NM, TITLE_NM, DFLT_IND, ACTV_IND, LAST_UPDT_DT) values ('1355', 'ADE4EF82F55C472FB44E578801E91A21', 1, '1255', 'PRFR', 'CHARITY', null, 'MCBEE', null, null, 'Y', 'Y', to_date('2009-10-07 13:23:53','YYYY-MM-DD HH24:MI:SS'));




insert into KRIM_PRNCPL_T (OBJ_ID, VER_NBR, PRNCPL_NM, ENTITY_ID, PRNCPL_PSWD, ACTV_IND, LAST_UPDT_DT, PRNCPL_ID) values ('EFF1E1F6DF814736A406D11D2259EB02', 1, 'burd', '1244', 'fK69ATFsAydwQuteang+xMva+Tc=', 'Y', to_date('2009-10-07 13:23:53','YYYY-MM-DD HH24:MI:SS'), '10000000044');
insert into KRIM_ENTITY_T (ENTITY_ID, OBJ_ID, VER_NBR, ACTV_IND, LAST_UPDT_DT) values ('1244', 'E1C1CEB20ECB45EF9D9DE021E5E25496', 1, 'Y', to_date('2009-10-07 13:23:53','YYYY-MM-DD HH24:MI:SS'));
insert into KRIM_ENTITY_ENT_TYP_T (ACTV_IND, LAST_UPDT_DT, OBJ_ID, VER_NBR, ENT_TYP_CD, ENTITY_ID) values ('Y', to_date('2009-10-07 13:23:53','YYYY-MM-DD HH24:MI:SS'), 'B92AA39960994446A58D7CDCDBC05319', 1, 'PERSON', '1244');
insert into KRIM_ENTITY_NM_T (ENTITY_NM_ID, OBJ_ID, VER_NBR, ENTITY_ID, NM_TYP_CD, FIRST_NM, MIDDLE_NM, LAST_NM, SUFFIX_NM, TITLE_NM, DFLT_IND, ACTV_IND, LAST_UPDT_DT) values ('1344', '3ACD56B6571E417FB2F6F6CCA161F9E3', 1, '1244', 'PRFR', 'ALTHEA', null, 'BURD', null, null, 'Y', 'Y', to_date('2009-10-07 13:23:53','YYYY-MM-DD HH24:MI:SS'));
insert into KRIM_GRP_MBR_T (GRP_MBR_ID, VER_NBR, OBJ_ID, GRP_ID, MBR_ID, MBR_TYP_CD, ACTV_FRM_DT, ACTV_TO_DT, LAST_UPDT_DT) values ('1254', 1, '7BAF6144215745A995A5B5A5165BE186', '1000004', '10000000044', 'P', null, null, to_date('2009-10-07 15:26:09','YYYY-MM-DD HH24:MI:SS'));
insert into KRIM_GRP_MBR_T (GRP_MBR_ID, VER_NBR, OBJ_ID, GRP_ID, MBR_ID, MBR_TYP_CD, ACTV_FRM_DT, ACTV_TO_DT, LAST_UPDT_DT) values ('1310', 1, 'ECA8CB1FB2CB433AA2F7FEE560515F1F', '1000006', '10000000044', 'P', null, null, to_date('2009-10-07 15:26:09','YYYY-MM-DD HH24:MI:SS'));
insert into KRIM_GRP_MBR_T (GRP_MBR_ID, VER_NBR, OBJ_ID, GRP_ID, MBR_ID, MBR_TYP_CD, ACTV_FRM_DT, ACTV_TO_DT, LAST_UPDT_DT) values ('1364', 1, 'F44DEDFE8B014C20987DA37503DED66A', '1000007', '10000000044', 'P', null, null, to_date('2009-10-07 15:26:10','YYYY-MM-DD HH24:MI:SS'));
insert into KRIM_ROLE_MBR_T (ROLE_MBR_ID, VER_NBR, OBJ_ID, ROLE_ID, MBR_ID, MBR_TYP_CD, ACTV_FRM_DT, ACTV_TO_DT, LAST_UPDT_DT) values ('1335', 1, 'D2071E74D57C4F37BD1A0E1ABAD32628', '1109', '10000000044', 'P', null, null, to_date('2009-10-07 15:26:10','YYYY-MM-DD HH24:MI:SS'));



insert into KRIM_PRNCPL_T (OBJ_ID, VER_NBR, PRNCPL_NM, ENTITY_ID, PRNCPL_PSWD, ACTV_IND, LAST_UPDT_DT, PRNCPL_ID) values ('136515E99D13482A8E848CAB068B3963', 1, 'engel', '1245', 'fK69ATFsAydwQuteang+xMva+Tc=', 'Y', to_date('2009-10-07 13:23:53','YYYY-MM-DD HH24:MI:SS'), '10000000045');
insert into KRIM_ENTITY_T (ENTITY_ID, OBJ_ID, VER_NBR, ACTV_IND, LAST_UPDT_DT) values ('1245', '74EF34A646B145FCAC15728C84B468F3', 1, 'Y', to_date('2009-10-07 13:23:53','YYYY-MM-DD HH24:MI:SS'));
insert into KRIM_ENTITY_ENT_TYP_T (ACTV_IND, LAST_UPDT_DT, OBJ_ID, VER_NBR, ENT_TYP_CD, ENTITY_ID) values ('Y', to_date('2009-10-07 13:23:53','YYYY-MM-DD HH24:MI:SS'), 'A85B19B64E4E474A9551A3F21F69A88B', 1, 'PERSON', '1245');
insert into KRIM_ENTITY_NM_T (ENTITY_NM_ID, OBJ_ID, VER_NBR, ENTITY_ID, NM_TYP_CD, FIRST_NM, MIDDLE_NM, LAST_NM, SUFFIX_NM, TITLE_NM, DFLT_IND, ACTV_IND, LAST_UPDT_DT) values ('1345', '237C3C4195E049A3B8DE9D2568F0396B', 1, '1245', 'PRFR', 'LOUELLA', null, 'ENGEL', null, null, 'Y', 'Y', to_date('2009-10-07 13:23:53','YYYY-MM-DD HH24:MI:SS'));
insert into KRIM_GRP_MBR_T (GRP_MBR_ID, VER_NBR, OBJ_ID, GRP_ID, MBR_ID, MBR_TYP_CD, ACTV_FRM_DT, ACTV_TO_DT, LAST_UPDT_DT) values ('1255', 1, 'BE4F2D315A34425583A81978D7F1D79D', '1000004', '10000000045', 'P', null, null, to_date('2009-10-07 15:26:09','YYYY-MM-DD HH24:MI:SS'));
insert into KRIM_GRP_MBR_T (GRP_MBR_ID, VER_NBR, OBJ_ID, GRP_ID, MBR_ID, MBR_TYP_CD, ACTV_FRM_DT, ACTV_TO_DT, LAST_UPDT_DT) values ('1266', 1, '7DF12FFC6D7B40ECA822D8F1ACA196DB', '1000005', '10000000045', 'P', null, null, to_date('2009-10-07 15:26:09','YYYY-MM-DD HH24:MI:SS'));
insert into KRIM_GRP_MBR_T (GRP_MBR_ID, VER_NBR, OBJ_ID, GRP_ID, MBR_ID, MBR_TYP_CD, ACTV_FRM_DT, ACTV_TO_DT, LAST_UPDT_DT) values ('1311', 1, '8802D00B6BB64F72B527410576EFD5F8', '1000006', '10000000045', 'P', null, null, to_date('2009-10-07 15:26:09','YYYY-MM-DD HH24:MI:SS'));
insert into KRIM_GRP_MBR_T (GRP_MBR_ID, VER_NBR, OBJ_ID, GRP_ID, MBR_ID, MBR_TYP_CD, ACTV_FRM_DT, ACTV_TO_DT, LAST_UPDT_DT) values ('1365', 1, 'FA48D062B8C740D6929B50CDE73B93E0', '1000007', '10000000045', 'P', null, null, to_date('2009-10-07 15:26:10','YYYY-MM-DD HH24:MI:SS'));
insert into KRIM_ROLE_MBR_T (ROLE_MBR_ID, VER_NBR, OBJ_ID, ROLE_ID, MBR_ID, MBR_TYP_CD, ACTV_FRM_DT, ACTV_TO_DT, LAST_UPDT_DT) values ('1336', 1, 'E0D22376B5B144039D16E0260C88D7DB', '1109', '10000000045', 'P', null, null, to_date('2009-10-07 15:26:10','YYYY-MM-DD HH24:MI:SS'));



insert into KRIM_PRNCPL_T (OBJ_ID, VER_NBR, PRNCPL_NM, ENTITY_ID, PRNCPL_PSWD, ACTV_IND, LAST_UPDT_DT, PRNCPL_ID) values ('5D9CD81A81C34B768B7C417DF070F9F6', 1, 'headley', '1246', 'fK69ATFsAydwQuteang+xMva+Tc=', 'Y', to_date('2009-10-07 13:23:53','YYYY-MM-DD HH24:MI:SS'), '10000000046');
insert into KRIM_ENTITY_T (ENTITY_ID, OBJ_ID, VER_NBR, ACTV_IND, LAST_UPDT_DT) values ('1246', '66D3FF4778DE4C8598C2CB7639C24D2F', 1, 'Y', to_date('2009-10-07 13:23:53','YYYY-MM-DD HH24:MI:SS'));
insert into KRIM_ENTITY_ENT_TYP_T (ACTV_IND, LAST_UPDT_DT, OBJ_ID, VER_NBR, ENT_TYP_CD, ENTITY_ID) values ('Y', to_date('2009-10-07 13:23:53','YYYY-MM-DD HH24:MI:SS'), '8BA96894EEC246AB816F6316DFAD0490', 1, 'PERSON', '1246');
insert into KRIM_ENTITY_NM_T (ENTITY_NM_ID, OBJ_ID, VER_NBR, ENTITY_ID, NM_TYP_CD, FIRST_NM, MIDDLE_NM, LAST_NM, SUFFIX_NM, TITLE_NM, DFLT_IND, ACTV_IND, LAST_UPDT_DT) values ('1346', '5FA23748162E45E389053E7C3387CDCE', 1, '1246', 'PRFR', 'FAYE', null, 'HEADLEY', null, null, 'Y', 'Y', to_date('2009-10-07 13:23:53','YYYY-MM-DD HH24:MI:SS'));
insert into KRIM_GRP_MBR_T (GRP_MBR_ID, VER_NBR, OBJ_ID, GRP_ID, MBR_ID, MBR_TYP_CD, ACTV_FRM_DT, ACTV_TO_DT, LAST_UPDT_DT) values ('1256', 1, '0CC8056FD7964C4C80D6D5E8FA4139C8', '1000004', '10000000046', 'P', null, null, to_date('2009-10-07 15:26:09','YYYY-MM-DD HH24:MI:SS'));
insert into KRIM_GRP_MBR_T (GRP_MBR_ID, VER_NBR, OBJ_ID, GRP_ID, MBR_ID, MBR_TYP_CD, ACTV_FRM_DT, ACTV_TO_DT, LAST_UPDT_DT) values ('1312', 1, 'BD35C0C39D084222AC1E970B7768293C', '1000006', '10000000046', 'P', null, null, to_date('2009-10-07 15:26:09','YYYY-MM-DD HH24:MI:SS'));
insert into KRIM_GRP_MBR_T (GRP_MBR_ID, VER_NBR, OBJ_ID, GRP_ID, MBR_ID, MBR_TYP_CD, ACTV_FRM_DT, ACTV_TO_DT, LAST_UPDT_DT) values ('1366', 1, '2289DC06A3D6462FBBAD24EF4CB0F13D', '1000007', '10000000046', 'P', null, null, to_date('2009-10-07 15:26:10','YYYY-MM-DD HH24:MI:SS'));
insert into KRIM_ROLE_MBR_T (ROLE_MBR_ID, VER_NBR, OBJ_ID, ROLE_ID, MBR_ID, MBR_TYP_CD, ACTV_FRM_DT, ACTV_TO_DT, LAST_UPDT_DT) values ('1337', 1, '8FE59553D8114F38970C05C9D107854F', '1109', '10000000046', 'P', null, null, to_date('2009-10-07 15:26:10','YYYY-MM-DD HH24:MI:SS'));



insert into KRIM_PRNCPL_T (OBJ_ID, VER_NBR, PRNCPL_NM, ENTITY_ID, PRNCPL_PSWD, ACTV_IND, LAST_UPDT_DT, PRNCPL_ID) values ('7A856A1BA13E465986760F359ABCC621', 1, 'rpgailey', '1247', 'fK69ATFsAydwQuteang+xMva+Tc=', 'Y', to_date('2009-10-07 13:23:53','YYYY-MM-DD HH24:MI:SS'), '10000000047');



insert into KRIM_PRNCPL_T (OBJ_ID, VER_NBR, PRNCPL_NM, ENTITY_ID, PRNCPL_PSWD, ACTV_IND, LAST_UPDT_DT, PRNCPL_ID) values ('BD032A0C1D424147A5FC6FE78CEA69BA', 1, 'shields', '1248', 'fK69ATFsAydwQuteang+xMva+Tc=', 'Y', to_date('2009-10-07 13:23:53','YYYY-MM-DD HH24:MI:SS'), '10000000048');



insert into KRIM_PRNCPL_T (OBJ_ID, VER_NBR, PRNCPL_NM, ENTITY_ID, PRNCPL_PSWD, ACTV_IND, LAST_UPDT_DT, PRNCPL_ID) values ('8C73A8BC731349B883B7CF9311864C0A', 1, 'elgin', '1249', 'fK69ATFsAydwQuteang+xMva+Tc=', 'Y', to_date('2009-10-07 13:23:53','YYYY-MM-DD HH24:MI:SS'), '10000000049');



insert into KRIM_PRNCPL_T (OBJ_ID, VER_NBR, PRNCPL_NM, ENTITY_ID, PRNCPL_PSWD, ACTV_IND, LAST_UPDT_DT, PRNCPL_ID) values ('A38B27B02C484C7C9F5CC244622B3230', 1, 'boman', '1250', 'fK69ATFsAydwQuteang+xMva+Tc=', 'Y', to_date('2009-10-07 13:23:53','YYYY-MM-DD HH24:MI:SS'), '10000000050');



insert into KRIM_PRNCPL_T (OBJ_ID, VER_NBR, PRNCPL_NM, ENTITY_ID, PRNCPL_PSWD, ACTV_IND, LAST_UPDT_DT, PRNCPL_ID) values ('80665B61BF7F4ECBB6A2F4F27EEF90DA', 1, 'duggins', '1251', 'fK69ATFsAydwQuteang+xMva+Tc=', 'Y', to_date('2009-10-07 13:23:53','YYYY-MM-DD HH24:MI:SS'), '10000000051');



insert into KRIM_PRNCPL_T (OBJ_ID, VER_NBR, PRNCPL_NM, ENTITY_ID, PRNCPL_PSWD, ACTV_IND, LAST_UPDT_DT, PRNCPL_ID) values ('027AA071B5E246D0AEA90D520BDCEFEA', 1, 'khowens', '1252', 'fK69ATFsAydwQuteang+xMva+Tc=', 'Y', to_date('2009-10-07 13:23:53','YYYY-MM-DD HH24:MI:SS'), '10000000052');



insert into KRIM_PRNCPL_T (OBJ_ID, VER_NBR, PRNCPL_NM, ENTITY_ID, PRNCPL_PSWD, ACTV_IND, LAST_UPDT_DT, PRNCPL_ID) values ('1C648141EC394B9C89D9A00CB4A1E3AB', 1, 'ndarr', '1253', 'fK69ATFsAydwQuteang+xMva+Tc=', 'Y', to_date('2009-10-07 13:23:53','YYYY-MM-DD HH24:MI:SS'), '10000000053');



insert into KRIM_PRNCPL_T (OBJ_ID, VER_NBR, PRNCPL_NM, ENTITY_ID, PRNCPL_PSWD, ACTV_IND, LAST_UPDT_DT, PRNCPL_ID) values ('49A1FF0AEEBA4255A7639C4657B42EAF', 1, 'cary', '1254', 'fK69ATFsAydwQuteang+xMva+Tc=', 'Y', to_date('2009-10-07 13:23:53','YYYY-MM-DD HH24:MI:SS'), '10000000054');



insert into KRIM_ENTITY_T (ENTITY_ID, OBJ_ID, VER_NBR, ACTV_IND, LAST_UPDT_DT) values ('1247', '607C713FEB3B490FBFECEF9276055991', 1, 'Y', to_date('2009-10-07 13:23:53','YYYY-MM-DD HH24:MI:SS'));
insert into KRIM_ENTITY_T (ENTITY_ID, OBJ_ID, VER_NBR, ACTV_IND, LAST_UPDT_DT) values ('1248', '99CA29E0E15A42A19DE3AB6713C73B2C', 1, 'Y', to_date('2009-10-07 13:23:53','YYYY-MM-DD HH24:MI:SS'));
insert into KRIM_ENTITY_T (ENTITY_ID, OBJ_ID, VER_NBR, ACTV_IND, LAST_UPDT_DT) values ('1249', 'D97B1CFC1309472EB773E21C3891C1E5', 1, 'Y', to_date('2009-10-07 13:23:53','YYYY-MM-DD HH24:MI:SS'));
insert into KRIM_ENTITY_T (ENTITY_ID, OBJ_ID, VER_NBR, ACTV_IND, LAST_UPDT_DT) values ('1250', 'CE706FB06F4044EE969FB81A5B9591A8', 1, 'Y', to_date('2009-10-07 13:23:53','YYYY-MM-DD HH24:MI:SS'));
insert into KRIM_ENTITY_T (ENTITY_ID, OBJ_ID, VER_NBR, ACTV_IND, LAST_UPDT_DT) values ('1251', '13457C99EFF74E10979C55C4B1E92428', 1, 'Y', to_date('2009-10-07 13:23:53','YYYY-MM-DD HH24:MI:SS'));
insert into KRIM_ENTITY_T (ENTITY_ID, OBJ_ID, VER_NBR, ACTV_IND, LAST_UPDT_DT) values ('1252', '26748B208E2E4424BFD8216C6549554E', 1, 'Y', to_date('2009-10-07 13:23:53','YYYY-MM-DD HH24:MI:SS'));
insert into KRIM_ENTITY_T (ENTITY_ID, OBJ_ID, VER_NBR, ACTV_IND, LAST_UPDT_DT) values ('1253', '7A0E759CBF03417EB6F052C869C33274', 1, 'Y', to_date('2009-10-07 13:23:53','YYYY-MM-DD HH24:MI:SS'));
insert into KRIM_ENTITY_T (ENTITY_ID, OBJ_ID, VER_NBR, ACTV_IND, LAST_UPDT_DT) values ('1254', 'A10675B51FC546A9B72AEFB4F239064A', 1, 'Y', to_date('2009-10-07 13:23:53','YYYY-MM-DD HH24:MI:SS'));


insert into KRIM_ENTITY_ENT_TYP_T (ACTV_IND, LAST_UPDT_DT, OBJ_ID, VER_NBR, ENT_TYP_CD, ENTITY_ID) values ('Y', to_date('2009-10-07 13:23:53','YYYY-MM-DD HH24:MI:SS'), '4926873819F3430CA5C7AD0CF366BD8B', 1, 'PERSON', '1247');
insert into KRIM_ENTITY_ENT_TYP_T (ACTV_IND, LAST_UPDT_DT, OBJ_ID, VER_NBR, ENT_TYP_CD, ENTITY_ID) values ('Y', to_date('2009-10-07 13:23:53','YYYY-MM-DD HH24:MI:SS'), 'B11F0F1B862B4FB2B35F7E18DCF8C8F5', 1, 'PERSON', '1248');
insert into KRIM_ENTITY_ENT_TYP_T (ACTV_IND, LAST_UPDT_DT, OBJ_ID, VER_NBR, ENT_TYP_CD, ENTITY_ID) values ('Y', to_date('2009-10-07 13:23:53','YYYY-MM-DD HH24:MI:SS'), '9DDACADC833F4F43B825B840E0D7A512', 1, 'PERSON', '1249');
insert into KRIM_ENTITY_ENT_TYP_T (ACTV_IND, LAST_UPDT_DT, OBJ_ID, VER_NBR, ENT_TYP_CD, ENTITY_ID) values ('Y', to_date('2009-10-07 13:23:53','YYYY-MM-DD HH24:MI:SS'), 'B8DFC66DB3B640B186630565F834B98F', 1, 'PERSON', '1250');
insert into KRIM_ENTITY_ENT_TYP_T (ACTV_IND, LAST_UPDT_DT, OBJ_ID, VER_NBR, ENT_TYP_CD, ENTITY_ID) values ('Y', to_date('2009-10-07 13:23:53','YYYY-MM-DD HH24:MI:SS'), '56B59EF731E24E029E80B387F4911B19', 1, 'PERSON', '1251');
insert into KRIM_ENTITY_ENT_TYP_T (ACTV_IND, LAST_UPDT_DT, OBJ_ID, VER_NBR, ENT_TYP_CD, ENTITY_ID) values ('Y', to_date('2009-10-07 13:23:53','YYYY-MM-DD HH24:MI:SS'), '5D46EC74BDA84B74B1D2DD88AB433A43', 1, 'PERSON', '1252');
insert into KRIM_ENTITY_ENT_TYP_T (ACTV_IND, LAST_UPDT_DT, OBJ_ID, VER_NBR, ENT_TYP_CD, ENTITY_ID) values ('Y', to_date('2009-10-07 13:23:53','YYYY-MM-DD HH24:MI:SS'), '94186FD44E4C449BB0EC76E08A80BF85', 1, 'PERSON', '1253');
insert into KRIM_ENTITY_ENT_TYP_T (ACTV_IND, LAST_UPDT_DT, OBJ_ID, VER_NBR, ENT_TYP_CD, ENTITY_ID) values ('Y', to_date('2009-10-07 13:23:53','YYYY-MM-DD HH24:MI:SS'), '252B3D922C6246AAA4948936984CE034', 1, 'PERSON', '1254');


insert into KRIM_ENTITY_NM_T (ENTITY_NM_ID, OBJ_ID, VER_NBR, ENTITY_ID, NM_TYP_CD, FIRST_NM, MIDDLE_NM, LAST_NM, SUFFIX_NM, TITLE_NM, DFLT_IND, ACTV_IND, LAST_UPDT_DT) values ('1347', '72E9E4D2C3454920A41D79795ACBAEFE', 1, '1247', 'PRFR', 'RONDA', null, 'GAILEY', null, null, 'Y', 'Y', to_date('2009-10-07 13:23:53','YYYY-MM-DD HH24:MI:SS'));
insert into KRIM_ENTITY_NM_T (ENTITY_NM_ID, OBJ_ID, VER_NBR, ENTITY_ID, NM_TYP_CD, FIRST_NM, MIDDLE_NM, LAST_NM, SUFFIX_NM, TITLE_NM, DFLT_IND, ACTV_IND, LAST_UPDT_DT) values ('1348', '9D7242217F544D00AA5362811302BC67', 1, '1248', 'PRFR', 'IVAN', null, 'SHIELDS', null, null, 'Y', 'Y', to_date('2009-10-07 13:23:53','YYYY-MM-DD HH24:MI:SS'));
insert into KRIM_ENTITY_NM_T (ENTITY_NM_ID, OBJ_ID, VER_NBR, ENTITY_ID, NM_TYP_CD, FIRST_NM, MIDDLE_NM, LAST_NM, SUFFIX_NM, TITLE_NM, DFLT_IND, ACTV_IND, LAST_UPDT_DT) values ('1349', '53E57C7D63E34E44A731644549C4D2BC', 1, '1249', 'PRFR', 'OLIVER', null, 'ELGIN', null, null, 'Y', 'Y', to_date('2009-10-07 13:23:53','YYYY-MM-DD HH24:MI:SS'));
insert into KRIM_ENTITY_NM_T (ENTITY_NM_ID, OBJ_ID, VER_NBR, ENTITY_ID, NM_TYP_CD, FIRST_NM, MIDDLE_NM, LAST_NM, SUFFIX_NM, TITLE_NM, DFLT_IND, ACTV_IND, LAST_UPDT_DT) values ('1350', 'A5886DCD2BAC4D43B67B5B1D702627E8', 1, '1250', 'PRFR', 'BEATRIZ', null, 'BOMAN', null, null, 'Y', 'Y', to_date('2009-10-07 13:23:53','YYYY-MM-DD HH24:MI:SS'));
insert into KRIM_ENTITY_NM_T (ENTITY_NM_ID, OBJ_ID, VER_NBR, ENTITY_ID, NM_TYP_CD, FIRST_NM, MIDDLE_NM, LAST_NM, SUFFIX_NM, TITLE_NM, DFLT_IND, ACTV_IND, LAST_UPDT_DT) values ('1351', 'BA360F5DD312486DB0B6A1A3C7B4F7C9', 1, '1251', 'PRFR', 'TREVOR', null, 'DUGGINS', null, null, 'Y', 'Y', to_date('2009-10-07 13:23:53','YYYY-MM-DD HH24:MI:SS'));
insert into KRIM_ENTITY_NM_T (ENTITY_NM_ID, OBJ_ID, VER_NBR, ENTITY_ID, NM_TYP_CD, FIRST_NM, MIDDLE_NM, LAST_NM, SUFFIX_NM, TITLE_NM, DFLT_IND, ACTV_IND, LAST_UPDT_DT) values ('1352', 'F34C97B617C04582A4260E1EE523CF2F', 1, '1252', 'PRFR', 'KELLY', null, 'OWENS', null, null, 'Y', 'Y', to_date('2009-10-07 13:23:53','YYYY-MM-DD HH24:MI:SS'));
insert into KRIM_ENTITY_NM_T (ENTITY_NM_ID, OBJ_ID, VER_NBR, ENTITY_ID, NM_TYP_CD, FIRST_NM, MIDDLE_NM, LAST_NM, SUFFIX_NM, TITLE_NM, DFLT_IND, ACTV_IND, LAST_UPDT_DT) values ('1353', 'E18476662E084ADD85BDCC5B943233AB', 1, '1253', 'PRFR', 'NOELLE', null, 'DARR', null, null, 'Y', 'Y', to_date('2009-10-07 13:23:53','YYYY-MM-DD HH24:MI:SS'));
insert into KRIM_ENTITY_NM_T (ENTITY_NM_ID, OBJ_ID, VER_NBR, ENTITY_ID, NM_TYP_CD, FIRST_NM, MIDDLE_NM, LAST_NM, SUFFIX_NM, TITLE_NM, DFLT_IND, ACTV_IND, LAST_UPDT_DT) values ('1354', 'D25DFBEDF9514788A34C20AF072CB8CF', 1, '1254', 'PRFR', 'CECILE', null, 'CARY', null, null, 'Y', 'Y', to_date('2009-10-07 13:23:53','YYYY-MM-DD HH24:MI:SS'));


insert into KRIM_GRP_MBR_T (GRP_MBR_ID, VER_NBR, OBJ_ID, GRP_ID, MBR_ID, MBR_TYP_CD, ACTV_FRM_DT, ACTV_TO_DT, LAST_UPDT_DT) values ('1257', 1, '826D8F0FF6D54FD0BFC873D188F9E308', '1000004', '10000000047', 'P', null, null, to_date('2009-10-07 15:26:09','YYYY-MM-DD HH24:MI:SS'));
insert into KRIM_GRP_MBR_T (GRP_MBR_ID, VER_NBR, OBJ_ID, GRP_ID, MBR_ID, MBR_TYP_CD, ACTV_FRM_DT, ACTV_TO_DT, LAST_UPDT_DT) values ('1258', 1, 'AED722242E074483BBA6135C3249D5DA', '1000004', '10000000048', 'P', null, null, to_date('2009-10-07 15:26:09','YYYY-MM-DD HH24:MI:SS'));
insert into KRIM_GRP_MBR_T (GRP_MBR_ID, VER_NBR, OBJ_ID, GRP_ID, MBR_ID, MBR_TYP_CD, ACTV_FRM_DT, ACTV_TO_DT, LAST_UPDT_DT) values ('1259', 1, '78733E8387024EBBA5C1C69D29F6CE25', '1000004', '10000000049', 'P', null, null, to_date('2009-10-07 15:26:09','YYYY-MM-DD HH24:MI:SS'));
insert into KRIM_GRP_MBR_T (GRP_MBR_ID, VER_NBR, OBJ_ID, GRP_ID, MBR_ID, MBR_TYP_CD, ACTV_FRM_DT, ACTV_TO_DT, LAST_UPDT_DT) values ('1260', 1, '7B7F260EA8684AD681FC2A5DFD3BFAB9', '1000004', '10000000050', 'P', null, null, to_date('2009-10-07 15:26:09','YYYY-MM-DD HH24:MI:SS'));
insert into KRIM_GRP_MBR_T (GRP_MBR_ID, VER_NBR, OBJ_ID, GRP_ID, MBR_ID, MBR_TYP_CD, ACTV_FRM_DT, ACTV_TO_DT, LAST_UPDT_DT) values ('1261', 1, 'DABAD2D150DB444CBD63568D92B46F9C', '1000004', '10000000051', 'P', null, null, to_date('2009-10-07 15:26:09','YYYY-MM-DD HH24:MI:SS'));
insert into KRIM_GRP_MBR_T (GRP_MBR_ID, VER_NBR, OBJ_ID, GRP_ID, MBR_ID, MBR_TYP_CD, ACTV_FRM_DT, ACTV_TO_DT, LAST_UPDT_DT) values ('1262', 1, 'DF0028FACD304B80BA9A9C1EE042C14C', '1000004', '10000000052', 'P', null, null, to_date('2009-10-07 15:26:09','YYYY-MM-DD HH24:MI:SS'));
insert into KRIM_GRP_MBR_T (GRP_MBR_ID, VER_NBR, OBJ_ID, GRP_ID, MBR_ID, MBR_TYP_CD, ACTV_FRM_DT, ACTV_TO_DT, LAST_UPDT_DT) values ('1263', 1, '286A3D2E7D824CC29E6928A3A18EE63C', '1000004', '10000000053', 'P', null, null, to_date('2009-10-07 15:26:09','YYYY-MM-DD HH24:MI:SS'));
insert into KRIM_GRP_MBR_T (GRP_MBR_ID, VER_NBR, OBJ_ID, GRP_ID, MBR_ID, MBR_TYP_CD, ACTV_FRM_DT, ACTV_TO_DT, LAST_UPDT_DT) values ('1264', 1, '687236EFE2564BD6B57BF6196E28E9B9', '1000004', '10000000054', 'P', null, null, to_date('2009-10-07 15:26:09','YYYY-MM-DD HH24:MI:SS'));
insert into KRIM_GRP_MBR_T (GRP_MBR_ID, VER_NBR, OBJ_ID, GRP_ID, MBR_ID, MBR_TYP_CD, ACTV_FRM_DT, ACTV_TO_DT, LAST_UPDT_DT) values ('1265', 1, 'B8B9C0DF0A86484B8338F15AAAE19602', '1000005', '10000000049', 'P', null, null, to_date('2009-10-07 15:26:09','YYYY-MM-DD HH24:MI:SS'));

insert into KRIM_GRP_MBR_T (GRP_MBR_ID, VER_NBR, OBJ_ID, GRP_ID, MBR_ID, MBR_TYP_CD, ACTV_FRM_DT, ACTV_TO_DT, LAST_UPDT_DT) values ('1313', 1, '43B3E009FB2943B7842E422264466181', '1000006', '10000000047', 'P', null, null, to_date('2009-10-07 15:26:09','YYYY-MM-DD HH24:MI:SS'));
insert into KRIM_GRP_MBR_T (GRP_MBR_ID, VER_NBR, OBJ_ID, GRP_ID, MBR_ID, MBR_TYP_CD, ACTV_FRM_DT, ACTV_TO_DT, LAST_UPDT_DT) values ('1314', 1, '11B6DA95843C423788DC3A94B9DEE9CF', '1000006', '10000000048', 'P', null, null, to_date('2009-10-07 15:26:09','YYYY-MM-DD HH24:MI:SS'));
insert into KRIM_GRP_MBR_T (GRP_MBR_ID, VER_NBR, OBJ_ID, GRP_ID, MBR_ID, MBR_TYP_CD, ACTV_FRM_DT, ACTV_TO_DT, LAST_UPDT_DT) values ('1315', 1, 'BC45CFB3F81448BCAC72E4609A7F05FF', '1000006', '10000000049', 'P', null, null, to_date('2009-10-07 15:26:09','YYYY-MM-DD HH24:MI:SS'));
insert into KRIM_GRP_MBR_T (GRP_MBR_ID, VER_NBR, OBJ_ID, GRP_ID, MBR_ID, MBR_TYP_CD, ACTV_FRM_DT, ACTV_TO_DT, LAST_UPDT_DT) values ('1316', 1, '407366B900BD464B9914C025F4377BF8', '1000006', '10000000050', 'P', null, null, to_date('2009-10-07 15:26:09','YYYY-MM-DD HH24:MI:SS'));
insert into KRIM_GRP_MBR_T (GRP_MBR_ID, VER_NBR, OBJ_ID, GRP_ID, MBR_ID, MBR_TYP_CD, ACTV_FRM_DT, ACTV_TO_DT, LAST_UPDT_DT) values ('1317', 1, '03092DA8AFF2467F99E169F2D1A5C81E', '1000006', '10000000051', 'P', null, null, to_date('2009-10-07 15:26:09','YYYY-MM-DD HH24:MI:SS'));
insert into KRIM_GRP_MBR_T (GRP_MBR_ID, VER_NBR, OBJ_ID, GRP_ID, MBR_ID, MBR_TYP_CD, ACTV_FRM_DT, ACTV_TO_DT, LAST_UPDT_DT) values ('1318', 1, '5B97B9EA37C44E24BC7E5AE0B378BDDF', '1000006', '10000000052', 'P', null, null, to_date('2009-10-07 15:26:09','YYYY-MM-DD HH24:MI:SS'));
insert into KRIM_GRP_MBR_T (GRP_MBR_ID, VER_NBR, OBJ_ID, GRP_ID, MBR_ID, MBR_TYP_CD, ACTV_FRM_DT, ACTV_TO_DT, LAST_UPDT_DT) values ('1319', 1, '1FB370B001764932A3F129474A7174E2', '1000006', '10000000053', 'P', null, null, to_date('2009-10-07 15:26:09','YYYY-MM-DD HH24:MI:SS'));
insert into KRIM_GRP_MBR_T (GRP_MBR_ID, VER_NBR, OBJ_ID, GRP_ID, MBR_ID, MBR_TYP_CD, ACTV_FRM_DT, ACTV_TO_DT, LAST_UPDT_DT) values ('1320', 1, 'CF1A843EF37B4F1CA9C697E3FDFE2A9F', '1000006', '10000000054', 'P', null, null, to_date('2009-10-07 15:26:09','YYYY-MM-DD HH24:MI:SS'));

insert into KRIM_GRP_MBR_T (GRP_MBR_ID, VER_NBR, OBJ_ID, GRP_ID, MBR_ID, MBR_TYP_CD, ACTV_FRM_DT, ACTV_TO_DT, LAST_UPDT_DT) values ('1367', 1, '367EF06D303D4AC78EE5A432D24CB3DE', '1000007', '10000000047', 'P', null, null, to_date('2009-10-07 15:26:10','YYYY-MM-DD HH24:MI:SS'));
insert into KRIM_GRP_MBR_T (GRP_MBR_ID, VER_NBR, OBJ_ID, GRP_ID, MBR_ID, MBR_TYP_CD, ACTV_FRM_DT, ACTV_TO_DT, LAST_UPDT_DT) values ('1368', 1, 'FE7B584FEDF947AEA74E4F8B4C9200E7', '1000007', '10000000048', 'P', null, null, to_date('2009-10-07 15:26:10','YYYY-MM-DD HH24:MI:SS'));
insert into KRIM_GRP_MBR_T (GRP_MBR_ID, VER_NBR, OBJ_ID, GRP_ID, MBR_ID, MBR_TYP_CD, ACTV_FRM_DT, ACTV_TO_DT, LAST_UPDT_DT) values ('1369', 1, '82DB2409E04448F4BC8DEEF5A4287544', '1000007', '10000000049', 'P', null, null, to_date('2009-10-07 15:26:10','YYYY-MM-DD HH24:MI:SS'));

insert into KRIM_GRP_MBR_T (GRP_MBR_ID, VER_NBR, OBJ_ID, GRP_ID, MBR_ID, MBR_TYP_CD, ACTV_FRM_DT, ACTV_TO_DT, LAST_UPDT_DT) values ('1370', 1, 'DA4449ACBC414FE5899C86B10807FB99', '1000007', '10000000050', 'P', null, null, to_date('2009-10-07 15:26:10','YYYY-MM-DD HH24:MI:SS'));
insert into KRIM_GRP_MBR_T (GRP_MBR_ID, VER_NBR, OBJ_ID, GRP_ID, MBR_ID, MBR_TYP_CD, ACTV_FRM_DT, ACTV_TO_DT, LAST_UPDT_DT) values ('1371', 1, '5D155F61A7D54478964FAF886FCE67CF', '1000007', '10000000051', 'P', null, null, to_date('2009-10-07 15:26:10','YYYY-MM-DD HH24:MI:SS'));
insert into KRIM_GRP_MBR_T (GRP_MBR_ID, VER_NBR, OBJ_ID, GRP_ID, MBR_ID, MBR_TYP_CD, ACTV_FRM_DT, ACTV_TO_DT, LAST_UPDT_DT) values ('1372', 1, 'FDDB474AD8E4453382EFE7A1B877629B', '1000007', '10000000052', 'P', null, null, to_date('2009-10-07 15:26:10','YYYY-MM-DD HH24:MI:SS'));
insert into KRIM_GRP_MBR_T (GRP_MBR_ID, VER_NBR, OBJ_ID, GRP_ID, MBR_ID, MBR_TYP_CD, ACTV_FRM_DT, ACTV_TO_DT, LAST_UPDT_DT) values ('1373', 1, '77B90BA4641B4B72B948E361BB195B56', '1000007', '10000000053', 'P', null, null, to_date('2009-10-07 15:26:10','YYYY-MM-DD HH24:MI:SS'));
insert into KRIM_GRP_MBR_T (GRP_MBR_ID, VER_NBR, OBJ_ID, GRP_ID, MBR_ID, MBR_TYP_CD, ACTV_FRM_DT, ACTV_TO_DT, LAST_UPDT_DT) values ('1374', 1, '1527908B39204594B708A89F7D8EF30E', '1000007', '10000000054', 'P', null, null, to_date('2009-10-07 15:26:10','YYYY-MM-DD HH24:MI:SS'));

insert into KRIM_ROLE_MBR_T (ROLE_MBR_ID, VER_NBR, OBJ_ID, ROLE_ID, MBR_ID, MBR_TYP_CD, ACTV_FRM_DT, ACTV_TO_DT, LAST_UPDT_DT) values ('1338', 1, '323C488EB3AF4BBCA1617567330A54A8', '1109', '10000000047', 'P', null, null, to_date('2009-10-07 15:26:10','YYYY-MM-DD HH24:MI:SS'));
insert into KRIM_ROLE_MBR_T (ROLE_MBR_ID, VER_NBR, OBJ_ID, ROLE_ID, MBR_ID, MBR_TYP_CD, ACTV_FRM_DT, ACTV_TO_DT, LAST_UPDT_DT) values ('1339', 1, '15D9C783BDC04D80BB5EF7F20FA998EC', '1109', '10000000048', 'P', null, null, to_date('2009-10-07 15:26:10','YYYY-MM-DD HH24:MI:SS'));
insert into KRIM_ROLE_MBR_T (ROLE_MBR_ID, VER_NBR, OBJ_ID, ROLE_ID, MBR_ID, MBR_TYP_CD, ACTV_FRM_DT, ACTV_TO_DT, LAST_UPDT_DT) values ('1340', 1, '549264602396433BBE6942B8D1B88FD4', '1109', '10000000049', 'P', null, null, to_date('2009-10-07 15:26:10','YYYY-MM-DD HH24:MI:SS'));
insert into KRIM_ROLE_MBR_T (ROLE_MBR_ID, VER_NBR, OBJ_ID, ROLE_ID, MBR_ID, MBR_TYP_CD, ACTV_FRM_DT, ACTV_TO_DT, LAST_UPDT_DT) values ('1341', 1, '91D77555199F43A9AF4E10BFBED8DA9A', '1109', '10000000050', 'P', null, null, to_date('2009-10-07 15:26:10','YYYY-MM-DD HH24:MI:SS'));
insert into KRIM_ROLE_MBR_T (ROLE_MBR_ID, VER_NBR, OBJ_ID, ROLE_ID, MBR_ID, MBR_TYP_CD, ACTV_FRM_DT, ACTV_TO_DT, LAST_UPDT_DT) values ('1342', 1, '1492C40EE94B4DABB8B0AFEFBB6A9F21', '1109', '10000000051', 'P', null, null, to_date('2009-10-07 15:26:10','YYYY-MM-DD HH24:MI:SS'));
insert into KRIM_ROLE_MBR_T (ROLE_MBR_ID, VER_NBR, OBJ_ID, ROLE_ID, MBR_ID, MBR_TYP_CD, ACTV_FRM_DT, ACTV_TO_DT, LAST_UPDT_DT) values ('1343', 1, '5C45E441CC8C47B19FA10C4DAC650A1A', '1109', '10000000052', 'P', null, null, to_date('2009-10-07 15:26:10','YYYY-MM-DD HH24:MI:SS'));
insert into KRIM_ROLE_MBR_T (ROLE_MBR_ID, VER_NBR, OBJ_ID, ROLE_ID, MBR_ID, MBR_TYP_CD, ACTV_FRM_DT, ACTV_TO_DT, LAST_UPDT_DT) values ('1344', 1, '454D2E239D024BFBAECAE221737EDDF9', '1109', '10000000053', 'P', null, null, to_date('2009-10-07 15:26:10','YYYY-MM-DD HH24:MI:SS'));
insert into KRIM_ROLE_MBR_T (ROLE_MBR_ID, VER_NBR, OBJ_ID, ROLE_ID, MBR_ID, MBR_TYP_CD, ACTV_FRM_DT, ACTV_TO_DT, LAST_UPDT_DT) values ('1345', 1, 'ED19C22054C84591992234EE09D35EC6', '1109', '10000000054', 'P', null, null, to_date('2009-10-07 15:26:10','YYYY-MM-DD HH24:MI:SS'));







insert into KRIM_PRNCPL_T (OBJ_ID, VER_NBR, PRNCPL_NM, ENTITY_ID, PRNCPL_PSWD, ACTV_IND, LAST_UPDT_DT, PRNCPL_ID) values ('07203A78E996473FB26C349AED6F5EDA', 1, 'cate', '1207', 'fK69ATFsAydwQuteang+xMva+Tc=', 'Y', to_date('2009-10-07 13:23:53','YYYY-MM-DD HH24:MI:SS'), '10000000007');
insert into KRIM_PRNCPL_T (OBJ_ID, VER_NBR, PRNCPL_NM, ENTITY_ID, PRNCPL_PSWD, ACTV_IND, LAST_UPDT_DT, PRNCPL_ID) values ('1A382F71CCAB4BF1AF5D24EBFD67E0BC', 1, 'houlihan', '1208', 'fK69ATFsAydwQuteang+xMva+Tc=', 'Y', to_date('2009-10-07 13:23:53','YYYY-MM-DD HH24:MI:SS'), '10000000008');
insert into KRIM_PRNCPL_T (OBJ_ID, VER_NBR, PRNCPL_NM, ENTITY_ID, PRNCPL_PSWD, ACTV_IND, LAST_UPDT_DT, PRNCPL_ID) values ('4AC6ACB3C4A84F5E8F4E51ABD6766EF7', 1, 'rbpaulin', '1209', 'fK69ATFsAydwQuteang+xMva+Tc=', 'Y', to_date('2009-10-07 13:23:53','YYYY-MM-DD HH24:MI:SS'), '10000000009');
insert into KRIM_PRNCPL_T (OBJ_ID, VER_NBR, PRNCPL_NM, ENTITY_ID, PRNCPL_PSWD, ACTV_IND, LAST_UPDT_DT, PRNCPL_ID) values ('43DE84156AF84144957C166141B366AD', 1, 'donugent', '1210', 'fK69ATFsAydwQuteang+xMva+Tc=', 'Y', to_date('2009-10-07 13:23:53','YYYY-MM-DD HH24:MI:SS'), '10000000010');
insert into KRIM_PRNCPL_T (OBJ_ID, VER_NBR, PRNCPL_NM, ENTITY_ID, PRNCPL_PSWD, ACTV_IND, LAST_UPDT_DT, PRNCPL_ID) values ('AF6097148096469C9BDF5BCBF9F30B7E', 1, 'mbshorte', '1211', 'fK69ATFsAydwQuteang+xMva+Tc=', 'Y', to_date('2009-10-07 13:23:53','YYYY-MM-DD HH24:MI:SS'), '10000000011');
insert into KRIM_PRNCPL_T (OBJ_ID, VER_NBR, PRNCPL_NM, ENTITY_ID, PRNCPL_PSWD, ACTV_IND, LAST_UPDT_DT, PRNCPL_ID) values ('87101C9FA53D47A588EFA86E5108EF88', 1, 'underwoo', '1212', 'fK69ATFsAydwQuteang+xMva+Tc=', 'Y', to_date('2009-10-07 13:23:53','YYYY-MM-DD HH24:MI:SS'), '10000000012');
insert into KRIM_PRNCPL_T (OBJ_ID, VER_NBR, PRNCPL_NM, ENTITY_ID, PRNCPL_PSWD, ACTV_IND, LAST_UPDT_DT, PRNCPL_ID) values ('FC2D946C23604050B91A6AED069A7377', 1, 'hweubank', '1213', 'fK69ATFsAydwQuteang+xMva+Tc=', 'Y', to_date('2009-10-07 13:23:53','YYYY-MM-DD HH24:MI:SS'), '10000000013');
insert into KRIM_PRNCPL_T (OBJ_ID, VER_NBR, PRNCPL_NM, ENTITY_ID, PRNCPL_PSWD, ACTV_IND, LAST_UPDT_DT, PRNCPL_ID) values ('28043DCEC980482CBF8C1070C07CED10', 1, 'lvbarger', '1214', 'fK69ATFsAydwQuteang+xMva+Tc=', 'Y', to_date('2009-10-07 13:23:53','YYYY-MM-DD HH24:MI:SS'), '10000000014');
insert into KRIM_PRNCPL_T (OBJ_ID, VER_NBR, PRNCPL_NM, ENTITY_ID, PRNCPL_PSWD, ACTV_IND, LAST_UPDT_DT, PRNCPL_ID) values ('DD5C56C2D6BD4862BC9D0FC03FA49C6C', 1, 'jckahler', '1215', 'fK69ATFsAydwQuteang+xMva+Tc=', 'Y', to_date('2009-10-07 13:23:53','YYYY-MM-DD HH24:MI:SS'), '10000000015');
insert into KRIM_PRNCPL_T (OBJ_ID, VER_NBR, PRNCPL_NM, ENTITY_ID, PRNCPL_PSWD, ACTV_IND, LAST_UPDT_DT, PRNCPL_ID) values ('63A2D567A0324B1BBCDD0EC4325D0724', 1, 'byler', '1216', 'fK69ATFsAydwQuteang+xMva+Tc=', 'Y', to_date('2009-10-07 13:23:53','YYYY-MM-DD HH24:MI:SS'), '10000000016');
insert into KRIM_PRNCPL_T (OBJ_ID, VER_NBR, PRNCPL_NM, ENTITY_ID, PRNCPL_PSWD, ACTV_IND, LAST_UPDT_DT, PRNCPL_ID) values ('9454D2E0D71E4CAC8057A713A012ACBB', 1, 'aemcafee', '1217', 'fK69ATFsAydwQuteang+xMva+Tc=', 'Y', to_date('2009-10-07 13:23:53','YYYY-MM-DD HH24:MI:SS'), '10000000017');
insert into KRIM_PRNCPL_T (OBJ_ID, VER_NBR, PRNCPL_NM, ENTITY_ID, PRNCPL_PSWD, ACTV_IND, LAST_UPDT_DT, PRNCPL_ID) values ('B632C6413AAE46B8AAE255654820325C', 1, 'westfall', '1218', 'fK69ATFsAydwQuteang+xMva+Tc=', 'Y', to_date('2009-10-07 13:23:53','YYYY-MM-DD HH24:MI:SS'), '10000000018');
insert into KRIM_PRNCPL_T (OBJ_ID, VER_NBR, PRNCPL_NM, ENTITY_ID, PRNCPL_PSWD, ACTV_IND, LAST_UPDT_DT, PRNCPL_ID) values ('C19AD543F1044C7F86F58CE12EF09536', 1, 'bbshankl', '1219', 'fK69ATFsAydwQuteang+xMva+Tc=', 'Y', to_date('2009-10-07 13:23:53','YYYY-MM-DD HH24:MI:SS'), '10000000019');
insert into KRIM_PRNCPL_T (OBJ_ID, VER_NBR, PRNCPL_NM, ENTITY_ID, PRNCPL_PSWD, ACTV_IND, LAST_UPDT_DT, PRNCPL_ID) values ('FFCC34DDA8D3494798F3CE0C53AE971B', 1, 'ferland', '1220', 'fK69ATFsAydwQuteang+xMva+Tc=', 'Y', to_date('2009-10-07 13:23:53','YYYY-MM-DD HH24:MI:SS'), '10000000020');
insert into KRIM_PRNCPL_T (OBJ_ID, VER_NBR, PRNCPL_NM, ENTITY_ID, PRNCPL_PSWD, ACTV_IND, LAST_UPDT_DT, PRNCPL_ID) values ('5936C559C40B46F39E9DFE6027B4BB5C', 1, 'khcrabtr', '1221', 'fK69ATFsAydwQuteang+xMva+Tc=', 'Y', to_date('2009-10-07 13:23:53','YYYY-MM-DD HH24:MI:SS'), '10000000021');
insert into KRIM_PRNCPL_T (OBJ_ID, VER_NBR, PRNCPL_NM, ENTITY_ID, PRNCPL_PSWD, ACTV_IND, LAST_UPDT_DT, PRNCPL_ID) values ('ED083BF160474FB39666A80F36846575', 1, 'felker', '1222', 'fK69ATFsAydwQuteang+xMva+Tc=', 'Y', to_date('2009-10-07 13:23:53','YYYY-MM-DD HH24:MI:SS'), '10000000022');
insert into KRIM_PRNCPL_T (OBJ_ID, VER_NBR, PRNCPL_NM, ENTITY_ID, PRNCPL_PSWD, ACTV_IND, LAST_UPDT_DT, PRNCPL_ID) values ('619177AFADA5482DA084CC1E8ABC7764', 1, 'martin', '1223', 'fK69ATFsAydwQuteang+xMva+Tc=', 'Y', to_date('2009-10-07 13:23:53','YYYY-MM-DD HH24:MI:SS'), '10000000023');
insert into KRIM_PRNCPL_T (OBJ_ID, VER_NBR, PRNCPL_NM, ENTITY_ID, PRNCPL_PSWD, ACTV_IND, LAST_UPDT_DT, PRNCPL_ID) values ('64B542B23C594D409DF07D7872A5A7A7', 1, 'sterner', '1224', 'fK69ATFsAydwQuteang+xMva+Tc=', 'Y', to_date('2009-10-07 13:23:53','YYYY-MM-DD HH24:MI:SS'), '10000000024');
insert into KRIM_PRNCPL_T (OBJ_ID, VER_NBR, PRNCPL_NM, ENTITY_ID, PRNCPL_PSWD, ACTV_IND, LAST_UPDT_DT, PRNCPL_ID) values ('683EFDC0536348D08B8AAA8C8D9500A7', 1, 'chbayles', '1225', 'fK69ATFsAydwQuteang+xMva+Tc=', 'Y', to_date('2009-10-07 13:23:53','YYYY-MM-DD HH24:MI:SS'), '10000000025');
insert into KRIM_PRNCPL_T (OBJ_ID, VER_NBR, PRNCPL_NM, ENTITY_ID, PRNCPL_PSWD, ACTV_IND, LAST_UPDT_DT, PRNCPL_ID) values ('8D85C4BC33DF49699D919062C679E5CB', 1, 'tmkato', '1226', 'fK69ATFsAydwQuteang+xMva+Tc=', 'Y', to_date('2009-10-07 13:23:53','YYYY-MM-DD HH24:MI:SS'), '10000000026');
insert into KRIM_PRNCPL_T (OBJ_ID, VER_NBR, PRNCPL_NM, ENTITY_ID, PRNCPL_PSWD, ACTV_IND, LAST_UPDT_DT, PRNCPL_ID) values ('A20EF4192F82429693219B70AED46FC0', 1, 'cphovis', '1227', 'fK69ATFsAydwQuteang+xMva+Tc=', 'Y', to_date('2009-10-07 13:23:53','YYYY-MM-DD HH24:MI:SS'), '10000000027');
insert into KRIM_PRNCPL_T (OBJ_ID, VER_NBR, PRNCPL_NM, ENTITY_ID, PRNCPL_PSWD, ACTV_IND, LAST_UPDT_DT, PRNCPL_ID) values ('F4FDB068324C4017B94378BB1FACA418', 1, 'rnmcinty', '1228', 'fK69ATFsAydwQuteang+xMva+Tc=', 'Y', to_date('2009-10-07 13:23:53','YYYY-MM-DD HH24:MI:SS'), '10000000028');
insert into KRIM_PRNCPL_T (OBJ_ID, VER_NBR, PRNCPL_NM, ENTITY_ID, PRNCPL_PSWD, ACTV_IND, LAST_UPDT_DT, PRNCPL_ID) values ('3E821ADB6B3B4E5A8E5F3C9DDEBCABE1', 1, 'eagle', '1229', 'fK69ATFsAydwQuteang+xMva+Tc=', 'Y', to_date('2009-10-07 13:23:53','YYYY-MM-DD HH24:MI:SS'), '10000000029');
insert into KRIM_PRNCPL_T (OBJ_ID, VER_NBR, PRNCPL_NM, ENTITY_ID, PRNCPL_PSWD, ACTV_IND, LAST_UPDT_DT, PRNCPL_ID) values ('53A9A8A7A7D54D82BC806C2465DD303B', 1, 'mjpond', '1230', 'fK69ATFsAydwQuteang+xMva+Tc=', 'Y', to_date('2009-10-07 13:23:53','YYYY-MM-DD HH24:MI:SS'), '10000000030');
insert into KRIM_PRNCPL_T (OBJ_ID, VER_NBR, PRNCPL_NM, ENTITY_ID, PRNCPL_PSWD, ACTV_IND, LAST_UPDT_DT, PRNCPL_ID) values ('1C655562782448A5A8F77182DAFD9DF1', 1, 'flaherty', '1231', 'fK69ATFsAydwQuteang+xMva+Tc=', 'Y', to_date('2009-10-07 13:23:53','YYYY-MM-DD HH24:MI:SS'), '10000000031');
insert into KRIM_PRNCPL_T (OBJ_ID, VER_NBR, PRNCPL_NM, ENTITY_ID, PRNCPL_PSWD, ACTV_IND, LAST_UPDT_DT, PRNCPL_ID) values ('DF8B9D5BB7B24F90A0A3A13B4B59A718', 1, 'mukoss', '1232', 'fK69ATFsAydwQuteang+xMva+Tc=', 'Y', to_date('2009-10-07 13:23:53','YYYY-MM-DD HH24:MI:SS'), '10000000032');
insert into KRIM_PRNCPL_T (OBJ_ID, VER_NBR, PRNCPL_NM, ENTITY_ID, PRNCPL_PSWD, ACTV_IND, LAST_UPDT_DT, PRNCPL_ID) values ('4E0C766400AB432B84516C267F41186C', 1, 'mceacher', '1233', 'fK69ATFsAydwQuteang+xMva+Tc=', 'Y', to_date('2009-10-07 13:23:53','YYYY-MM-DD HH24:MI:SS'), '10000000033');
insert into KRIM_PRNCPL_T (OBJ_ID, VER_NBR, PRNCPL_NM, ENTITY_ID, PRNCPL_PSWD, ACTV_IND, LAST_UPDT_DT, PRNCPL_ID) values ('38BA68FD4D0E4AC39E8B7642AB11EAD1', 1, 'wacuna', '1234', 'fK69ATFsAydwQuteang+xMva+Tc=', 'Y', to_date('2009-10-07 13:23:53','YYYY-MM-DD HH24:MI:SS'), '10000000034');
insert into KRIM_PRNCPL_T (OBJ_ID, VER_NBR, PRNCPL_NM, ENTITY_ID, PRNCPL_PSWD, ACTV_IND, LAST_UPDT_DT, PRNCPL_ID) values ('B34CAB8B1E33498C8DB18812DD2EC2AD', 1, 'schulte', '1235', 'fK69ATFsAydwQuteang+xMva+Tc=', 'Y', to_date('2009-10-07 13:23:53','YYYY-MM-DD HH24:MI:SS'), '10000000035');
insert into KRIM_PRNCPL_T (OBJ_ID, VER_NBR, PRNCPL_NM, ENTITY_ID, PRNCPL_PSWD, ACTV_IND, LAST_UPDT_DT, PRNCPL_ID) values ('7282512234DE42F7AE15CC24C3096F19', 1, 'odevries', '1236', 'fK69ATFsAydwQuteang+xMva+Tc=', 'Y', to_date('2009-10-07 13:23:53','YYYY-MM-DD HH24:MI:SS'), '10000000036');
insert into KRIM_PRNCPL_T (OBJ_ID, VER_NBR, PRNCPL_NM, ENTITY_ID, PRNCPL_PSWD, ACTV_IND, LAST_UPDT_DT, PRNCPL_ID) values ('DF518032101846639BF9CEF26D73846E', 1, 'dxdevane', '1237', 'fK69ATFsAydwQuteang+xMva+Tc=', 'Y', to_date('2009-10-07 13:23:53','YYYY-MM-DD HH24:MI:SS'), '10000000037');
insert into KRIM_PRNCPL_T (OBJ_ID, VER_NBR, PRNCPL_NM, ENTITY_ID, PRNCPL_PSWD, ACTV_IND, LAST_UPDT_DT, PRNCPL_ID) values ('8988DA304BD2457DABB6FF7FFF3A010E', 1, 'psmock', '1238', 'fK69ATFsAydwQuteang+xMva+Tc=', 'Y', to_date('2009-10-07 13:23:53','YYYY-MM-DD HH24:MI:SS'), '10000000038');
insert into KRIM_PRNCPL_T (OBJ_ID, VER_NBR, PRNCPL_NM, ENTITY_ID, PRNCPL_PSWD, ACTV_IND, LAST_UPDT_DT, PRNCPL_ID) values ('4C61FA89EE69415484687E2B8515953C', 1, 'lvclinks', '1239', 'fK69ATFsAydwQuteang+xMva+Tc=', 'Y', to_date('2009-10-07 13:23:53','YYYY-MM-DD HH24:MI:SS'), '10000000039');
insert into KRIM_PRNCPL_T (OBJ_ID, VER_NBR, PRNCPL_NM, ENTITY_ID, PRNCPL_PSWD, ACTV_IND, LAST_UPDT_DT, PRNCPL_ID) values ('905FF02BFBF84232A6F54652E0AE4164', 1, 'brunelle', '1240', 'fK69ATFsAydwQuteang+xMva+Tc=', 'Y', to_date('2009-10-07 13:23:53','YYYY-MM-DD HH24:MI:SS'), '10000000040');
insert into KRIM_PRNCPL_T (OBJ_ID, VER_NBR, PRNCPL_NM, ENTITY_ID, PRNCPL_PSWD, ACTV_IND, LAST_UPDT_DT, PRNCPL_ID) values ('B371B865B1714996A4D6249B673D8AA7', 1, 'cbernal', '1241', 'fK69ATFsAydwQuteang+xMva+Tc=', 'Y', to_date('2009-10-07 13:23:53','YYYY-MM-DD HH24:MI:SS'), '10000000041');
insert into KRIM_PRNCPL_T (OBJ_ID, VER_NBR, PRNCPL_NM, ENTITY_ID, PRNCPL_PSWD, ACTV_IND, LAST_UPDT_DT, PRNCPL_ID) values ('C5801943429F4C4F92A5D90CFAC33FDE', 1, 'borst', '1242', 'fK69ATFsAydwQuteang+xMva+Tc=', 'Y', to_date('2009-10-07 13:23:53','YYYY-MM-DD HH24:MI:SS'), '10000000042');
insert into KRIM_PRNCPL_T (OBJ_ID, VER_NBR, PRNCPL_NM, ENTITY_ID, PRNCPL_PSWD, ACTV_IND, LAST_UPDT_DT, PRNCPL_ID) values ('7099D1D98E244DC9A5000027EDB1CEA9', 1, 'wsoileau', '1243', 'fK69ATFsAydwQuteang+xMva+Tc=', 'Y', to_date('2009-10-07 13:23:53','YYYY-MM-DD HH24:MI:SS'), '10000000043');


insert into KRIM_ROLE_MBR_T (ROLE_MBR_ID, VER_NBR, OBJ_ID, ROLE_ID, MBR_ID, MBR_TYP_CD, ACTV_FRM_DT, ACTV_TO_DT, LAST_UPDT_DT) values ('1517', 1, 'E33A0449787E4F179FABAD80F695B5F6', '1114', '10000000007', 'P', null, null, to_date('2009-10-07 15:41:46','YYYY-MM-DD HH24:MI:SS'));
insert into KRIM_ROLE_MBR_T (ROLE_MBR_ID, VER_NBR, OBJ_ID, ROLE_ID, MBR_ID, MBR_TYP_CD, ACTV_FRM_DT, ACTV_TO_DT, LAST_UPDT_DT) values ('1298', 1, '75D8907D00BC40C987D72D19C359E6C4', '1109', '10000000007', 'P', null, null, to_date('2009-10-07 15:26:10','YYYY-MM-DD HH24:MI:SS'));
insert into KRIM_ROLE_MBR_T (ROLE_MBR_ID, VER_NBR, OBJ_ID, ROLE_ID, MBR_ID, MBR_TYP_CD, ACTV_FRM_DT, ACTV_TO_DT, LAST_UPDT_DT) values ('1299', 1, '4E886C36DAF14F2F972B42E18BEA89A7', '1109', '10000000008', 'P', null, null, to_date('2009-10-07 15:26:10','YYYY-MM-DD HH24:MI:SS'));
insert into KRIM_ROLE_MBR_T (ROLE_MBR_ID, VER_NBR, OBJ_ID, ROLE_ID, MBR_ID, MBR_TYP_CD, ACTV_FRM_DT, ACTV_TO_DT, LAST_UPDT_DT) values ('1300', 1, 'F11E9A41618548B4ADB44ED50AB861E3', '1109', '10000000009', 'P', null, null, to_date('2009-10-07 15:26:10','YYYY-MM-DD HH24:MI:SS'));
insert into KRIM_ROLE_MBR_T (ROLE_MBR_ID, VER_NBR, OBJ_ID, ROLE_ID, MBR_ID, MBR_TYP_CD, ACTV_FRM_DT, ACTV_TO_DT, LAST_UPDT_DT) values ('1301', 1, '9415B3EF2CDB4600AAAE426D81FE75D3', '1109', '10000000010', 'P', null, null, to_date('2009-10-07 15:26:10','YYYY-MM-DD HH24:MI:SS'));
insert into KRIM_ROLE_MBR_T (ROLE_MBR_ID, VER_NBR, OBJ_ID, ROLE_ID, MBR_ID, MBR_TYP_CD, ACTV_FRM_DT, ACTV_TO_DT, LAST_UPDT_DT) values ('1302', 1, 'C4815D155897497B890305D14FFC6DDA', '1109', '10000000011', 'P', null, null, to_date('2009-10-07 15:26:10','YYYY-MM-DD HH24:MI:SS'));
insert into KRIM_ROLE_MBR_T (ROLE_MBR_ID, VER_NBR, OBJ_ID, ROLE_ID, MBR_ID, MBR_TYP_CD, ACTV_FRM_DT, ACTV_TO_DT, LAST_UPDT_DT) values ('1303', 1, 'AAF92ED5D94447D4929B5720A77F97D4', '1109', '10000000012', 'P', null, null, to_date('2009-10-07 15:26:10','YYYY-MM-DD HH24:MI:SS'));
insert into KRIM_ROLE_MBR_T (ROLE_MBR_ID, VER_NBR, OBJ_ID, ROLE_ID, MBR_ID, MBR_TYP_CD, ACTV_FRM_DT, ACTV_TO_DT, LAST_UPDT_DT) values ('1304', 1, '96CEB5B6C7D84C75B6E85FBAE4EE90A9', '1109', '10000000013', 'P', null, null, to_date('2009-10-07 15:26:10','YYYY-MM-DD HH24:MI:SS'));
insert into KRIM_ROLE_MBR_T (ROLE_MBR_ID, VER_NBR, OBJ_ID, ROLE_ID, MBR_ID, MBR_TYP_CD, ACTV_FRM_DT, ACTV_TO_DT, LAST_UPDT_DT) values ('1305', 1, 'FBC1906C0B764FBA85D98C2D2BFD9752', '1109', '10000000014', 'P', null, null, to_date('2009-10-07 15:26:10','YYYY-MM-DD HH24:MI:SS'));
insert into KRIM_ROLE_MBR_T (ROLE_MBR_ID, VER_NBR, OBJ_ID, ROLE_ID, MBR_ID, MBR_TYP_CD, ACTV_FRM_DT, ACTV_TO_DT, LAST_UPDT_DT) values ('1306', 1, '6860B2EFA2CD4199BEC30BEFF4344F92', '1109', '10000000015', 'P', null, null, to_date('2009-10-07 15:26:10','YYYY-MM-DD HH24:MI:SS'));
insert into KRIM_ROLE_MBR_T (ROLE_MBR_ID, VER_NBR, OBJ_ID, ROLE_ID, MBR_ID, MBR_TYP_CD, ACTV_FRM_DT, ACTV_TO_DT, LAST_UPDT_DT) values ('1307', 1, 'E6CAB8EAE8734E78A71A649919E579B5', '1109', '10000000016', 'P', null, null, to_date('2009-10-07 15:26:10','YYYY-MM-DD HH24:MI:SS'));
insert into KRIM_ROLE_MBR_T (ROLE_MBR_ID, VER_NBR, OBJ_ID, ROLE_ID, MBR_ID, MBR_TYP_CD, ACTV_FRM_DT, ACTV_TO_DT, LAST_UPDT_DT) values ('1308', 1, '618FFB5FF6304CA8842FC91092315B4C', '1109', '10000000017', 'P', null, null, to_date('2009-10-07 15:26:10','YYYY-MM-DD HH24:MI:SS'));
insert into KRIM_ROLE_MBR_T (ROLE_MBR_ID, VER_NBR, OBJ_ID, ROLE_ID, MBR_ID, MBR_TYP_CD, ACTV_FRM_DT, ACTV_TO_DT, LAST_UPDT_DT) values ('1309', 1, 'DEC086B399944E928250BF91DAB329CA', '1109', '10000000018', 'P', null, null, to_date('2009-10-07 15:26:10','YYYY-MM-DD HH24:MI:SS'));
insert into KRIM_ROLE_MBR_T (ROLE_MBR_ID, VER_NBR, OBJ_ID, ROLE_ID, MBR_ID, MBR_TYP_CD, ACTV_FRM_DT, ACTV_TO_DT, LAST_UPDT_DT) values ('1310', 1, 'FFD792E36D564F6A9A5E78CF94BE446D', '1109', '10000000019', 'P', null, null, to_date('2009-10-07 15:26:10','YYYY-MM-DD HH24:MI:SS'));
insert into KRIM_ROLE_MBR_T (ROLE_MBR_ID, VER_NBR, OBJ_ID, ROLE_ID, MBR_ID, MBR_TYP_CD, ACTV_FRM_DT, ACTV_TO_DT, LAST_UPDT_DT) values ('1311', 1, 'EDAC773867CA4584BB0602A449441AA4', '1109', '10000000020', 'P', null, null, to_date('2009-10-07 15:26:10','YYYY-MM-DD HH24:MI:SS'));
insert into KRIM_ROLE_MBR_T (ROLE_MBR_ID, VER_NBR, OBJ_ID, ROLE_ID, MBR_ID, MBR_TYP_CD, ACTV_FRM_DT, ACTV_TO_DT, LAST_UPDT_DT) values ('1312', 1, '798B3FE1246B4F5786F1FF1976DE9F62', '1109', '10000000021', 'P', null, null, to_date('2009-10-07 15:26:10','YYYY-MM-DD HH24:MI:SS'));
insert into KRIM_ROLE_MBR_T (ROLE_MBR_ID, VER_NBR, OBJ_ID, ROLE_ID, MBR_ID, MBR_TYP_CD, ACTV_FRM_DT, ACTV_TO_DT, LAST_UPDT_DT) values ('1313', 1, '242A1EB8B908404886D3103A26819AD1', '1109', '10000000022', 'P', null, null, to_date('2009-10-07 15:26:10','YYYY-MM-DD HH24:MI:SS'));
insert into KRIM_ROLE_MBR_T (ROLE_MBR_ID, VER_NBR, OBJ_ID, ROLE_ID, MBR_ID, MBR_TYP_CD, ACTV_FRM_DT, ACTV_TO_DT, LAST_UPDT_DT) values ('1314', 1, '38AE817D6D6E4582B4A7EE20F4ABF5DB', '1109', '10000000023', 'P', null, null, to_date('2009-10-07 15:26:10','YYYY-MM-DD HH24:MI:SS'));
insert into KRIM_ROLE_MBR_T (ROLE_MBR_ID, VER_NBR, OBJ_ID, ROLE_ID, MBR_ID, MBR_TYP_CD, ACTV_FRM_DT, ACTV_TO_DT, LAST_UPDT_DT) values ('1315', 1, '5E824900CB7E4D9B854452A8739236A0', '1109', '10000000024', 'P', null, null, to_date('2009-10-07 15:26:10','YYYY-MM-DD HH24:MI:SS'));
insert into KRIM_ROLE_MBR_T (ROLE_MBR_ID, VER_NBR, OBJ_ID, ROLE_ID, MBR_ID, MBR_TYP_CD, ACTV_FRM_DT, ACTV_TO_DT, LAST_UPDT_DT) values ('1316', 1, 'A4493079821248F9A670457886B9998E', '1109', '10000000025', 'P', null, null, to_date('2009-10-07 15:26:10','YYYY-MM-DD HH24:MI:SS'));
insert into KRIM_ROLE_MBR_T (ROLE_MBR_ID, VER_NBR, OBJ_ID, ROLE_ID, MBR_ID, MBR_TYP_CD, ACTV_FRM_DT, ACTV_TO_DT, LAST_UPDT_DT) values ('1317', 1, '2717D97AF4BE4D969331227DFC6DF13D', '1109', '10000000026', 'P', null, null, to_date('2009-10-07 15:26:10','YYYY-MM-DD HH24:MI:SS'));
insert into KRIM_ROLE_MBR_T (ROLE_MBR_ID, VER_NBR, OBJ_ID, ROLE_ID, MBR_ID, MBR_TYP_CD, ACTV_FRM_DT, ACTV_TO_DT, LAST_UPDT_DT) values ('1318', 1, '98B32336365848C1859BAD85F1ECC06F', '1109', '10000000027', 'P', null, null, to_date('2009-10-07 15:26:10','YYYY-MM-DD HH24:MI:SS'));
insert into KRIM_ROLE_MBR_T (ROLE_MBR_ID, VER_NBR, OBJ_ID, ROLE_ID, MBR_ID, MBR_TYP_CD, ACTV_FRM_DT, ACTV_TO_DT, LAST_UPDT_DT) values ('1319', 1, 'F3DBB1D04A3E43A0BC783F7F6E4AF0E6', '1109', '10000000028', 'P', null, null, to_date('2009-10-07 15:26:10','YYYY-MM-DD HH24:MI:SS'));
insert into KRIM_ROLE_MBR_T (ROLE_MBR_ID, VER_NBR, OBJ_ID, ROLE_ID, MBR_ID, MBR_TYP_CD, ACTV_FRM_DT, ACTV_TO_DT, LAST_UPDT_DT) values ('1320', 1, 'CA2534C8094340E994BCE7B9B5E61698', '1109', '10000000029', 'P', null, null, to_date('2009-10-07 15:26:10','YYYY-MM-DD HH24:MI:SS'));
insert into KRIM_ROLE_MBR_T (ROLE_MBR_ID, VER_NBR, OBJ_ID, ROLE_ID, MBR_ID, MBR_TYP_CD, ACTV_FRM_DT, ACTV_TO_DT, LAST_UPDT_DT) values ('1321', 1, '07252B74F68E4D24910DDD5016FE3D50', '1109', '10000000030', 'P', null, null, to_date('2009-10-07 15:26:10','YYYY-MM-DD HH24:MI:SS'));
insert into KRIM_ROLE_MBR_T (ROLE_MBR_ID, VER_NBR, OBJ_ID, ROLE_ID, MBR_ID, MBR_TYP_CD, ACTV_FRM_DT, ACTV_TO_DT, LAST_UPDT_DT) values ('1322', 1, '65A36B90BCAA40F4A6ECC09C14E4FEE6', '1109', '10000000031', 'P', null, null, to_date('2009-10-07 15:26:10','YYYY-MM-DD HH24:MI:SS'));
insert into KRIM_ROLE_MBR_T (ROLE_MBR_ID, VER_NBR, OBJ_ID, ROLE_ID, MBR_ID, MBR_TYP_CD, ACTV_FRM_DT, ACTV_TO_DT, LAST_UPDT_DT) values ('1323', 1, '62788DDB113643C8865CFFAFE7FA7480', '1109', '10000000032', 'P', null, null, to_date('2009-10-07 15:26:10','YYYY-MM-DD HH24:MI:SS'));
insert into KRIM_ROLE_MBR_T (ROLE_MBR_ID, VER_NBR, OBJ_ID, ROLE_ID, MBR_ID, MBR_TYP_CD, ACTV_FRM_DT, ACTV_TO_DT, LAST_UPDT_DT) values ('1324', 1, '68EC27B57EB745138D4EFE73471AE492', '1109', '10000000033', 'P', null, null, to_date('2009-10-07 15:26:10','YYYY-MM-DD HH24:MI:SS'));
insert into KRIM_ROLE_MBR_T (ROLE_MBR_ID, VER_NBR, OBJ_ID, ROLE_ID, MBR_ID, MBR_TYP_CD, ACTV_FRM_DT, ACTV_TO_DT, LAST_UPDT_DT) values ('1325', 1, '54A5546865D141FC9BE3ACA651E8D2A1', '1109', '10000000034', 'P', null, null, to_date('2009-10-07 15:26:10','YYYY-MM-DD HH24:MI:SS'));
insert into KRIM_ROLE_MBR_T (ROLE_MBR_ID, VER_NBR, OBJ_ID, ROLE_ID, MBR_ID, MBR_TYP_CD, ACTV_FRM_DT, ACTV_TO_DT, LAST_UPDT_DT) values ('1326', 1, '1A6D1646451E4569B9C31B29D0A4A278', '1109', '10000000035', 'P', null, null, to_date('2009-10-07 15:26:10','YYYY-MM-DD HH24:MI:SS'));
insert into KRIM_ROLE_MBR_T (ROLE_MBR_ID, VER_NBR, OBJ_ID, ROLE_ID, MBR_ID, MBR_TYP_CD, ACTV_FRM_DT, ACTV_TO_DT, LAST_UPDT_DT) values ('1327', 1, '1044CB1F295540E3AF59BC36BADFB05E', '1109', '10000000036', 'P', null, null, to_date('2009-10-07 15:26:10','YYYY-MM-DD HH24:MI:SS'));
insert into KRIM_ROLE_MBR_T (ROLE_MBR_ID, VER_NBR, OBJ_ID, ROLE_ID, MBR_ID, MBR_TYP_CD, ACTV_FRM_DT, ACTV_TO_DT, LAST_UPDT_DT) values ('1328', 1, '0DB7AE0440F74854BD86AC3CE8847A85', '1109', '10000000037', 'P', null, null, to_date('2009-10-07 15:26:10','YYYY-MM-DD HH24:MI:SS'));
insert into KRIM_ROLE_MBR_T (ROLE_MBR_ID, VER_NBR, OBJ_ID, ROLE_ID, MBR_ID, MBR_TYP_CD, ACTV_FRM_DT, ACTV_TO_DT, LAST_UPDT_DT) values ('1329', 1, '41E79F5C1ACF4E5CA879F407079A8370', '1109', '10000000038', 'P', null, null, to_date('2009-10-07 15:26:10','YYYY-MM-DD HH24:MI:SS'));
insert into KRIM_ROLE_MBR_T (ROLE_MBR_ID, VER_NBR, OBJ_ID, ROLE_ID, MBR_ID, MBR_TYP_CD, ACTV_FRM_DT, ACTV_TO_DT, LAST_UPDT_DT) values ('1330', 1, '177C43B0D28E4C7FB9881E2BFB22571F', '1109', '10000000039', 'P', null, null, to_date('2009-10-07 15:26:10','YYYY-MM-DD HH24:MI:SS'));

insert into KRIM_ROLE_MBR_T (ROLE_MBR_ID, VER_NBR, OBJ_ID, ROLE_ID, MBR_ID, MBR_TYP_CD, ACTV_FRM_DT, ACTV_TO_DT, LAST_UPDT_DT) values ('1331', 1, '7AF03C47C4484E82B31027BF319C8C9C', '1109', '10000000040', 'P', null, null, to_date('2009-10-07 15:26:10','YYYY-MM-DD HH24:MI:SS'));
insert into KRIM_ROLE_MBR_T (ROLE_MBR_ID, VER_NBR, OBJ_ID, ROLE_ID, MBR_ID, MBR_TYP_CD, ACTV_FRM_DT, ACTV_TO_DT, LAST_UPDT_DT) values ('1332', 1, 'B689870B65934B3998F27041C1648E6F', '1109', '10000000041', 'P', null, null, to_date('2009-10-07 15:26:10','YYYY-MM-DD HH24:MI:SS'));
insert into KRIM_ROLE_MBR_T (ROLE_MBR_ID, VER_NBR, OBJ_ID, ROLE_ID, MBR_ID, MBR_TYP_CD, ACTV_FRM_DT, ACTV_TO_DT, LAST_UPDT_DT) values ('1333', 1, '6FEBEAAC1B52437DA399E030CA178654', '1109', '10000000042', 'P', null, null, to_date('2009-10-07 15:26:10','YYYY-MM-DD HH24:MI:SS'));
insert into KRIM_ROLE_MBR_T (ROLE_MBR_ID, VER_NBR, OBJ_ID, ROLE_ID, MBR_ID, MBR_TYP_CD, ACTV_FRM_DT, ACTV_TO_DT, LAST_UPDT_DT) values ('1334', 1, 'D7164418E6D54DD693A427DED61B9007', '1109', '10000000043', 'P', null, null, to_date('2009-10-07 15:26:10','YYYY-MM-DD HH24:MI:SS'));
insert into KRIM_ROLE_MBR_T (ROLE_MBR_ID, VER_NBR, OBJ_ID, ROLE_ID, MBR_ID, MBR_TYP_CD, ACTV_FRM_DT, ACTV_TO_DT, LAST_UPDT_DT) values ('1290', 1, 'DBBEF76263A24CB190721D0754E18CEA', '1107', '10000000035', 'P', null, null, to_date('2009-10-07 15:26:09','YYYY-MM-DD HH24:MI:SS'));
insert into KRIM_ROLE_MBR_T (ROLE_MBR_ID, VER_NBR, OBJ_ID, ROLE_ID, MBR_ID, MBR_TYP_CD, ACTV_FRM_DT, ACTV_TO_DT, LAST_UPDT_DT) values ('1291', 1, '984DAA1C7AFA4ED2A3AF266ECA1FA156', '1108', '10000000035', 'P', null, null, to_date('2009-10-07 15:26:09','YYYY-MM-DD HH24:MI:SS'));
insert into KRIM_ROLE_MBR_T (ROLE_MBR_ID, VER_NBR, OBJ_ID, ROLE_ID, MBR_ID, MBR_TYP_CD, ACTV_FRM_DT, ACTV_TO_DT, LAST_UPDT_DT) values ('1572', 1, 'DDB1502F52854FA4824042A4248B7DEB', '1114', '10000000007', 'P', null, null, to_date('2009-11-01 19:41:44','YYYY-MM-DD HH24:MI:SS'));

insert into KRIM_GRP_MBR_T (GRP_MBR_ID, VER_NBR, OBJ_ID, GRP_ID, MBR_ID, MBR_TYP_CD, ACTV_FRM_DT, ACTV_TO_DT, LAST_UPDT_DT) values ('1217', 1, '371544DFAAC24F77A40DEF29CAC852E3', '1000004', '10000000007', 'P', null, null, to_date('2009-10-07 15:26:09','YYYY-MM-DD HH24:MI:SS'));
insert into KRIM_GRP_MBR_T (GRP_MBR_ID, VER_NBR, OBJ_ID, GRP_ID, MBR_ID, MBR_TYP_CD, ACTV_FRM_DT, ACTV_TO_DT, LAST_UPDT_DT) values ('1218', 1, '4DDBD0F198B44FE498B6D65B6DB0E93E', '1000004', '10000000008', 'P', null, null, to_date('2009-10-07 15:26:09','YYYY-MM-DD HH24:MI:SS'));
insert into KRIM_GRP_MBR_T (GRP_MBR_ID, VER_NBR, OBJ_ID, GRP_ID, MBR_ID, MBR_TYP_CD, ACTV_FRM_DT, ACTV_TO_DT, LAST_UPDT_DT) values ('1219', 1, '19C6C59D364949469A463A9784D49DE2', '1000004', '10000000009', 'P', null, null, to_date('2009-10-07 15:26:09','YYYY-MM-DD HH24:MI:SS'));
insert into KRIM_GRP_MBR_T (GRP_MBR_ID, VER_NBR, OBJ_ID, GRP_ID, MBR_ID, MBR_TYP_CD, ACTV_FRM_DT, ACTV_TO_DT, LAST_UPDT_DT) values ('1220', 1, '2FC1981933C74883AFB631FE4493AEFA', '1000004', '10000000010', 'P', null, null, to_date('2009-10-07 15:26:09','YYYY-MM-DD HH24:MI:SS'));
insert into KRIM_GRP_MBR_T (GRP_MBR_ID, VER_NBR, OBJ_ID, GRP_ID, MBR_ID, MBR_TYP_CD, ACTV_FRM_DT, ACTV_TO_DT, LAST_UPDT_DT) values ('1221', 1, '776031FE69864307B7CC3ACFB1FFEC56', '1000004', '10000000011', 'P', null, null, to_date('2009-10-07 15:26:09','YYYY-MM-DD HH24:MI:SS'));
insert into KRIM_GRP_MBR_T (GRP_MBR_ID, VER_NBR, OBJ_ID, GRP_ID, MBR_ID, MBR_TYP_CD, ACTV_FRM_DT, ACTV_TO_DT, LAST_UPDT_DT) values ('1222', 1, '68B8430676844D95870D06B88669AE45', '1000004', '10000000012', 'P', null, null, to_date('2009-10-07 15:26:09','YYYY-MM-DD HH24:MI:SS'));
insert into KRIM_GRP_MBR_T (GRP_MBR_ID, VER_NBR, OBJ_ID, GRP_ID, MBR_ID, MBR_TYP_CD, ACTV_FRM_DT, ACTV_TO_DT, LAST_UPDT_DT) values ('1223', 1, 'F04E4C0FED0A437FAC9C573181EDF63A', '1000004', '10000000013', 'P', null, null, to_date('2009-10-07 15:26:09','YYYY-MM-DD HH24:MI:SS'));
insert into KRIM_GRP_MBR_T (GRP_MBR_ID, VER_NBR, OBJ_ID, GRP_ID, MBR_ID, MBR_TYP_CD, ACTV_FRM_DT, ACTV_TO_DT, LAST_UPDT_DT) values ('1224', 1, 'D71FC0E96A1B498D8FF615E4BBED1D01', '1000004', '10000000014', 'P', null, null, to_date('2009-10-07 15:26:09','YYYY-MM-DD HH24:MI:SS'));
insert into KRIM_GRP_MBR_T (GRP_MBR_ID, VER_NBR, OBJ_ID, GRP_ID, MBR_ID, MBR_TYP_CD, ACTV_FRM_DT, ACTV_TO_DT, LAST_UPDT_DT) values ('1225', 1, '3F817471392D4131B456D8A18B55B18A', '1000004', '10000000015', 'P', null, null, to_date('2009-10-07 15:26:09','YYYY-MM-DD HH24:MI:SS'));
insert into KRIM_GRP_MBR_T (GRP_MBR_ID, VER_NBR, OBJ_ID, GRP_ID, MBR_ID, MBR_TYP_CD, ACTV_FRM_DT, ACTV_TO_DT, LAST_UPDT_DT) values ('1226', 1, '2B6C87742139432F8758BA8D3676365F', '1000004', '10000000016', 'P', null, null, to_date('2009-10-07 15:26:09','YYYY-MM-DD HH24:MI:SS'));
insert into KRIM_GRP_MBR_T (GRP_MBR_ID, VER_NBR, OBJ_ID, GRP_ID, MBR_ID, MBR_TYP_CD, ACTV_FRM_DT, ACTV_TO_DT, LAST_UPDT_DT) values ('1227', 1, 'E35B133F91AF4861BA62804E77A7CB18', '1000004', '10000000017', 'P', null, null, to_date('2009-10-07 15:26:09','YYYY-MM-DD HH24:MI:SS'));
insert into KRIM_GRP_MBR_T (GRP_MBR_ID, VER_NBR, OBJ_ID, GRP_ID, MBR_ID, MBR_TYP_CD, ACTV_FRM_DT, ACTV_TO_DT, LAST_UPDT_DT) values ('1228', 1, '9E38C4792B9848EF950DBEAC4DECF5DD', '1000004', '10000000018', 'P', null, null, to_date('2009-10-07 15:26:09','YYYY-MM-DD HH24:MI:SS'));
insert into KRIM_GRP_MBR_T (GRP_MBR_ID, VER_NBR, OBJ_ID, GRP_ID, MBR_ID, MBR_TYP_CD, ACTV_FRM_DT, ACTV_TO_DT, LAST_UPDT_DT) values ('1229', 1, '2C9B05ADB25E48F4A5847CA37903434D', '1000004', '10000000019', 'P', null, null, to_date('2009-10-07 15:26:09','YYYY-MM-DD HH24:MI:SS'));
insert into KRIM_GRP_MBR_T (GRP_MBR_ID, VER_NBR, OBJ_ID, GRP_ID, MBR_ID, MBR_TYP_CD, ACTV_FRM_DT, ACTV_TO_DT, LAST_UPDT_DT) values ('1230', 1, '10033962A2B342F289B5D9BE3080EFC7', '1000004', '10000000020', 'P', null, null, to_date('2009-10-07 15:26:09','YYYY-MM-DD HH24:MI:SS'));
insert into KRIM_GRP_MBR_T (GRP_MBR_ID, VER_NBR, OBJ_ID, GRP_ID, MBR_ID, MBR_TYP_CD, ACTV_FRM_DT, ACTV_TO_DT, LAST_UPDT_DT) values ('1231', 1, '6641A2A8D4F84D0C84F52500DEA33C6E', '1000004', '10000000021', 'P', null, null, to_date('2009-10-07 15:26:09','YYYY-MM-DD HH24:MI:SS'));
insert into KRIM_GRP_MBR_T (GRP_MBR_ID, VER_NBR, OBJ_ID, GRP_ID, MBR_ID, MBR_TYP_CD, ACTV_FRM_DT, ACTV_TO_DT, LAST_UPDT_DT) values ('1232', 1, 'EDF11CA8B94A478B8539736ACF0BF0ED', '1000004', '10000000022', 'P', null, null, to_date('2009-10-07 15:26:09','YYYY-MM-DD HH24:MI:SS'));
insert into KRIM_GRP_MBR_T (GRP_MBR_ID, VER_NBR, OBJ_ID, GRP_ID, MBR_ID, MBR_TYP_CD, ACTV_FRM_DT, ACTV_TO_DT, LAST_UPDT_DT) values ('1233', 1, '72820266BF7B4B258E873F5A8E809F4B', '1000004', '10000000023', 'P', null, null, to_date('2009-10-07 15:26:09','YYYY-MM-DD HH24:MI:SS'));
insert into KRIM_GRP_MBR_T (GRP_MBR_ID, VER_NBR, OBJ_ID, GRP_ID, MBR_ID, MBR_TYP_CD, ACTV_FRM_DT, ACTV_TO_DT, LAST_UPDT_DT) values ('1234', 1, '4BDB2B6F55C2452EA300FB03417211F1', '1000004', '10000000024', 'P', null, null, to_date('2009-10-07 15:26:09','YYYY-MM-DD HH24:MI:SS'));
insert into KRIM_GRP_MBR_T (GRP_MBR_ID, VER_NBR, OBJ_ID, GRP_ID, MBR_ID, MBR_TYP_CD, ACTV_FRM_DT, ACTV_TO_DT, LAST_UPDT_DT) values ('1235', 1, '03BD2D8C3D654BBBA405ADC383AA778F', '1000004', '10000000025', 'P', null, null, to_date('2009-10-07 15:26:09','YYYY-MM-DD HH24:MI:SS'));
insert into KRIM_GRP_MBR_T (GRP_MBR_ID, VER_NBR, OBJ_ID, GRP_ID, MBR_ID, MBR_TYP_CD, ACTV_FRM_DT, ACTV_TO_DT, LAST_UPDT_DT) values ('1236', 1, '134620BFAF86459CB85A3F80D1401066', '1000004', '10000000026', 'P', null, null, to_date('2009-10-07 15:26:09','YYYY-MM-DD HH24:MI:SS'));
insert into KRIM_GRP_MBR_T (GRP_MBR_ID, VER_NBR, OBJ_ID, GRP_ID, MBR_ID, MBR_TYP_CD, ACTV_FRM_DT, ACTV_TO_DT, LAST_UPDT_DT) values ('1237', 1, '969674DE97994395BEBAF8A417518FE8', '1000004', '10000000027', 'P', null, null, to_date('2009-10-07 15:26:09','YYYY-MM-DD HH24:MI:SS'));
insert into KRIM_GRP_MBR_T (GRP_MBR_ID, VER_NBR, OBJ_ID, GRP_ID, MBR_ID, MBR_TYP_CD, ACTV_FRM_DT, ACTV_TO_DT, LAST_UPDT_DT) values ('1238', 1, 'BBB30F6C41BE44A78BBC3E9413C66F29', '1000004', '10000000028', 'P', null, null, to_date('2009-10-07 15:26:09','YYYY-MM-DD HH24:MI:SS'));
insert into KRIM_GRP_MBR_T (GRP_MBR_ID, VER_NBR, OBJ_ID, GRP_ID, MBR_ID, MBR_TYP_CD, ACTV_FRM_DT, ACTV_TO_DT, LAST_UPDT_DT) values ('1239', 1, 'BE8994BC98BA4C3D98A13A8A734E2D86', '1000004', '10000000029', 'P', null, null, to_date('2009-10-07 15:26:09','YYYY-MM-DD HH24:MI:SS'));
insert into KRIM_GRP_MBR_T (GRP_MBR_ID, VER_NBR, OBJ_ID, GRP_ID, MBR_ID, MBR_TYP_CD, ACTV_FRM_DT, ACTV_TO_DT, LAST_UPDT_DT) values ('1240', 1, '1A44685C259B442984B3837E32801258', '1000004', '10000000030', 'P', null, null, to_date('2009-10-07 15:26:09','YYYY-MM-DD HH24:MI:SS'));
insert into KRIM_GRP_MBR_T (GRP_MBR_ID, VER_NBR, OBJ_ID, GRP_ID, MBR_ID, MBR_TYP_CD, ACTV_FRM_DT, ACTV_TO_DT, LAST_UPDT_DT) values ('1241', 1, '7C678B1656184C52A559B73F323C5B09', '1000004', '10000000031', 'P', null, null, to_date('2009-10-07 15:26:09','YYYY-MM-DD HH24:MI:SS'));
insert into KRIM_GRP_MBR_T (GRP_MBR_ID, VER_NBR, OBJ_ID, GRP_ID, MBR_ID, MBR_TYP_CD, ACTV_FRM_DT, ACTV_TO_DT, LAST_UPDT_DT) values ('1242', 1, '2F1562C3A2184912B82E099D3B473B9D', '1000004', '10000000032', 'P', null, null, to_date('2009-10-07 15:26:09','YYYY-MM-DD HH24:MI:SS'));
insert into KRIM_GRP_MBR_T (GRP_MBR_ID, VER_NBR, OBJ_ID, GRP_ID, MBR_ID, MBR_TYP_CD, ACTV_FRM_DT, ACTV_TO_DT, LAST_UPDT_DT) values ('1243', 1, '14FC86F49ECA452FB369ED6AA16496C8', '1000004', '10000000033', 'P', null, null, to_date('2009-10-07 15:26:09','YYYY-MM-DD HH24:MI:SS'));
insert into KRIM_GRP_MBR_T (GRP_MBR_ID, VER_NBR, OBJ_ID, GRP_ID, MBR_ID, MBR_TYP_CD, ACTV_FRM_DT, ACTV_TO_DT, LAST_UPDT_DT) values ('1244', 1, '6E64F241E8F04C52AE9CCE52230676AD', '1000004', '10000000034', 'P', null, null, to_date('2009-10-07 15:26:09','YYYY-MM-DD HH24:MI:SS'));
insert into KRIM_GRP_MBR_T (GRP_MBR_ID, VER_NBR, OBJ_ID, GRP_ID, MBR_ID, MBR_TYP_CD, ACTV_FRM_DT, ACTV_TO_DT, LAST_UPDT_DT) values ('1245', 1, '69545B0310CC4EB39389AB05D4A9DF68', '1000004', '10000000035', 'P', null, null, to_date('2009-10-07 15:26:09','YYYY-MM-DD HH24:MI:SS'));
insert into KRIM_GRP_MBR_T (GRP_MBR_ID, VER_NBR, OBJ_ID, GRP_ID, MBR_ID, MBR_TYP_CD, ACTV_FRM_DT, ACTV_TO_DT, LAST_UPDT_DT) values ('1246', 1, '400ECDA7383242A4961B0C6E980A11FD', '1000004', '10000000036', 'P', null, null, to_date('2009-10-07 15:26:09','YYYY-MM-DD HH24:MI:SS'));
insert into KRIM_GRP_MBR_T (GRP_MBR_ID, VER_NBR, OBJ_ID, GRP_ID, MBR_ID, MBR_TYP_CD, ACTV_FRM_DT, ACTV_TO_DT, LAST_UPDT_DT) values ('1247', 1, '5DD93135506D436DAE3EE06B011FAA36', '1000004', '10000000037', 'P', null, null, to_date('2009-10-07 15:26:09','YYYY-MM-DD HH24:MI:SS'));
insert into KRIM_GRP_MBR_T (GRP_MBR_ID, VER_NBR, OBJ_ID, GRP_ID, MBR_ID, MBR_TYP_CD, ACTV_FRM_DT, ACTV_TO_DT, LAST_UPDT_DT) values ('1248', 1, '49E9BA19EAD945BABBAB0BC38E34D01F', '1000004', '10000000038', 'P', null, null, to_date('2009-10-07 15:26:09','YYYY-MM-DD HH24:MI:SS'));
insert into KRIM_GRP_MBR_T (GRP_MBR_ID, VER_NBR, OBJ_ID, GRP_ID, MBR_ID, MBR_TYP_CD, ACTV_FRM_DT, ACTV_TO_DT, LAST_UPDT_DT) values ('1249', 1, 'CEEB2E23F6964EA4A1BC2A0172CD7A59', '1000004', '10000000039', 'P', null, null, to_date('2009-10-07 15:26:09','YYYY-MM-DD HH24:MI:SS'));
insert into KRIM_GRP_MBR_T (GRP_MBR_ID, VER_NBR, OBJ_ID, GRP_ID, MBR_ID, MBR_TYP_CD, ACTV_FRM_DT, ACTV_TO_DT, LAST_UPDT_DT) values ('1250', 1, '74034A3625394FAB8693EEB43EAAF1F2', '1000004', '10000000040', 'P', null, null, to_date('2009-10-07 15:26:09','YYYY-MM-DD HH24:MI:SS'));
insert into KRIM_GRP_MBR_T (GRP_MBR_ID, VER_NBR, OBJ_ID, GRP_ID, MBR_ID, MBR_TYP_CD, ACTV_FRM_DT, ACTV_TO_DT, LAST_UPDT_DT) values ('1251', 1, '6A2F6F62167649A797C53F7E92CAD23C', '1000004', '10000000041', 'P', null, null, to_date('2009-10-07 15:26:09','YYYY-MM-DD HH24:MI:SS'));
insert into KRIM_GRP_MBR_T (GRP_MBR_ID, VER_NBR, OBJ_ID, GRP_ID, MBR_ID, MBR_TYP_CD, ACTV_FRM_DT, ACTV_TO_DT, LAST_UPDT_DT) values ('1252', 1, '5D8AE780BFCA4DFE94B01FC6ADC06B91', '1000004', '10000000042', 'P', null, null, to_date('2009-10-07 15:26:09','YYYY-MM-DD HH24:MI:SS'));
insert into KRIM_GRP_MBR_T (GRP_MBR_ID, VER_NBR, OBJ_ID, GRP_ID, MBR_ID, MBR_TYP_CD, ACTV_FRM_DT, ACTV_TO_DT, LAST_UPDT_DT) values ('1253', 1, 'BD7D890F93B9489DAFC309ED0D8051E6', '1000004', '10000000043', 'P', null, null, to_date('2009-10-07 15:26:09','YYYY-MM-DD HH24:MI:SS'));


insert into KRIM_GRP_MBR_T (GRP_MBR_ID, VER_NBR, OBJ_ID, GRP_ID, MBR_ID, MBR_TYP_CD, ACTV_FRM_DT, ACTV_TO_DT, LAST_UPDT_DT) values ('1273', 1, '8B31B7DB76C940738FB5295EEA6EFB9A', '1000006', '10000000007', 'P', null, null, to_date('2009-10-07 15:26:09','YYYY-MM-DD HH24:MI:SS'));
insert into KRIM_GRP_MBR_T (GRP_MBR_ID, VER_NBR, OBJ_ID, GRP_ID, MBR_ID, MBR_TYP_CD, ACTV_FRM_DT, ACTV_TO_DT, LAST_UPDT_DT) values ('1274', 1, '5EA586D382624EEB967F01528CEA3DB1', '1000006', '10000000008', 'P', null, null, to_date('2009-10-07 15:26:09','YYYY-MM-DD HH24:MI:SS'));
insert into KRIM_GRP_MBR_T (GRP_MBR_ID, VER_NBR, OBJ_ID, GRP_ID, MBR_ID, MBR_TYP_CD, ACTV_FRM_DT, ACTV_TO_DT, LAST_UPDT_DT) values ('1275', 1, '40D8EEC9B4204838BE9F363F1FCCEEEB', '1000006', '10000000009', 'P', null, null, to_date('2009-10-07 15:26:09','YYYY-MM-DD HH24:MI:SS'));
insert into KRIM_GRP_MBR_T (GRP_MBR_ID, VER_NBR, OBJ_ID, GRP_ID, MBR_ID, MBR_TYP_CD, ACTV_FRM_DT, ACTV_TO_DT, LAST_UPDT_DT) values ('1276', 1, '405F4006E5BE48E0B9550EB4CAEB6C74', '1000006', '10000000010', 'P', null, null, to_date('2009-10-07 15:26:09','YYYY-MM-DD HH24:MI:SS'));
insert into KRIM_GRP_MBR_T (GRP_MBR_ID, VER_NBR, OBJ_ID, GRP_ID, MBR_ID, MBR_TYP_CD, ACTV_FRM_DT, ACTV_TO_DT, LAST_UPDT_DT) values ('1277', 1, '345E00F12CD548839EE9C3FC76AA34FC', '1000006', '10000000011', 'P', null, null, to_date('2009-10-07 15:26:09','YYYY-MM-DD HH24:MI:SS'));
insert into KRIM_GRP_MBR_T (GRP_MBR_ID, VER_NBR, OBJ_ID, GRP_ID, MBR_ID, MBR_TYP_CD, ACTV_FRM_DT, ACTV_TO_DT, LAST_UPDT_DT) values ('1278', 1, '23A7F030BB37449996748C021DE06A08', '1000006', '10000000012', 'P', null, null, to_date('2009-10-07 15:26:09','YYYY-MM-DD HH24:MI:SS'));
insert into KRIM_GRP_MBR_T (GRP_MBR_ID, VER_NBR, OBJ_ID, GRP_ID, MBR_ID, MBR_TYP_CD, ACTV_FRM_DT, ACTV_TO_DT, LAST_UPDT_DT) values ('1279', 1, '1E90381C7A1546DDBE3C9F4F9E707EC9', '1000006', '10000000013', 'P', null, null, to_date('2009-10-07 15:26:09','YYYY-MM-DD HH24:MI:SS'));
insert into KRIM_GRP_MBR_T (GRP_MBR_ID, VER_NBR, OBJ_ID, GRP_ID, MBR_ID, MBR_TYP_CD, ACTV_FRM_DT, ACTV_TO_DT, LAST_UPDT_DT) values ('1280', 1, '61A69CE22A114178AEB30CE6CA636242', '1000006', '10000000014', 'P', null, null, to_date('2009-10-07 15:26:09','YYYY-MM-DD HH24:MI:SS'));
insert into KRIM_GRP_MBR_T (GRP_MBR_ID, VER_NBR, OBJ_ID, GRP_ID, MBR_ID, MBR_TYP_CD, ACTV_FRM_DT, ACTV_TO_DT, LAST_UPDT_DT) values ('1281', 1, 'E9A0B2234DE34728A567C464C0014B6C', '1000006', '10000000015', 'P', null, null, to_date('2009-10-07 15:26:09','YYYY-MM-DD HH24:MI:SS'));
insert into KRIM_GRP_MBR_T (GRP_MBR_ID, VER_NBR, OBJ_ID, GRP_ID, MBR_ID, MBR_TYP_CD, ACTV_FRM_DT, ACTV_TO_DT, LAST_UPDT_DT) values ('1282', 1, '8D360805F30447159210BE22EED82B3D', '1000006', '10000000016', 'P', null, null, to_date('2009-10-07 15:26:09','YYYY-MM-DD HH24:MI:SS'));
insert into KRIM_GRP_MBR_T (GRP_MBR_ID, VER_NBR, OBJ_ID, GRP_ID, MBR_ID, MBR_TYP_CD, ACTV_FRM_DT, ACTV_TO_DT, LAST_UPDT_DT) values ('1283', 1, 'D928CB8DF4114B798ECCBD2B8DCCEBEA', '1000006', '10000000017', 'P', null, null, to_date('2009-10-07 15:26:09','YYYY-MM-DD HH24:MI:SS'));
insert into KRIM_GRP_MBR_T (GRP_MBR_ID, VER_NBR, OBJ_ID, GRP_ID, MBR_ID, MBR_TYP_CD, ACTV_FRM_DT, ACTV_TO_DT, LAST_UPDT_DT) values ('1284', 1, '79FEB19E8794400AAC28DD34EE2622F0', '1000006', '10000000018', 'P', null, null, to_date('2009-10-07 15:26:09','YYYY-MM-DD HH24:MI:SS'));
insert into KRIM_GRP_MBR_T (GRP_MBR_ID, VER_NBR, OBJ_ID, GRP_ID, MBR_ID, MBR_TYP_CD, ACTV_FRM_DT, ACTV_TO_DT, LAST_UPDT_DT) values ('1285', 1, 'BDF111C8A94B46FEAC403CFFE6F4A5D0', '1000006', '10000000019', 'P', null, null, to_date('2009-10-07 15:26:09','YYYY-MM-DD HH24:MI:SS'));
insert into KRIM_GRP_MBR_T (GRP_MBR_ID, VER_NBR, OBJ_ID, GRP_ID, MBR_ID, MBR_TYP_CD, ACTV_FRM_DT, ACTV_TO_DT, LAST_UPDT_DT) values ('1286', 1, 'F1EFEE2793DE472C9D80986955EB4013', '1000006', '10000000020', 'P', null, null, to_date('2009-10-07 15:26:09','YYYY-MM-DD HH24:MI:SS'));
insert into KRIM_GRP_MBR_T (GRP_MBR_ID, VER_NBR, OBJ_ID, GRP_ID, MBR_ID, MBR_TYP_CD, ACTV_FRM_DT, ACTV_TO_DT, LAST_UPDT_DT) values ('1287', 1, 'A987436051C9463F8E367D3FAA5B7573', '1000006', '10000000021', 'P', null, null, to_date('2009-10-07 15:26:09','YYYY-MM-DD HH24:MI:SS'));
insert into KRIM_GRP_MBR_T (GRP_MBR_ID, VER_NBR, OBJ_ID, GRP_ID, MBR_ID, MBR_TYP_CD, ACTV_FRM_DT, ACTV_TO_DT, LAST_UPDT_DT) values ('1288', 1, '219A4E1178584D72903062ECC806E210', '1000006', '10000000022', 'P', null, null, to_date('2009-10-07 15:26:09','YYYY-MM-DD HH24:MI:SS'));
insert into KRIM_GRP_MBR_T (GRP_MBR_ID, VER_NBR, OBJ_ID, GRP_ID, MBR_ID, MBR_TYP_CD, ACTV_FRM_DT, ACTV_TO_DT, LAST_UPDT_DT) values ('1289', 1, '16726DE073DE4AF8A35AFD9181B7C27E', '1000006', '10000000023', 'P', null, null, to_date('2009-10-07 15:26:09','YYYY-MM-DD HH24:MI:SS'));
insert into KRIM_GRP_MBR_T (GRP_MBR_ID, VER_NBR, OBJ_ID, GRP_ID, MBR_ID, MBR_TYP_CD, ACTV_FRM_DT, ACTV_TO_DT, LAST_UPDT_DT) values ('1290', 1, '7E977E8BC3C4483F9CC5E352773BBEEA', '1000006', '10000000024', 'P', null, null, to_date('2009-10-07 15:26:09','YYYY-MM-DD HH24:MI:SS'));
insert into KRIM_GRP_MBR_T (GRP_MBR_ID, VER_NBR, OBJ_ID, GRP_ID, MBR_ID, MBR_TYP_CD, ACTV_FRM_DT, ACTV_TO_DT, LAST_UPDT_DT) values ('1291', 1, 'C92A3BF0D00541C0A1DC785BB437817B', '1000006', '10000000025', 'P', null, null, to_date('2009-10-07 15:26:09','YYYY-MM-DD HH24:MI:SS'));
insert into KRIM_GRP_MBR_T (GRP_MBR_ID, VER_NBR, OBJ_ID, GRP_ID, MBR_ID, MBR_TYP_CD, ACTV_FRM_DT, ACTV_TO_DT, LAST_UPDT_DT) values ('1292', 1, '51E7C085569F44C7A1001E47572BC045', '1000006', '10000000026', 'P', null, null, to_date('2009-10-07 15:26:09','YYYY-MM-DD HH24:MI:SS'));
insert into KRIM_GRP_MBR_T (GRP_MBR_ID, VER_NBR, OBJ_ID, GRP_ID, MBR_ID, MBR_TYP_CD, ACTV_FRM_DT, ACTV_TO_DT, LAST_UPDT_DT) values ('1293', 1, '284F873A91BC4112851A38537D5DE838', '1000006', '10000000027', 'P', null, null, to_date('2009-10-07 15:26:09','YYYY-MM-DD HH24:MI:SS'));
insert into KRIM_GRP_MBR_T (GRP_MBR_ID, VER_NBR, OBJ_ID, GRP_ID, MBR_ID, MBR_TYP_CD, ACTV_FRM_DT, ACTV_TO_DT, LAST_UPDT_DT) values ('1294', 1, 'C21D7B81233F4CE8ADDCB2E5262385A7', '1000006', '10000000028', 'P', null, null, to_date('2009-10-07 15:26:09','YYYY-MM-DD HH24:MI:SS'));
insert into KRIM_GRP_MBR_T (GRP_MBR_ID, VER_NBR, OBJ_ID, GRP_ID, MBR_ID, MBR_TYP_CD, ACTV_FRM_DT, ACTV_TO_DT, LAST_UPDT_DT) values ('1295', 1, 'B920D3BD73FB45E2878749931B754670', '1000006', '10000000029', 'P', null, null, to_date('2009-10-07 15:26:09','YYYY-MM-DD HH24:MI:SS'));
insert into KRIM_GRP_MBR_T (GRP_MBR_ID, VER_NBR, OBJ_ID, GRP_ID, MBR_ID, MBR_TYP_CD, ACTV_FRM_DT, ACTV_TO_DT, LAST_UPDT_DT) values ('1296', 1, '5760B8BB79C5427CB432067FCA96EA4C', '1000006', '10000000030', 'P', null, null, to_date('2009-10-07 15:26:09','YYYY-MM-DD HH24:MI:SS'));
insert into KRIM_GRP_MBR_T (GRP_MBR_ID, VER_NBR, OBJ_ID, GRP_ID, MBR_ID, MBR_TYP_CD, ACTV_FRM_DT, ACTV_TO_DT, LAST_UPDT_DT) values ('1297', 1, '9BC22FE5E039417FBF672DA242297FDA', '1000006', '10000000031', 'P', null, null, to_date('2009-10-07 15:26:09','YYYY-MM-DD HH24:MI:SS'));
insert into KRIM_GRP_MBR_T (GRP_MBR_ID, VER_NBR, OBJ_ID, GRP_ID, MBR_ID, MBR_TYP_CD, ACTV_FRM_DT, ACTV_TO_DT, LAST_UPDT_DT) values ('1298', 1, '9835348D981D4FEA8A9B794F76500967', '1000006', '10000000032', 'P', null, null, to_date('2009-10-07 15:26:09','YYYY-MM-DD HH24:MI:SS'));
insert into KRIM_GRP_MBR_T (GRP_MBR_ID, VER_NBR, OBJ_ID, GRP_ID, MBR_ID, MBR_TYP_CD, ACTV_FRM_DT, ACTV_TO_DT, LAST_UPDT_DT) values ('1299', 1, '8418068607CB4EEA9D6F3EAB6AF491E3', '1000006', '10000000033', 'P', null, null, to_date('2009-10-07 15:26:09','YYYY-MM-DD HH24:MI:SS'));
insert into KRIM_GRP_MBR_T (GRP_MBR_ID, VER_NBR, OBJ_ID, GRP_ID, MBR_ID, MBR_TYP_CD, ACTV_FRM_DT, ACTV_TO_DT, LAST_UPDT_DT) values ('1300', 1, '9E9C50F51634474D999D23925A32F011', '1000006', '10000000034', 'P', null, null, to_date('2009-10-07 15:26:09','YYYY-MM-DD HH24:MI:SS'));
insert into KRIM_GRP_MBR_T (GRP_MBR_ID, VER_NBR, OBJ_ID, GRP_ID, MBR_ID, MBR_TYP_CD, ACTV_FRM_DT, ACTV_TO_DT, LAST_UPDT_DT) values ('1301', 1, '406880DF6B5E49C8ACA37162FB619644', '1000006', '10000000035', 'P', null, null, to_date('2009-10-07 15:26:09','YYYY-MM-DD HH24:MI:SS'));
insert into KRIM_GRP_MBR_T (GRP_MBR_ID, VER_NBR, OBJ_ID, GRP_ID, MBR_ID, MBR_TYP_CD, ACTV_FRM_DT, ACTV_TO_DT, LAST_UPDT_DT) values ('1302', 1, 'CFF7BFAB224D4821865D3A5B21B3993C', '1000006', '10000000036', 'P', null, null, to_date('2009-10-07 15:26:09','YYYY-MM-DD HH24:MI:SS'));
insert into KRIM_GRP_MBR_T (GRP_MBR_ID, VER_NBR, OBJ_ID, GRP_ID, MBR_ID, MBR_TYP_CD, ACTV_FRM_DT, ACTV_TO_DT, LAST_UPDT_DT) values ('1303', 1, 'F4F0A7D6793549BABD02BAB766C0E5D0', '1000006', '10000000037', 'P', null, null, to_date('2009-10-07 15:26:09','YYYY-MM-DD HH24:MI:SS'));

insert into KRIM_GRP_MBR_T (GRP_MBR_ID, VER_NBR, OBJ_ID, GRP_ID, MBR_ID, MBR_TYP_CD, ACTV_FRM_DT, ACTV_TO_DT, LAST_UPDT_DT) values ('1304', 1, '5552D1B5EB8348AA9F0A2BF001BA9B32', '1000006', '10000000038', 'P', null, null, to_date('2009-10-07 15:26:09','YYYY-MM-DD HH24:MI:SS'));
insert into KRIM_GRP_MBR_T (GRP_MBR_ID, VER_NBR, OBJ_ID, GRP_ID, MBR_ID, MBR_TYP_CD, ACTV_FRM_DT, ACTV_TO_DT, LAST_UPDT_DT) values ('1305', 1, 'A61B01CAB20A49A1B524A67FBFE90119', '1000006', '10000000039', 'P', null, null, to_date('2009-10-07 15:26:09','YYYY-MM-DD HH24:MI:SS'));
insert into KRIM_GRP_MBR_T (GRP_MBR_ID, VER_NBR, OBJ_ID, GRP_ID, MBR_ID, MBR_TYP_CD, ACTV_FRM_DT, ACTV_TO_DT, LAST_UPDT_DT) values ('1306', 1, '7D748737D2A4429295C9D72C266DAD83', '1000006', '10000000040', 'P', null, null, to_date('2009-10-07 15:26:09','YYYY-MM-DD HH24:MI:SS'));
insert into KRIM_GRP_MBR_T (GRP_MBR_ID, VER_NBR, OBJ_ID, GRP_ID, MBR_ID, MBR_TYP_CD, ACTV_FRM_DT, ACTV_TO_DT, LAST_UPDT_DT) values ('1307', 1, '0857FEABB848451E8340A158A2D78FA4', '1000006', '10000000041', 'P', null, null, to_date('2009-10-07 15:26:09','YYYY-MM-DD HH24:MI:SS'));
insert into KRIM_GRP_MBR_T (GRP_MBR_ID, VER_NBR, OBJ_ID, GRP_ID, MBR_ID, MBR_TYP_CD, ACTV_FRM_DT, ACTV_TO_DT, LAST_UPDT_DT) values ('1308', 1, 'A3BA64CB0EEC437B944994AC6510ADAB', '1000006', '10000000042', 'P', null, null, to_date('2009-10-07 15:26:09','YYYY-MM-DD HH24:MI:SS'));
insert into KRIM_GRP_MBR_T (GRP_MBR_ID, VER_NBR, OBJ_ID, GRP_ID, MBR_ID, MBR_TYP_CD, ACTV_FRM_DT, ACTV_TO_DT, LAST_UPDT_DT) values ('1309', 1, 'D661672FDBEA46998DEBFE5F9662AF77', '1000006', '10000000043', 'P', null, null, to_date('2009-10-07 15:26:09','YYYY-MM-DD HH24:MI:SS'));


insert into KRIM_GRP_MBR_T (GRP_MBR_ID, VER_NBR, OBJ_ID, GRP_ID, MBR_ID, MBR_TYP_CD, ACTV_FRM_DT, ACTV_TO_DT, LAST_UPDT_DT) values ('1327', 1, '03804CA0D89E4093B11531B5338CA084', '1000007', '10000000007', 'P', null, null, to_date('2009-10-07 15:26:10','YYYY-MM-DD HH24:MI:SS'));
insert into KRIM_GRP_MBR_T (GRP_MBR_ID, VER_NBR, OBJ_ID, GRP_ID, MBR_ID, MBR_TYP_CD, ACTV_FRM_DT, ACTV_TO_DT, LAST_UPDT_DT) values ('1328', 1, 'C30C4F37613247AF81533CD78EB35649', '1000007', '10000000008', 'P', null, null, to_date('2009-10-07 15:26:10','YYYY-MM-DD HH24:MI:SS'));
insert into KRIM_GRP_MBR_T (GRP_MBR_ID, VER_NBR, OBJ_ID, GRP_ID, MBR_ID, MBR_TYP_CD, ACTV_FRM_DT, ACTV_TO_DT, LAST_UPDT_DT) values ('1329', 1, '3E7E60CDFAF34D76929203042B23B1AC', '1000007', '10000000009', 'P', null, null, to_date('2009-10-07 15:26:10','YYYY-MM-DD HH24:MI:SS'));
insert into KRIM_GRP_MBR_T (GRP_MBR_ID, VER_NBR, OBJ_ID, GRP_ID, MBR_ID, MBR_TYP_CD, ACTV_FRM_DT, ACTV_TO_DT, LAST_UPDT_DT) values ('1330', 1, '65E2AEE1FDB7475C86F9E885AF6B9579', '1000007', '10000000010', 'P', null, null, to_date('2009-10-07 15:26:10','YYYY-MM-DD HH24:MI:SS'));
insert into KRIM_GRP_MBR_T (GRP_MBR_ID, VER_NBR, OBJ_ID, GRP_ID, MBR_ID, MBR_TYP_CD, ACTV_FRM_DT, ACTV_TO_DT, LAST_UPDT_DT) values ('1331', 1, '62D02EA7AD5D41F6ACD8A98E306EA9B8', '1000007', '10000000011', 'P', null, null, to_date('2009-10-07 15:26:10','YYYY-MM-DD HH24:MI:SS'));
insert into KRIM_GRP_MBR_T (GRP_MBR_ID, VER_NBR, OBJ_ID, GRP_ID, MBR_ID, MBR_TYP_CD, ACTV_FRM_DT, ACTV_TO_DT, LAST_UPDT_DT) values ('1332', 1, '68EAA5565C394FA09BFF1BE0C63C83ED', '1000007', '10000000012', 'P', null, null, to_date('2009-10-07 15:26:10','YYYY-MM-DD HH24:MI:SS'));
insert into KRIM_GRP_MBR_T (GRP_MBR_ID, VER_NBR, OBJ_ID, GRP_ID, MBR_ID, MBR_TYP_CD, ACTV_FRM_DT, ACTV_TO_DT, LAST_UPDT_DT) values ('1333', 1, '4965FF57CD0B4A449921FAEAAA366D3E', '1000007', '10000000013', 'P', null, null, to_date('2009-10-07 15:26:10','YYYY-MM-DD HH24:MI:SS'));
insert into KRIM_GRP_MBR_T (GRP_MBR_ID, VER_NBR, OBJ_ID, GRP_ID, MBR_ID, MBR_TYP_CD, ACTV_FRM_DT, ACTV_TO_DT, LAST_UPDT_DT) values ('1334', 1, '6F13C9FF9D1147CA83103B558B9EE257', '1000007', '10000000014', 'P', null, null, to_date('2009-10-07 15:26:10','YYYY-MM-DD HH24:MI:SS'));
insert into KRIM_GRP_MBR_T (GRP_MBR_ID, VER_NBR, OBJ_ID, GRP_ID, MBR_ID, MBR_TYP_CD, ACTV_FRM_DT, ACTV_TO_DT, LAST_UPDT_DT) values ('1335', 1, 'E5F14DF85EC647D395D6A24EC45BB1C9', '1000007', '10000000015', 'P', null, null, to_date('2009-10-07 15:26:10','YYYY-MM-DD HH24:MI:SS'));
insert into KRIM_GRP_MBR_T (GRP_MBR_ID, VER_NBR, OBJ_ID, GRP_ID, MBR_ID, MBR_TYP_CD, ACTV_FRM_DT, ACTV_TO_DT, LAST_UPDT_DT) values ('1336', 1, '85816057D4B94BAFBD633202AC8332FD', '1000007', '10000000016', 'P', null, null, to_date('2009-10-07 15:26:10','YYYY-MM-DD HH24:MI:SS'));
insert into KRIM_GRP_MBR_T (GRP_MBR_ID, VER_NBR, OBJ_ID, GRP_ID, MBR_ID, MBR_TYP_CD, ACTV_FRM_DT, ACTV_TO_DT, LAST_UPDT_DT) values ('1337', 1, 'FAB30146876F40A7B8101CEDFA071C15', '1000007', '10000000017', 'P', null, null, to_date('2009-10-07 15:26:10','YYYY-MM-DD HH24:MI:SS'));
insert into KRIM_GRP_MBR_T (GRP_MBR_ID, VER_NBR, OBJ_ID, GRP_ID, MBR_ID, MBR_TYP_CD, ACTV_FRM_DT, ACTV_TO_DT, LAST_UPDT_DT) values ('1338', 1, '93E7C763DC444938B8781933CC2ED2F6', '1000007', '10000000018', 'P', null, null, to_date('2009-10-07 15:26:10','YYYY-MM-DD HH24:MI:SS'));
insert into KRIM_GRP_MBR_T (GRP_MBR_ID, VER_NBR, OBJ_ID, GRP_ID, MBR_ID, MBR_TYP_CD, ACTV_FRM_DT, ACTV_TO_DT, LAST_UPDT_DT) values ('1339', 1, '5C90BE3E023645D38C22F512F8A248B4', '1000007', '10000000019', 'P', null, null, to_date('2009-10-07 15:26:10','YYYY-MM-DD HH24:MI:SS'));
insert into KRIM_GRP_MBR_T (GRP_MBR_ID, VER_NBR, OBJ_ID, GRP_ID, MBR_ID, MBR_TYP_CD, ACTV_FRM_DT, ACTV_TO_DT, LAST_UPDT_DT) values ('1340', 1, 'CB25536BD08E4381BE075BE76E27D6DA', '1000007', '10000000020', 'P', null, null, to_date('2009-10-07 15:26:10','YYYY-MM-DD HH24:MI:SS'));
insert into KRIM_GRP_MBR_T (GRP_MBR_ID, VER_NBR, OBJ_ID, GRP_ID, MBR_ID, MBR_TYP_CD, ACTV_FRM_DT, ACTV_TO_DT, LAST_UPDT_DT) values ('1341', 1, '385D13785470450A83CD60C266A68D79', '1000007', '10000000021', 'P', null, null, to_date('2009-10-07 15:26:10','YYYY-MM-DD HH24:MI:SS'));
insert into KRIM_GRP_MBR_T (GRP_MBR_ID, VER_NBR, OBJ_ID, GRP_ID, MBR_ID, MBR_TYP_CD, ACTV_FRM_DT, ACTV_TO_DT, LAST_UPDT_DT) values ('1342', 1, 'EF8B7931A70A4958B157AF78C05603F0', '1000007', '10000000022', 'P', null, null, to_date('2009-10-07 15:26:10','YYYY-MM-DD HH24:MI:SS'));
insert into KRIM_GRP_MBR_T (GRP_MBR_ID, VER_NBR, OBJ_ID, GRP_ID, MBR_ID, MBR_TYP_CD, ACTV_FRM_DT, ACTV_TO_DT, LAST_UPDT_DT) values ('1343', 1, '5ABA182BAA46493DB2B8AC49C2E5B48E', '1000007', '10000000023', 'P', null, null, to_date('2009-10-07 15:26:10','YYYY-MM-DD HH24:MI:SS'));
insert into KRIM_GRP_MBR_T (GRP_MBR_ID, VER_NBR, OBJ_ID, GRP_ID, MBR_ID, MBR_TYP_CD, ACTV_FRM_DT, ACTV_TO_DT, LAST_UPDT_DT) values ('1344', 1, '59EA2503B672461CB9125EDDA5EAD51D', '1000007', '10000000024', 'P', null, null, to_date('2009-10-07 15:26:10','YYYY-MM-DD HH24:MI:SS'));
insert into KRIM_GRP_MBR_T (GRP_MBR_ID, VER_NBR, OBJ_ID, GRP_ID, MBR_ID, MBR_TYP_CD, ACTV_FRM_DT, ACTV_TO_DT, LAST_UPDT_DT) values ('1345', 1, '239FBAC4D303476E963BD316DD79ECA9', '1000007', '10000000025', 'P', null, null, to_date('2009-10-07 15:26:10','YYYY-MM-DD HH24:MI:SS'));
insert into KRIM_GRP_MBR_T (GRP_MBR_ID, VER_NBR, OBJ_ID, GRP_ID, MBR_ID, MBR_TYP_CD, ACTV_FRM_DT, ACTV_TO_DT, LAST_UPDT_DT) values ('1346', 1, '3D84F5B23E81404FA8DE78EA6D49AE4A', '1000007', '10000000026', 'P', null, null, to_date('2009-10-07 15:26:10','YYYY-MM-DD HH24:MI:SS'));
insert into KRIM_GRP_MBR_T (GRP_MBR_ID, VER_NBR, OBJ_ID, GRP_ID, MBR_ID, MBR_TYP_CD, ACTV_FRM_DT, ACTV_TO_DT, LAST_UPDT_DT) values ('1347', 1, '86AF805F321746C5AFC293AA8146DCB6', '1000007', '10000000027', 'P', null, null, to_date('2009-10-07 15:26:10','YYYY-MM-DD HH24:MI:SS'));
insert into KRIM_GRP_MBR_T (GRP_MBR_ID, VER_NBR, OBJ_ID, GRP_ID, MBR_ID, MBR_TYP_CD, ACTV_FRM_DT, ACTV_TO_DT, LAST_UPDT_DT) values ('1348', 1, '5FB3728330F543A1B6889BB7A601379E', '1000007', '10000000028', 'P', null, null, to_date('2009-10-07 15:26:10','YYYY-MM-DD HH24:MI:SS'));
insert into KRIM_GRP_MBR_T (GRP_MBR_ID, VER_NBR, OBJ_ID, GRP_ID, MBR_ID, MBR_TYP_CD, ACTV_FRM_DT, ACTV_TO_DT, LAST_UPDT_DT) values ('1349', 1, '989EA0EE1FFF4285BAF571F3469FC2ED', '1000007', '10000000029', 'P', null, null, to_date('2009-10-07 15:26:10','YYYY-MM-DD HH24:MI:SS'));
insert into KRIM_GRP_MBR_T (GRP_MBR_ID, VER_NBR, OBJ_ID, GRP_ID, MBR_ID, MBR_TYP_CD, ACTV_FRM_DT, ACTV_TO_DT, LAST_UPDT_DT) values ('1350', 1, '4DBD87534C4845C4BD68517A0882991C', '1000007', '10000000030', 'P', null, null, to_date('2009-10-07 15:26:10','YYYY-MM-DD HH24:MI:SS'));
insert into KRIM_GRP_MBR_T (GRP_MBR_ID, VER_NBR, OBJ_ID, GRP_ID, MBR_ID, MBR_TYP_CD, ACTV_FRM_DT, ACTV_TO_DT, LAST_UPDT_DT) values ('1351', 1, '361D37CAB61843C7991671DCE770E3B2', '1000007', '10000000031', 'P', null, null, to_date('2009-10-07 15:26:10','YYYY-MM-DD HH24:MI:SS'));
insert into KRIM_GRP_MBR_T (GRP_MBR_ID, VER_NBR, OBJ_ID, GRP_ID, MBR_ID, MBR_TYP_CD, ACTV_FRM_DT, ACTV_TO_DT, LAST_UPDT_DT) values ('1352', 1, '5C928EF5AE984610A5C9585590AACB5A', '1000007', '10000000032', 'P', null, null, to_date('2009-10-07 15:26:10','YYYY-MM-DD HH24:MI:SS'));
insert into KRIM_GRP_MBR_T (GRP_MBR_ID, VER_NBR, OBJ_ID, GRP_ID, MBR_ID, MBR_TYP_CD, ACTV_FRM_DT, ACTV_TO_DT, LAST_UPDT_DT) values ('1353', 1, 'CB29655BCD4C4A2BBC4A8D4C94D01765', '1000007', '10000000033', 'P', null, null, to_date('2009-10-07 15:26:10','YYYY-MM-DD HH24:MI:SS'));
insert into KRIM_GRP_MBR_T (GRP_MBR_ID, VER_NBR, OBJ_ID, GRP_ID, MBR_ID, MBR_TYP_CD, ACTV_FRM_DT, ACTV_TO_DT, LAST_UPDT_DT) values ('1354', 1, 'FFC1D71651194F1B96E470DEC73FBA66', '1000007', '10000000034', 'P', null, null, to_date('2009-10-07 15:26:10','YYYY-MM-DD HH24:MI:SS'));
insert into KRIM_GRP_MBR_T (GRP_MBR_ID, VER_NBR, OBJ_ID, GRP_ID, MBR_ID, MBR_TYP_CD, ACTV_FRM_DT, ACTV_TO_DT, LAST_UPDT_DT) values ('1355', 1, '927FED17334B42C3B587118F636F32B6', '1000007', '10000000035', 'P', null, null, to_date('2009-10-07 15:26:10','YYYY-MM-DD HH24:MI:SS'));
insert into KRIM_GRP_MBR_T (GRP_MBR_ID, VER_NBR, OBJ_ID, GRP_ID, MBR_ID, MBR_TYP_CD, ACTV_FRM_DT, ACTV_TO_DT, LAST_UPDT_DT) values ('1356', 1, '8C117C691C584BD9B206A5803EFA5664', '1000007', '10000000036', 'P', null, null, to_date('2009-10-07 15:26:10','YYYY-MM-DD HH24:MI:SS'));
insert into KRIM_GRP_MBR_T (GRP_MBR_ID, VER_NBR, OBJ_ID, GRP_ID, MBR_ID, MBR_TYP_CD, ACTV_FRM_DT, ACTV_TO_DT, LAST_UPDT_DT) values ('1357', 1, '99B12A4C578C443F90D249A97C24F1F9', '1000007', '10000000037', 'P', null, null, to_date('2009-10-07 15:26:10','YYYY-MM-DD HH24:MI:SS'));
insert into KRIM_GRP_MBR_T (GRP_MBR_ID, VER_NBR, OBJ_ID, GRP_ID, MBR_ID, MBR_TYP_CD, ACTV_FRM_DT, ACTV_TO_DT, LAST_UPDT_DT) values ('1358', 1, '5635054C8CB648AFB9439A94EC16C31F', '1000007', '10000000038', 'P', null, null, to_date('2009-10-07 15:26:10','YYYY-MM-DD HH24:MI:SS'));
insert into KRIM_GRP_MBR_T (GRP_MBR_ID, VER_NBR, OBJ_ID, GRP_ID, MBR_ID, MBR_TYP_CD, ACTV_FRM_DT, ACTV_TO_DT, LAST_UPDT_DT) values ('1359', 1, '7433A46480654649A85EB844E33BD738', '1000007', '10000000039', 'P', null, null, to_date('2009-10-07 15:26:10','YYYY-MM-DD HH24:MI:SS'));
insert into KRIM_GRP_MBR_T (GRP_MBR_ID, VER_NBR, OBJ_ID, GRP_ID, MBR_ID, MBR_TYP_CD, ACTV_FRM_DT, ACTV_TO_DT, LAST_UPDT_DT) values ('1360', 1, '343BD1829B0348D4A107CBC0072F8F1B', '1000007', '10000000040', 'P', null, null, to_date('2009-10-07 15:26:10','YYYY-MM-DD HH24:MI:SS'));
insert into KRIM_GRP_MBR_T (GRP_MBR_ID, VER_NBR, OBJ_ID, GRP_ID, MBR_ID, MBR_TYP_CD, ACTV_FRM_DT, ACTV_TO_DT, LAST_UPDT_DT) values ('1361', 1, 'BF0512E56D2F4FE5BFDF4DDC54073CD0', '1000007', '10000000041', 'P', null, null, to_date('2009-10-07 15:26:10','YYYY-MM-DD HH24:MI:SS'));
insert into KRIM_GRP_MBR_T (GRP_MBR_ID, VER_NBR, OBJ_ID, GRP_ID, MBR_ID, MBR_TYP_CD, ACTV_FRM_DT, ACTV_TO_DT, LAST_UPDT_DT) values ('1362', 1, 'E0309DCAA0304E3EB435EB274BF0DF22', '1000007', '10000000042', 'P', null, null, to_date('2009-10-07 15:26:10','YYYY-MM-DD HH24:MI:SS'));
insert into KRIM_GRP_MBR_T (GRP_MBR_ID, VER_NBR, OBJ_ID, GRP_ID, MBR_ID, MBR_TYP_CD, ACTV_FRM_DT, ACTV_TO_DT, LAST_UPDT_DT) values ('1363', 1, '272EFB07E3194F46BEB5E000C636E481', '1000007', '10000000043', 'P', null, null, to_date('2009-10-07 15:26:10','YYYY-MM-DD HH24:MI:SS'));


insert into KRIM_ENTITY_T (ENTITY_ID, OBJ_ID, VER_NBR, ACTV_IND, LAST_UPDT_DT) values ('1207', '474AEA4DE15D42C6B1C16F37BA61B2B7', 1, 'Y', to_date('2009-10-07 13:23:53','YYYY-MM-DD HH24:MI:SS'));
insert into KRIM_ENTITY_T (ENTITY_ID, OBJ_ID, VER_NBR, ACTV_IND, LAST_UPDT_DT) values ('1208', 'ECD1B5BB533144E7B510DEA34E9F2630', 1, 'Y', to_date('2009-10-07 13:23:53','YYYY-MM-DD HH24:MI:SS'));
insert into KRIM_ENTITY_T (ENTITY_ID, OBJ_ID, VER_NBR, ACTV_IND, LAST_UPDT_DT) values ('1209', '81C957386C9746FD884241E4C57942E0', 1, 'Y', to_date('2009-10-07 13:23:53','YYYY-MM-DD HH24:MI:SS'));
insert into KRIM_ENTITY_T (ENTITY_ID, OBJ_ID, VER_NBR, ACTV_IND, LAST_UPDT_DT) values ('1210', '316601045F7D4431B367E8093F8B85B5', 1, 'Y', to_date('2009-10-07 13:23:53','YYYY-MM-DD HH24:MI:SS'));
insert into KRIM_ENTITY_T (ENTITY_ID, OBJ_ID, VER_NBR, ACTV_IND, LAST_UPDT_DT) values ('1211', '6AC9FFAC6EA344C3A3ED0D277F4D8355', 1, 'Y', to_date('2009-10-07 13:23:53','YYYY-MM-DD HH24:MI:SS'));
insert into KRIM_ENTITY_T (ENTITY_ID, OBJ_ID, VER_NBR, ACTV_IND, LAST_UPDT_DT) values ('1212', 'B6EA255158AF45B1B555BF467CF9046A', 1, 'Y', to_date('2009-10-07 13:23:53','YYYY-MM-DD HH24:MI:SS'));
insert into KRIM_ENTITY_T (ENTITY_ID, OBJ_ID, VER_NBR, ACTV_IND, LAST_UPDT_DT) values ('1213', 'E10725D7484E45F598232221590727B5', 1, 'Y', to_date('2009-10-07 13:23:53','YYYY-MM-DD HH24:MI:SS'));
insert into KRIM_ENTITY_T (ENTITY_ID, OBJ_ID, VER_NBR, ACTV_IND, LAST_UPDT_DT) values ('1214', 'AD8034E2555A496696BA2EBB1D885DE7', 1, 'Y', to_date('2009-10-07 13:23:53','YYYY-MM-DD HH24:MI:SS'));
insert into KRIM_ENTITY_T (ENTITY_ID, OBJ_ID, VER_NBR, ACTV_IND, LAST_UPDT_DT) values ('1215', '080CD6BBBF8C40BAB24202D3633866C7', 1, 'Y', to_date('2009-10-07 13:23:53','YYYY-MM-DD HH24:MI:SS'));
insert into KRIM_ENTITY_T (ENTITY_ID, OBJ_ID, VER_NBR, ACTV_IND, LAST_UPDT_DT) values ('1216', '3F0E60835D824F0AAA239AD96A198AFB', 1, 'Y', to_date('2009-10-07 13:23:53','YYYY-MM-DD HH24:MI:SS'));
insert into KRIM_ENTITY_T (ENTITY_ID, OBJ_ID, VER_NBR, ACTV_IND, LAST_UPDT_DT) values ('1217', 'E70E3CC82B4644CDA96E0ED16E2F870A', 1, 'Y', to_date('2009-10-07 13:23:53','YYYY-MM-DD HH24:MI:SS'));
insert into KRIM_ENTITY_T (ENTITY_ID, OBJ_ID, VER_NBR, ACTV_IND, LAST_UPDT_DT) values ('1218', '9F96BA82CB9F41AC99403CC58CDC5CB7', 1, 'Y', to_date('2009-10-07 13:23:53','YYYY-MM-DD HH24:MI:SS'));
insert into KRIM_ENTITY_T (ENTITY_ID, OBJ_ID, VER_NBR, ACTV_IND, LAST_UPDT_DT) values ('1219', '174FD432DFC441B2B91588BB89F75F65', 1, 'Y', to_date('2009-10-07 13:23:53','YYYY-MM-DD HH24:MI:SS'));
insert into KRIM_ENTITY_T (ENTITY_ID, OBJ_ID, VER_NBR, ACTV_IND, LAST_UPDT_DT) values ('1220', '5C11A9D32E8447B18E2EF42EB28EC6AF', 1, 'Y', to_date('2009-10-07 13:23:53','YYYY-MM-DD HH24:MI:SS'));
insert into KRIM_ENTITY_T (ENTITY_ID, OBJ_ID, VER_NBR, ACTV_IND, LAST_UPDT_DT) values ('1221', '231886D6E5D74A79BEC2FB3537347705', 1, 'Y', to_date('2009-10-07 13:23:53','YYYY-MM-DD HH24:MI:SS'));
insert into KRIM_ENTITY_T (ENTITY_ID, OBJ_ID, VER_NBR, ACTV_IND, LAST_UPDT_DT) values ('1222', 'D6A936E6B77E4B3DB8FD52CB4AFE0C96', 1, 'Y', to_date('2009-10-07 13:23:53','YYYY-MM-DD HH24:MI:SS'));
insert into KRIM_ENTITY_T (ENTITY_ID, OBJ_ID, VER_NBR, ACTV_IND, LAST_UPDT_DT) values ('1223', '395A147FDF484636B3ED989613619952', 1, 'Y', to_date('2009-10-07 13:23:53','YYYY-MM-DD HH24:MI:SS'));
insert into KRIM_ENTITY_T (ENTITY_ID, OBJ_ID, VER_NBR, ACTV_IND, LAST_UPDT_DT) values ('1224', '48A151085389419784BD06C1A18E5734', 1, 'Y', to_date('2009-10-07 13:23:53','YYYY-MM-DD HH24:MI:SS'));
insert into KRIM_ENTITY_T (ENTITY_ID, OBJ_ID, VER_NBR, ACTV_IND, LAST_UPDT_DT) values ('1225', '59AF450B90714F7498BB54B258C42225', 1, 'Y', to_date('2009-10-07 13:23:53','YYYY-MM-DD HH24:MI:SS'));
insert into KRIM_ENTITY_T (ENTITY_ID, OBJ_ID, VER_NBR, ACTV_IND, LAST_UPDT_DT) values ('1226', '717FC5EDF6694D06BAF328FA5095CB36', 1, 'Y', to_date('2009-10-07 13:23:53','YYYY-MM-DD HH24:MI:SS'));
insert into KRIM_ENTITY_T (ENTITY_ID, OBJ_ID, VER_NBR, ACTV_IND, LAST_UPDT_DT) values ('1227', '2973EF8D220143C480AB3803ED6A379F', 1, 'Y', to_date('2009-10-07 13:23:53','YYYY-MM-DD HH24:MI:SS'));
insert into KRIM_ENTITY_T (ENTITY_ID, OBJ_ID, VER_NBR, ACTV_IND, LAST_UPDT_DT) values ('1228', 'D7F7988A1EFD495B83C078207010AD7D', 1, 'Y', to_date('2009-10-07 13:23:53','YYYY-MM-DD HH24:MI:SS'));
insert into KRIM_ENTITY_T (ENTITY_ID, OBJ_ID, VER_NBR, ACTV_IND, LAST_UPDT_DT) values ('1229', '6F0B7E01EEB647F4AF7C99C3BDC93E51', 1, 'Y', to_date('2009-10-07 13:23:53','YYYY-MM-DD HH24:MI:SS'));
insert into KRIM_ENTITY_T (ENTITY_ID, OBJ_ID, VER_NBR, ACTV_IND, LAST_UPDT_DT) values ('1230', '43D484E099AD48CDBA392B5467869B7B', 1, 'Y', to_date('2009-10-07 13:23:53','YYYY-MM-DD HH24:MI:SS'));
insert into KRIM_ENTITY_T (ENTITY_ID, OBJ_ID, VER_NBR, ACTV_IND, LAST_UPDT_DT) values ('1231', '3E992993B64545628ADEB360366A0E7D', 1, 'Y', to_date('2009-10-07 13:23:53','YYYY-MM-DD HH24:MI:SS'));
insert into KRIM_ENTITY_T (ENTITY_ID, OBJ_ID, VER_NBR, ACTV_IND, LAST_UPDT_DT) values ('1232', '73C5AA63CC9B45779E08DB710593DF22', 1, 'Y', to_date('2009-10-07 13:23:53','YYYY-MM-DD HH24:MI:SS'));
insert into KRIM_ENTITY_T (ENTITY_ID, OBJ_ID, VER_NBR, ACTV_IND, LAST_UPDT_DT) values ('1233', 'FCF842FF6FCC4E128D4F25E7A40C1EBC', 1, 'Y', to_date('2009-10-07 13:23:53','YYYY-MM-DD HH24:MI:SS'));
insert into KRIM_ENTITY_T (ENTITY_ID, OBJ_ID, VER_NBR, ACTV_IND, LAST_UPDT_DT) values ('1234', 'A1B423924E5A4E73A82A6C01019C0EDC', 1, 'Y', to_date('2009-10-07 13:23:53','YYYY-MM-DD HH24:MI:SS'));
insert into KRIM_ENTITY_T (ENTITY_ID, OBJ_ID, VER_NBR, ACTV_IND, LAST_UPDT_DT) values ('1235', 'FAF39C1106C44BB3A8DA04AC3D4D9624', 1, 'Y', to_date('2009-10-07 13:23:53','YYYY-MM-DD HH24:MI:SS'));
insert into KRIM_ENTITY_T (ENTITY_ID, OBJ_ID, VER_NBR, ACTV_IND, LAST_UPDT_DT) values ('1236', '785C2CBB12CF4251B57548389E167DE1', 1, 'Y', to_date('2009-10-07 13:23:53','YYYY-MM-DD HH24:MI:SS'));
insert into KRIM_ENTITY_T (ENTITY_ID, OBJ_ID, VER_NBR, ACTV_IND, LAST_UPDT_DT) values ('1237', '2D9B86E683F84E7482F3692CDCEFE34F', 1, 'Y', to_date('2009-10-07 13:23:53','YYYY-MM-DD HH24:MI:SS'));
insert into KRIM_ENTITY_T (ENTITY_ID, OBJ_ID, VER_NBR, ACTV_IND, LAST_UPDT_DT) values ('1238', 'C3E962B54AF14284A086381BF7DBB8AF', 1, 'Y', to_date('2009-10-07 13:23:53','YYYY-MM-DD HH24:MI:SS'));
insert into KRIM_ENTITY_T (ENTITY_ID, OBJ_ID, VER_NBR, ACTV_IND, LAST_UPDT_DT) values ('1239', 'C1FD8A4F0535466AB1B6AD0DAF8F3691', 1, 'Y', to_date('2009-10-07 13:23:53','YYYY-MM-DD HH24:MI:SS'));
insert into KRIM_ENTITY_T (ENTITY_ID, OBJ_ID, VER_NBR, ACTV_IND, LAST_UPDT_DT) values ('1240', 'ECE84DAE16B54555B8D24E161760E9E4', 1, 'Y', to_date('2009-10-07 13:23:53','YYYY-MM-DD HH24:MI:SS'));
insert into KRIM_ENTITY_T (ENTITY_ID, OBJ_ID, VER_NBR, ACTV_IND, LAST_UPDT_DT) values ('1241', 'F25FA93547964346AB77B3B823A81428', 1, 'Y', to_date('2009-10-07 13:23:53','YYYY-MM-DD HH24:MI:SS'));
insert into KRIM_ENTITY_T (ENTITY_ID, OBJ_ID, VER_NBR, ACTV_IND, LAST_UPDT_DT) values ('1242', '72838ECC8CBC4343B057CC5F7E348C5A', 1, 'Y', to_date('2009-10-07 13:23:53','YYYY-MM-DD HH24:MI:SS'));
insert into KRIM_ENTITY_T (ENTITY_ID, OBJ_ID, VER_NBR, ACTV_IND, LAST_UPDT_DT) values ('1243', '0C4673013D254773A947434441CA1B98', 1, 'Y', to_date('2009-10-07 13:23:53','YYYY-MM-DD HH24:MI:SS'));

insert into KRIM_ENTITY_ENT_TYP_T (ACTV_IND, LAST_UPDT_DT, OBJ_ID, VER_NBR, ENT_TYP_CD, ENTITY_ID) values ('Y', to_date('2009-10-07 13:23:53','YYYY-MM-DD HH24:MI:SS'), '3FA751FF6C78455FA13D3A882D2DD929', 1, 'PERSON', '1207');
insert into KRIM_ENTITY_ENT_TYP_T (ACTV_IND, LAST_UPDT_DT, OBJ_ID, VER_NBR, ENT_TYP_CD, ENTITY_ID) values ('Y', to_date('2009-10-07 13:23:53','YYYY-MM-DD HH24:MI:SS'), '57ACD91AE577495DA55430AC11CD5836', 1, 'PERSON', '1208');
insert into KRIM_ENTITY_ENT_TYP_T (ACTV_IND, LAST_UPDT_DT, OBJ_ID, VER_NBR, ENT_TYP_CD, ENTITY_ID) values ('Y', to_date('2009-10-07 13:23:53','YYYY-MM-DD HH24:MI:SS'), '4CD01C6DCBD646699D87F1128A75F87F', 1, 'PERSON', '1209');
insert into KRIM_ENTITY_ENT_TYP_T (ACTV_IND, LAST_UPDT_DT, OBJ_ID, VER_NBR, ENT_TYP_CD, ENTITY_ID) values ('Y', to_date('2009-10-07 13:23:53','YYYY-MM-DD HH24:MI:SS'), 'E67D7F45019648ACB087393822BA732B', 1, 'PERSON', '1210');
insert into KRIM_ENTITY_ENT_TYP_T (ACTV_IND, LAST_UPDT_DT, OBJ_ID, VER_NBR, ENT_TYP_CD, ENTITY_ID) values ('Y', to_date('2009-10-07 13:23:53','YYYY-MM-DD HH24:MI:SS'), '1A27274347E94E0F98E227D29B44C37D', 1, 'PERSON', '1211');
insert into KRIM_ENTITY_ENT_TYP_T (ACTV_IND, LAST_UPDT_DT, OBJ_ID, VER_NBR, ENT_TYP_CD, ENTITY_ID) values ('Y', to_date('2009-10-07 13:23:53','YYYY-MM-DD HH24:MI:SS'), 'A9C2B9EEA1044573811CB14B528FCC0F', 1, 'PERSON', '1212');
insert into KRIM_ENTITY_ENT_TYP_T (ACTV_IND, LAST_UPDT_DT, OBJ_ID, VER_NBR, ENT_TYP_CD, ENTITY_ID) values ('Y', to_date('2009-10-07 13:23:53','YYYY-MM-DD HH24:MI:SS'), '8BCE49A5C6F342F5BCD8A00E22FC79F0', 1, 'PERSON', '1213');
insert into KRIM_ENTITY_ENT_TYP_T (ACTV_IND, LAST_UPDT_DT, OBJ_ID, VER_NBR, ENT_TYP_CD, ENTITY_ID) values ('Y', to_date('2009-10-07 13:23:53','YYYY-MM-DD HH24:MI:SS'), '252C6581309842C7BB907C9E37F24BCB', 1, 'PERSON', '1214');
insert into KRIM_ENTITY_ENT_TYP_T (ACTV_IND, LAST_UPDT_DT, OBJ_ID, VER_NBR, ENT_TYP_CD, ENTITY_ID) values ('Y', to_date('2009-10-07 13:23:53','YYYY-MM-DD HH24:MI:SS'), '7B7DF445CE8345EB8517BDFE66D39512', 1, 'PERSON', '1215');
insert into KRIM_ENTITY_ENT_TYP_T (ACTV_IND, LAST_UPDT_DT, OBJ_ID, VER_NBR, ENT_TYP_CD, ENTITY_ID) values ('Y', to_date('2009-10-07 13:23:53','YYYY-MM-DD HH24:MI:SS'), 'B083190773ED4F57850437268669DDA4', 1, 'PERSON', '1216');
insert into KRIM_ENTITY_ENT_TYP_T (ACTV_IND, LAST_UPDT_DT, OBJ_ID, VER_NBR, ENT_TYP_CD, ENTITY_ID) values ('Y', to_date('2009-10-07 13:23:53','YYYY-MM-DD HH24:MI:SS'), '597534EF64B6467798BCFB83F810F62F', 1, 'PERSON', '1217');
insert into KRIM_ENTITY_ENT_TYP_T (ACTV_IND, LAST_UPDT_DT, OBJ_ID, VER_NBR, ENT_TYP_CD, ENTITY_ID) values ('Y', to_date('2009-10-07 13:23:53','YYYY-MM-DD HH24:MI:SS'), '6F586C63EBDC438FA47E09149D010020', 1, 'PERSON', '1218');
insert into KRIM_ENTITY_ENT_TYP_T (ACTV_IND, LAST_UPDT_DT, OBJ_ID, VER_NBR, ENT_TYP_CD, ENTITY_ID) values ('Y', to_date('2009-10-07 13:23:53','YYYY-MM-DD HH24:MI:SS'), '9A1D147E62AF40F7AE20F05D7B916B32', 1, 'PERSON', '1219');
insert into KRIM_ENTITY_ENT_TYP_T (ACTV_IND, LAST_UPDT_DT, OBJ_ID, VER_NBR, ENT_TYP_CD, ENTITY_ID) values ('Y', to_date('2009-10-07 13:23:53','YYYY-MM-DD HH24:MI:SS'), '738B64CB12D34C3D943522B35BB08F85', 1, 'PERSON', '1220');
insert into KRIM_ENTITY_ENT_TYP_T (ACTV_IND, LAST_UPDT_DT, OBJ_ID, VER_NBR, ENT_TYP_CD, ENTITY_ID) values ('Y', to_date('2009-10-07 13:23:53','YYYY-MM-DD HH24:MI:SS'), '2133FE64E7A34DADB55DF5064BB10B48', 1, 'PERSON', '1221');
insert into KRIM_ENTITY_ENT_TYP_T (ACTV_IND, LAST_UPDT_DT, OBJ_ID, VER_NBR, ENT_TYP_CD, ENTITY_ID) values ('Y', to_date('2009-10-07 13:23:53','YYYY-MM-DD HH24:MI:SS'), '1E50AD50218E44DA98996DBA9AB90021', 1, 'PERSON', '1222');
insert into KRIM_ENTITY_ENT_TYP_T (ACTV_IND, LAST_UPDT_DT, OBJ_ID, VER_NBR, ENT_TYP_CD, ENTITY_ID) values ('Y', to_date('2009-10-07 13:23:53','YYYY-MM-DD HH24:MI:SS'), 'FB4F8AB72FDF457C876491C97F370ED0', 1, 'PERSON', '1223');
insert into KRIM_ENTITY_ENT_TYP_T (ACTV_IND, LAST_UPDT_DT, OBJ_ID, VER_NBR, ENT_TYP_CD, ENTITY_ID) values ('Y', to_date('2009-10-07 13:23:53','YYYY-MM-DD HH24:MI:SS'), '452EF68A3A7644C2816C692B8EC43F28', 1, 'PERSON', '1224');
insert into KRIM_ENTITY_ENT_TYP_T (ACTV_IND, LAST_UPDT_DT, OBJ_ID, VER_NBR, ENT_TYP_CD, ENTITY_ID) values ('Y', to_date('2009-10-07 13:23:53','YYYY-MM-DD HH24:MI:SS'), 'D04DB12DB98848CC8EE32467DC4ECFC2', 1, 'PERSON', '1225');
insert into KRIM_ENTITY_ENT_TYP_T (ACTV_IND, LAST_UPDT_DT, OBJ_ID, VER_NBR, ENT_TYP_CD, ENTITY_ID) values ('Y', to_date('2009-10-07 13:23:53','YYYY-MM-DD HH24:MI:SS'), 'E408EA0547AF46B9BA1A44504FFCE265', 1, 'PERSON', '1226');
insert into KRIM_ENTITY_ENT_TYP_T (ACTV_IND, LAST_UPDT_DT, OBJ_ID, VER_NBR, ENT_TYP_CD, ENTITY_ID) values ('Y', to_date('2009-10-07 13:23:53','YYYY-MM-DD HH24:MI:SS'), 'E29DD2AD56A143DC85AD3FCC0EEB84F1', 1, 'PERSON', '1227');
insert into KRIM_ENTITY_ENT_TYP_T (ACTV_IND, LAST_UPDT_DT, OBJ_ID, VER_NBR, ENT_TYP_CD, ENTITY_ID) values ('Y', to_date('2009-10-07 13:23:53','YYYY-MM-DD HH24:MI:SS'), 'BC907A7944BC4761A3E394F1626E2CF4', 1, 'PERSON', '1228');
insert into KRIM_ENTITY_ENT_TYP_T (ACTV_IND, LAST_UPDT_DT, OBJ_ID, VER_NBR, ENT_TYP_CD, ENTITY_ID) values ('Y', to_date('2009-10-07 13:23:53','YYYY-MM-DD HH24:MI:SS'), '09521A3AC7B54C128362BA50412122C0', 1, 'PERSON', '1229');
insert into KRIM_ENTITY_ENT_TYP_T (ACTV_IND, LAST_UPDT_DT, OBJ_ID, VER_NBR, ENT_TYP_CD, ENTITY_ID) values ('Y', to_date('2009-10-07 13:23:53','YYYY-MM-DD HH24:MI:SS'), 'D6011B340DA949CFB33D4805D2EA235A', 1, 'PERSON', '1230');
insert into KRIM_ENTITY_ENT_TYP_T (ACTV_IND, LAST_UPDT_DT, OBJ_ID, VER_NBR, ENT_TYP_CD, ENTITY_ID) values ('Y', to_date('2009-10-07 13:23:53','YYYY-MM-DD HH24:MI:SS'), '6D5A6BB39F0E4DF0A22239626598881A', 1, 'PERSON', '1231');
insert into KRIM_ENTITY_ENT_TYP_T (ACTV_IND, LAST_UPDT_DT, OBJ_ID, VER_NBR, ENT_TYP_CD, ENTITY_ID) values ('Y', to_date('2009-10-07 13:23:53','YYYY-MM-DD HH24:MI:SS'), '8707A5CC43714AAAA6AC998027ECCA8D', 1, 'PERSON', '1232');
insert into KRIM_ENTITY_ENT_TYP_T (ACTV_IND, LAST_UPDT_DT, OBJ_ID, VER_NBR, ENT_TYP_CD, ENTITY_ID) values ('Y', to_date('2009-10-07 13:23:53','YYYY-MM-DD HH24:MI:SS'), '6540F2A90AD64589AA52FE2C9819D8C8', 1, 'PERSON', '1233');
insert into KRIM_ENTITY_ENT_TYP_T (ACTV_IND, LAST_UPDT_DT, OBJ_ID, VER_NBR, ENT_TYP_CD, ENTITY_ID) values ('Y', to_date('2009-10-07 13:23:53','YYYY-MM-DD HH24:MI:SS'), 'D870A34D60A74991A11A11D4F3C1D0E1', 1, 'PERSON', '1234');
insert into KRIM_ENTITY_ENT_TYP_T (ACTV_IND, LAST_UPDT_DT, OBJ_ID, VER_NBR, ENT_TYP_CD, ENTITY_ID) values ('Y', to_date('2009-10-07 13:23:53','YYYY-MM-DD HH24:MI:SS'), '51919B1B62DA4BFE9361C82F322EDA65', 1, 'PERSON', '1235');
insert into KRIM_ENTITY_ENT_TYP_T (ACTV_IND, LAST_UPDT_DT, OBJ_ID, VER_NBR, ENT_TYP_CD, ENTITY_ID) values ('Y', to_date('2009-10-07 13:23:53','YYYY-MM-DD HH24:MI:SS'), 'A2873923F06941C98938C8C2533CED80', 1, 'PERSON', '1236');
insert into KRIM_ENTITY_ENT_TYP_T (ACTV_IND, LAST_UPDT_DT, OBJ_ID, VER_NBR, ENT_TYP_CD, ENTITY_ID) values ('Y', to_date('2009-10-07 13:23:53','YYYY-MM-DD HH24:MI:SS'), 'FC326B254C96442EA3A6E36F09F54C65', 1, 'PERSON', '1237');
insert into KRIM_ENTITY_ENT_TYP_T (ACTV_IND, LAST_UPDT_DT, OBJ_ID, VER_NBR, ENT_TYP_CD, ENTITY_ID) values ('Y', to_date('2009-10-07 13:23:53','YYYY-MM-DD HH24:MI:SS'), '51E6DB286781450DB431A0F4ADC066BD', 1, 'PERSON', '1238');
insert into KRIM_ENTITY_ENT_TYP_T (ACTV_IND, LAST_UPDT_DT, OBJ_ID, VER_NBR, ENT_TYP_CD, ENTITY_ID) values ('Y', to_date('2009-10-07 13:23:53','YYYY-MM-DD HH24:MI:SS'), 'DB5A16E7BA7441759CB2579AF79053C7', 1, 'PERSON', '1239');
insert into KRIM_ENTITY_ENT_TYP_T (ACTV_IND, LAST_UPDT_DT, OBJ_ID, VER_NBR, ENT_TYP_CD, ENTITY_ID) values ('Y', to_date('2009-10-07 13:23:53','YYYY-MM-DD HH24:MI:SS'), '8E145754BA07402ABD935D307C422594', 1, 'PERSON', '1240');
insert into KRIM_ENTITY_ENT_TYP_T (ACTV_IND, LAST_UPDT_DT, OBJ_ID, VER_NBR, ENT_TYP_CD, ENTITY_ID) values ('Y', to_date('2009-10-07 13:23:53','YYYY-MM-DD HH24:MI:SS'), '1DA016A1132A4EAFA9E0E2DDBD1028D7', 1, 'PERSON', '1241');
insert into KRIM_ENTITY_ENT_TYP_T (ACTV_IND, LAST_UPDT_DT, OBJ_ID, VER_NBR, ENT_TYP_CD, ENTITY_ID) values ('Y', to_date('2009-10-07 13:23:53','YYYY-MM-DD HH24:MI:SS'), '7B3C9C5F1AA74866A0F5C2D926E49801', 1, 'PERSON', '1242');
insert into KRIM_ENTITY_ENT_TYP_T (ACTV_IND, LAST_UPDT_DT, OBJ_ID, VER_NBR, ENT_TYP_CD, ENTITY_ID) values ('Y', to_date('2009-10-07 13:23:53','YYYY-MM-DD HH24:MI:SS'), '7FF4ECE8C5424CD9B2D350F65D5ABC09', 1, 'PERSON', '1243');

insert into KRIM_ENTITY_NM_T (ENTITY_NM_ID, OBJ_ID, VER_NBR, ENTITY_ID, NM_TYP_CD, FIRST_NM, MIDDLE_NM, LAST_NM, SUFFIX_NM, TITLE_NM, DFLT_IND, ACTV_IND, LAST_UPDT_DT) values ('1307', 'EC9B78CB6967428D9B4BD32C0E552104', 1, '1207', 'PRFR', 'Allyson', null, 'Cate', null, null, 'Y', 'Y', to_date('2009-10-07 13:23:53','YYYY-MM-DD HH24:MI:SS'));
insert into KRIM_ENTITY_NM_T (ENTITY_NM_ID, OBJ_ID, VER_NBR, ENTITY_ID, NM_TYP_CD, FIRST_NM, MIDDLE_NM, LAST_NM, SUFFIX_NM, TITLE_NM, DFLT_IND, ACTV_IND, LAST_UPDT_DT) values ('1308', '44FA726234D24D348FA3573176FF9EFB', 1, '1208', 'PRFR', 'JAY', null, 'HOULIHAN', null, null, 'Y', 'Y', to_date('2009-10-07 13:23:53','YYYY-MM-DD HH24:MI:SS'));
insert into KRIM_ENTITY_NM_T (ENTITY_NM_ID, OBJ_ID, VER_NBR, ENTITY_ID, NM_TYP_CD, FIRST_NM, MIDDLE_NM, LAST_NM, SUFFIX_NM, TITLE_NM, DFLT_IND, ACTV_IND, LAST_UPDT_DT) values ('1309', '6A3F72C3EAE345CDB3E7EB02BE3D121E', 1, '1209', 'PRFR', 'RAYMOND', null, 'PAULIN', null, null, 'Y', 'Y', to_date('2009-10-07 13:23:53','YYYY-MM-DD HH24:MI:SS'));
insert into KRIM_ENTITY_NM_T (ENTITY_NM_ID, OBJ_ID, VER_NBR, ENTITY_ID, NM_TYP_CD, FIRST_NM, MIDDLE_NM, LAST_NM, SUFFIX_NM, TITLE_NM, DFLT_IND, ACTV_IND, LAST_UPDT_DT) values ('1310', 'DC44F8E1779A4F49BF36EB54766A595C', 1, '1210', 'PRFR', 'DOMINIC', null, 'NUGENT', null, null, 'Y', 'Y', to_date('2009-10-07 13:23:53','YYYY-MM-DD HH24:MI:SS'));
insert into KRIM_ENTITY_NM_T (ENTITY_NM_ID, OBJ_ID, VER_NBR, ENTITY_ID, NM_TYP_CD, FIRST_NM, MIDDLE_NM, LAST_NM, SUFFIX_NM, TITLE_NM, DFLT_IND, ACTV_IND, LAST_UPDT_DT) values ('1311', 'F788743F2EC945EAA2C549BB719BB6F3', 1, '1211', 'PRFR', 'MARLON', null, 'SHORTER', null, null, 'Y', 'Y', to_date('2009-10-07 13:23:53','YYYY-MM-DD HH24:MI:SS'));
insert into KRIM_ENTITY_NM_T (ENTITY_NM_ID, OBJ_ID, VER_NBR, ENTITY_ID, NM_TYP_CD, FIRST_NM, MIDDLE_NM, LAST_NM, SUFFIX_NM, TITLE_NM, DFLT_IND, ACTV_IND, LAST_UPDT_DT) values ('1312', '2715F68EF3A34109A0572A86A1978143', 1, '1212', 'PRFR', 'MARGUERITE', null, 'UNDERWOOD', null, null, 'Y', 'Y', to_date('2009-10-07 13:23:53','YYYY-MM-DD HH24:MI:SS'));
insert into KRIM_ENTITY_NM_T (ENTITY_NM_ID, OBJ_ID, VER_NBR, ENTITY_ID, NM_TYP_CD, FIRST_NM, MIDDLE_NM, LAST_NM, SUFFIX_NM, TITLE_NM, DFLT_IND, ACTV_IND, LAST_UPDT_DT) values ('1313', '988D0B4213BF4FFCAC142F88B6CA57F4', 1, '1213', 'PRFR', 'HIRAM', null, 'EUBANK', null, null, 'Y', 'Y', to_date('2009-10-07 13:23:53','YYYY-MM-DD HH24:MI:SS'));
insert into KRIM_ENTITY_NM_T (ENTITY_NM_ID, OBJ_ID, VER_NBR, ENTITY_ID, NM_TYP_CD, FIRST_NM, MIDDLE_NM, LAST_NM, SUFFIX_NM, TITLE_NM, DFLT_IND, ACTV_IND, LAST_UPDT_DT) values ('1314', '40087F6EAB474C3E9BF479CC0FAFC601', 1, '1214', 'PRFR', 'LLOYD', null, 'BARGER', null, null, 'Y', 'Y', to_date('2009-10-07 13:23:53','YYYY-MM-DD HH24:MI:SS'));
insert into KRIM_ENTITY_NM_T (ENTITY_NM_ID, OBJ_ID, VER_NBR, ENTITY_ID, NM_TYP_CD, FIRST_NM, MIDDLE_NM, LAST_NM, SUFFIX_NM, TITLE_NM, DFLT_IND, ACTV_IND, LAST_UPDT_DT) values ('1315', '0A3C9C7830D44DBEB0E371DD052C3C64', 1, '1215', 'PRFR', 'JUANA', null, 'KAHLER', null, null, 'Y', 'Y', to_date('2009-10-07 13:23:53','YYYY-MM-DD HH24:MI:SS'));
insert into KRIM_ENTITY_NM_T (ENTITY_NM_ID, OBJ_ID, VER_NBR, ENTITY_ID, NM_TYP_CD, FIRST_NM, MIDDLE_NM, LAST_NM, SUFFIX_NM, TITLE_NM, DFLT_IND, ACTV_IND, LAST_UPDT_DT) values ('1316', '64DFBE17EEE9416A84EA34BE0155FC79', 1, '1216', 'PRFR', 'ELBA', null, 'BYLER', null, null, 'Y', 'Y', to_date('2009-10-07 13:23:53','YYYY-MM-DD HH24:MI:SS'));
insert into KRIM_ENTITY_NM_T (ENTITY_NM_ID, OBJ_ID, VER_NBR, ENTITY_ID, NM_TYP_CD, FIRST_NM, MIDDLE_NM, LAST_NM, SUFFIX_NM, TITLE_NM, DFLT_IND, ACTV_IND, LAST_UPDT_DT) values ('1317', '70C3FF5DDCA54C0CB06B1D93E31A633F', 1, '1217', 'PRFR', 'ALAN', null, 'MCAFEE', null, null, 'Y', 'Y', to_date('2009-10-07 13:23:53','YYYY-MM-DD HH24:MI:SS'));
insert into KRIM_ENTITY_NM_T (ENTITY_NM_ID, OBJ_ID, VER_NBR, ENTITY_ID, NM_TYP_CD, FIRST_NM, MIDDLE_NM, LAST_NM, SUFFIX_NM, TITLE_NM, DFLT_IND, ACTV_IND, LAST_UPDT_DT) values ('1318', '2C6DB9F09E2449A6B625A53D59ABD2BB', 1, '1218', 'PRFR', 'HENRY', null, 'WESTFALL', null, null, 'Y', 'Y', to_date('2009-10-07 13:23:53','YYYY-MM-DD HH24:MI:SS'));
insert into KRIM_ENTITY_NM_T (ENTITY_NM_ID, OBJ_ID, VER_NBR, ENTITY_ID, NM_TYP_CD, FIRST_NM, MIDDLE_NM, LAST_NM, SUFFIX_NM, TITLE_NM, DFLT_IND, ACTV_IND, LAST_UPDT_DT) values ('1319', '2B6F84FD7AF24359BB1ED6A8FBF39D93', 1, '1219', 'PRFR', 'BURT', null, 'SHANKLE', null, null, 'Y', 'Y', to_date('2009-10-07 13:23:53','YYYY-MM-DD HH24:MI:SS'));
insert into KRIM_ENTITY_NM_T (ENTITY_NM_ID, OBJ_ID, VER_NBR, ENTITY_ID, NM_TYP_CD, FIRST_NM, MIDDLE_NM, LAST_NM, SUFFIX_NM, TITLE_NM, DFLT_IND, ACTV_IND, LAST_UPDT_DT) values ('1320', '37F5FE7209E847AA8CA008AEEFE6613F', 1, '1220', 'PRFR', 'ROBERTA', null, 'FERLAND', null, null, 'Y', 'Y', to_date('2009-10-07 13:23:53','YYYY-MM-DD HH24:MI:SS'));
insert into KRIM_ENTITY_NM_T (ENTITY_NM_ID, OBJ_ID, VER_NBR, ENTITY_ID, NM_TYP_CD, FIRST_NM, MIDDLE_NM, LAST_NM, SUFFIX_NM, TITLE_NM, DFLT_IND, ACTV_IND, LAST_UPDT_DT) values ('1321', 'C0AC9C33FFA745659D452E7982A3C4F0', 1, '1221', 'PRFR', 'KENDRICK', null, 'CRABTREE', null, null, 'Y', 'Y', to_date('2009-10-07 13:23:53','YYYY-MM-DD HH24:MI:SS'));
insert into KRIM_ENTITY_NM_T (ENTITY_NM_ID, OBJ_ID, VER_NBR, ENTITY_ID, NM_TYP_CD, FIRST_NM, MIDDLE_NM, LAST_NM, SUFFIX_NM, TITLE_NM, DFLT_IND, ACTV_IND, LAST_UPDT_DT) values ('1322', '60C4940B720A4713835F74A3FAC07940', 1, '1222', 'PRFR', 'OLIVE', null, 'FELKER', null, null, 'Y', 'Y', to_date('2009-10-07 13:23:53','YYYY-MM-DD HH24:MI:SS'));
insert into KRIM_ENTITY_NM_T (ENTITY_NM_ID, OBJ_ID, VER_NBR, ENTITY_ID, NM_TYP_CD, FIRST_NM, MIDDLE_NM, LAST_NM, SUFFIX_NM, TITLE_NM, DFLT_IND, ACTV_IND, LAST_UPDT_DT) values ('1323', '5CBF64B953E14656BDA279EF1476C2C9', 1, '1223', 'PRFR', 'AUDREY', null, 'MARTIN', null, null, 'Y', 'Y', to_date('2009-10-07 13:23:53','YYYY-MM-DD HH24:MI:SS'));
insert into KRIM_ENTITY_NM_T (ENTITY_NM_ID, OBJ_ID, VER_NBR, ENTITY_ID, NM_TYP_CD, FIRST_NM, MIDDLE_NM, LAST_NM, SUFFIX_NM, TITLE_NM, DFLT_IND, ACTV_IND, LAST_UPDT_DT) values ('1324', '8B0F6AF96F9B4808817F5B232DECA775', 1, '1224', 'PRFR', 'EVERETTE', null, 'STERNER', null, null, 'Y', 'Y', to_date('2009-10-07 13:23:53','YYYY-MM-DD HH24:MI:SS'));
insert into KRIM_ENTITY_NM_T (ENTITY_NM_ID, OBJ_ID, VER_NBR, ENTITY_ID, NM_TYP_CD, FIRST_NM, MIDDLE_NM, LAST_NM, SUFFIX_NM, TITLE_NM, DFLT_IND, ACTV_IND, LAST_UPDT_DT) values ('1325', '9599DA4A36A94130A0BFF3186959134B', 1, '1225', 'PRFR', 'CORINA', null, 'BAYLESS', null, null, 'Y', 'Y', to_date('2009-10-07 13:23:53','YYYY-MM-DD HH24:MI:SS'));
insert into KRIM_ENTITY_NM_T (ENTITY_NM_ID, OBJ_ID, VER_NBR, ENTITY_ID, NM_TYP_CD, FIRST_NM, MIDDLE_NM, LAST_NM, SUFFIX_NM, TITLE_NM, DFLT_IND, ACTV_IND, LAST_UPDT_DT) values ('1326', '432DA87A7A5E43F9A1F358D672D04450', 1, '1226', 'PRFR', 'THEODORE', null, 'KATO', null, null, 'Y', 'Y', to_date('2009-10-07 13:23:53','YYYY-MM-DD HH24:MI:SS'));
insert into KRIM_ENTITY_NM_T (ENTITY_NM_ID, OBJ_ID, VER_NBR, ENTITY_ID, NM_TYP_CD, FIRST_NM, MIDDLE_NM, LAST_NM, SUFFIX_NM, TITLE_NM, DFLT_IND, ACTV_IND, LAST_UPDT_DT) values ('1327', '3EE6CF26B163442A91462391406DC577', 1, '1227', 'PRFR', 'CLAUDIA', null, 'HOVIS', null, null, 'Y', 'Y', to_date('2009-10-07 13:23:53','YYYY-MM-DD HH24:MI:SS'));
insert into KRIM_ENTITY_NM_T (ENTITY_NM_ID, OBJ_ID, VER_NBR, ENTITY_ID, NM_TYP_CD, FIRST_NM, MIDDLE_NM, LAST_NM, SUFFIX_NM, TITLE_NM, DFLT_IND, ACTV_IND, LAST_UPDT_DT) values ('1328', '581E6C117DF343AFB5948D7753F2A1BE', 1, '1228', 'PRFR', 'RAFAEL', null, 'MCINTYRE', null, null, 'Y', 'Y', to_date('2009-10-07 13:23:53','YYYY-MM-DD HH24:MI:SS'));
insert into KRIM_ENTITY_NM_T (ENTITY_NM_ID, OBJ_ID, VER_NBR, ENTITY_ID, NM_TYP_CD, FIRST_NM, MIDDLE_NM, LAST_NM, SUFFIX_NM, TITLE_NM, DFLT_IND, ACTV_IND, LAST_UPDT_DT) values ('1329', 'D91D4A04C4F847778178F5C772355DE3', 1, '1229', 'PRFR', 'EMORY', null, 'EAGLE', null, null, 'Y', 'Y', to_date('2009-10-07 13:23:53','YYYY-MM-DD HH24:MI:SS'));
insert into KRIM_ENTITY_NM_T (ENTITY_NM_ID, OBJ_ID, VER_NBR, ENTITY_ID, NM_TYP_CD, FIRST_NM, MIDDLE_NM, LAST_NM, SUFFIX_NM, TITLE_NM, DFLT_IND, ACTV_IND, LAST_UPDT_DT) values ('1330', '89ED6154551344BE97FF5EC315363147', 1, '1230', 'PRFR', 'MITZI', null, 'POND', null, null, 'Y', 'Y', to_date('2009-10-07 13:23:53','YYYY-MM-DD HH24:MI:SS'));
insert into KRIM_ENTITY_NM_T (ENTITY_NM_ID, OBJ_ID, VER_NBR, ENTITY_ID, NM_TYP_CD, FIRST_NM, MIDDLE_NM, LAST_NM, SUFFIX_NM, TITLE_NM, DFLT_IND, ACTV_IND, LAST_UPDT_DT) values ('1331', 'FF9CAEAAD902492397929991BB46B650', 1, '1231', 'PRFR', 'ANGELICA', null, 'FLAHERTY', null, null, 'Y', 'Y', to_date('2009-10-07 13:23:53','YYYY-MM-DD HH24:MI:SS'));
insert into KRIM_ENTITY_NM_T (ENTITY_NM_ID, OBJ_ID, VER_NBR, ENTITY_ID, NM_TYP_CD, FIRST_NM, MIDDLE_NM, LAST_NM, SUFFIX_NM, TITLE_NM, DFLT_IND, ACTV_IND, LAST_UPDT_DT) values ('1332', '29010EACB9D548E6AFC22A93E90410CE', 1, '1232', 'PRFR', 'MASON', null, 'KOSS', null, null, 'Y', 'Y', to_date('2009-10-07 13:23:53','YYYY-MM-DD HH24:MI:SS'));
insert into KRIM_ENTITY_NM_T (ENTITY_NM_ID, OBJ_ID, VER_NBR, ENTITY_ID, NM_TYP_CD, FIRST_NM, MIDDLE_NM, LAST_NM, SUFFIX_NM, TITLE_NM, DFLT_IND, ACTV_IND, LAST_UPDT_DT) values ('1333', '19A4D63A337147A98821B257E339836A', 1, '1233', 'PRFR', 'ORA', null, 'MCEACHERN', null, null, 'Y', 'Y', to_date('2009-10-07 13:23:53','YYYY-MM-DD HH24:MI:SS'));
insert into KRIM_ENTITY_NM_T (ENTITY_NM_ID, OBJ_ID, VER_NBR, ENTITY_ID, NM_TYP_CD, FIRST_NM, MIDDLE_NM, LAST_NM, SUFFIX_NM, TITLE_NM, DFLT_IND, ACTV_IND, LAST_UPDT_DT) values ('1334', 'A660CE075B7F446CA3FFEEBAAB8748A2', 1, '1234', 'PRFR', 'WM', null, 'ACUNA', null, null, 'Y', 'Y', to_date('2009-10-07 13:23:53','YYYY-MM-DD HH24:MI:SS'));
insert into KRIM_ENTITY_NM_T (ENTITY_NM_ID, OBJ_ID, VER_NBR, ENTITY_ID, NM_TYP_CD, FIRST_NM, MIDDLE_NM, LAST_NM, SUFFIX_NM, TITLE_NM, DFLT_IND, ACTV_IND, LAST_UPDT_DT) values ('1335', 'AC1A71FD5C11491D8C95A28873856C70', 1, '1235', 'PRFR', 'MARITZA', null, 'SCHULTE', null, null, 'Y', 'Y', to_date('2009-10-07 13:23:53','YYYY-MM-DD HH24:MI:SS'));
insert into KRIM_ENTITY_NM_T (ENTITY_NM_ID, OBJ_ID, VER_NBR, ENTITY_ID, NM_TYP_CD, FIRST_NM, MIDDLE_NM, LAST_NM, SUFFIX_NM, TITLE_NM, DFLT_IND, ACTV_IND, LAST_UPDT_DT) values ('1336', '4483FE38C9FE4DEC941654755F2E5DF7', 1, '1236', 'PRFR', 'OLIVER', null, 'DEVRIES', null, null, 'Y', 'Y', to_date('2009-10-07 13:23:53','YYYY-MM-DD HH24:MI:SS'));
insert into KRIM_ENTITY_NM_T (ENTITY_NM_ID, OBJ_ID, VER_NBR, ENTITY_ID, NM_TYP_CD, FIRST_NM, MIDDLE_NM, LAST_NM, SUFFIX_NM, TITLE_NM, DFLT_IND, ACTV_IND, LAST_UPDT_DT) values ('1337', '62971313B2E944E59D6B4A31BA840625', 1, '1237', 'PRFR', 'DARREN', null, 'DEVANEY', null, null, 'Y', 'Y', to_date('2009-10-07 13:23:53','YYYY-MM-DD HH24:MI:SS'));
insert into KRIM_ENTITY_NM_T (ENTITY_NM_ID, OBJ_ID, VER_NBR, ENTITY_ID, NM_TYP_CD, FIRST_NM, MIDDLE_NM, LAST_NM, SUFFIX_NM, TITLE_NM, DFLT_IND, ACTV_IND, LAST_UPDT_DT) values ('1338', '59C74EA04173420EA9D6E9652E1DCA81', 1, '1238', 'PRFR', 'PAULETTE', null, 'SMOCK', null, null, 'Y', 'Y', to_date('2009-10-07 13:23:53','YYYY-MM-DD HH24:MI:SS'));
insert into KRIM_ENTITY_NM_T (ENTITY_NM_ID, OBJ_ID, VER_NBR, ENTITY_ID, NM_TYP_CD, FIRST_NM, MIDDLE_NM, LAST_NM, SUFFIX_NM, TITLE_NM, DFLT_IND, ACTV_IND, LAST_UPDT_DT) values ('1339', '281864CCB3154CE4B7C20A7A9126F5E3', 1, '1239', 'PRFR', 'LOGAN', null, 'CLINKSCALES', null, null, 'Y', 'Y', to_date('2009-10-07 13:23:53','YYYY-MM-DD HH24:MI:SS'));
insert into KRIM_ENTITY_NM_T (ENTITY_NM_ID, OBJ_ID, VER_NBR, ENTITY_ID, NM_TYP_CD, FIRST_NM, MIDDLE_NM, LAST_NM, SUFFIX_NM, TITLE_NM, DFLT_IND, ACTV_IND, LAST_UPDT_DT) values ('1340', 'E9F62236D80047388D194D067FDAB50D', 1, '1240', 'PRFR', 'ANTWAN', null, 'BRUNELLE', null, null, 'Y', 'Y', to_date('2009-10-07 13:23:53','YYYY-MM-DD HH24:MI:SS'));
insert into KRIM_ENTITY_NM_T (ENTITY_NM_ID, OBJ_ID, VER_NBR, ENTITY_ID, NM_TYP_CD, FIRST_NM, MIDDLE_NM, LAST_NM, SUFFIX_NM, TITLE_NM, DFLT_IND, ACTV_IND, LAST_UPDT_DT) values ('1341', '5F0E4FD6488E491D815F8F499CF600D4', 1, '1241', 'PRFR', 'CONCETTA', null, 'BERNAL', null, null, 'Y', 'Y', to_date('2009-10-07 13:23:53','YYYY-MM-DD HH24:MI:SS'));
insert into KRIM_ENTITY_NM_T (ENTITY_NM_ID, OBJ_ID, VER_NBR, ENTITY_ID, NM_TYP_CD, FIRST_NM, MIDDLE_NM, LAST_NM, SUFFIX_NM, TITLE_NM, DFLT_IND, ACTV_IND, LAST_UPDT_DT) values ('1342', '89C763C29CAA48D8897D404BEC23CFB8', 1, '1242', 'PRFR', 'BARBRA', null, 'BORST', null, null, 'Y', 'Y', to_date('2009-10-07 13:23:53','YYYY-MM-DD HH24:MI:SS'));
insert into KRIM_ENTITY_NM_T (ENTITY_NM_ID, OBJ_ID, VER_NBR, ENTITY_ID, NM_TYP_CD, FIRST_NM, MIDDLE_NM, LAST_NM, SUFFIX_NM, TITLE_NM, DFLT_IND, ACTV_IND, LAST_UPDT_DT) values ('1343', 'E026E8B6485E497786DA09554D89484A', 1, '1243', 'PRFR', 'WALLACE', null, 'SOILEAU', null, null, 'Y', 'Y', to_date('2009-10-07 13:23:53','YYYY-MM-DD HH24:MI:SS'));



insert into KRIM_ROLE_MBR_T (ROLE_MBR_ID, VER_NBR, OBJ_ID, ROLE_ID, MBR_ID, MBR_TYP_CD, ACTV_FRM_DT, ACTV_TO_DT, LAST_UPDT_DT) values ('1493', 1, 'E1CFE95D00CF40F58B8ECAA10429A2E2', '1114', '000000004', 'P', null, null, to_date('2009-10-07 15:41:46','YYYY-MM-DD HH24:MI:SS'));
insert into KRIM_ROLE_MBR_T (ROLE_MBR_ID, VER_NBR, OBJ_ID, ROLE_ID, MBR_ID, MBR_TYP_CD, ACTV_FRM_DT, ACTV_TO_DT, LAST_UPDT_DT) values ('1494', 1, 'C304C8803E0C4C60A15F353796AFB88F', '1114', '000000004', 'P', null, null, to_date('2009-10-07 15:41:46','YYYY-MM-DD HH24:MI:SS'));
insert into KRIM_ROLE_MBR_T (ROLE_MBR_ID, VER_NBR, OBJ_ID, ROLE_ID, MBR_ID, MBR_TYP_CD, ACTV_FRM_DT, ACTV_TO_DT, LAST_UPDT_DT) values ('1495', 1, '5B41A8DB5D494AA5AA966A4325D37524', '1114', '000000004', 'P', null, null, to_date('2009-10-07 15:41:46','YYYY-MM-DD HH24:MI:SS'));
insert into KRIM_ROLE_MBR_T (ROLE_MBR_ID, VER_NBR, OBJ_ID, ROLE_ID, MBR_ID, MBR_TYP_CD, ACTV_FRM_DT, ACTV_TO_DT, LAST_UPDT_DT) values ('1496', 1, '45E4CBF5F06C4414B9FF183E2865DB3C', '1114', '000000005', 'P', null, null, to_date('2009-10-07 15:41:46','YYYY-MM-DD HH24:MI:SS'));
insert into KRIM_ROLE_MBR_T (ROLE_MBR_ID, VER_NBR, OBJ_ID, ROLE_ID, MBR_ID, MBR_TYP_CD, ACTV_FRM_DT, ACTV_TO_DT, LAST_UPDT_DT) values ('1497', 1, '3407C9B9D33A4B118EA0F638D63AC2D8', '1114', '000000005', 'P', null, null, to_date('2009-10-07 15:41:46','YYYY-MM-DD HH24:MI:SS'));
insert into KRIM_ROLE_MBR_T (ROLE_MBR_ID, VER_NBR, OBJ_ID, ROLE_ID, MBR_ID, MBR_TYP_CD, ACTV_FRM_DT, ACTV_TO_DT, LAST_UPDT_DT) values ('1498', 1, 'B3E7166C0FB34B37B29E2C558ED6E060', '1114', '000000005', 'P', null, null, to_date('2009-10-07 15:41:46','YYYY-MM-DD HH24:MI:SS'));
insert into KRIM_ROLE_MBR_T (ROLE_MBR_ID, VER_NBR, OBJ_ID, ROLE_ID, MBR_ID, MBR_TYP_CD, ACTV_FRM_DT, ACTV_TO_DT, LAST_UPDT_DT) values ('1499', 1, 'E0CD03C8365F4AE998EE5172DA2D70E6', '1114', '000000006', 'P', null, null, to_date('2009-10-07 15:41:46','YYYY-MM-DD HH24:MI:SS'));
insert into KRIM_ROLE_MBR_T (ROLE_MBR_ID, VER_NBR, OBJ_ID, ROLE_ID, MBR_ID, MBR_TYP_CD, ACTV_FRM_DT, ACTV_TO_DT, LAST_UPDT_DT) values ('1500', 1, 'E97DE1D80AC543BC90D55D7375937962', '1114', '000000006', 'P', null, null, to_date('2009-10-07 15:41:46','YYYY-MM-DD HH24:MI:SS'));
insert into KRIM_ROLE_MBR_T (ROLE_MBR_ID, VER_NBR, OBJ_ID, ROLE_ID, MBR_ID, MBR_TYP_CD, ACTV_FRM_DT, ACTV_TO_DT, LAST_UPDT_DT) values ('1501', 1, 'FDBD18EA6CE54CB3B81A7CC65DDA6939', '1114', '000000006', 'P', null, null, to_date('2009-10-07 15:41:46','YYYY-MM-DD HH24:MI:SS'));
insert into KRIM_ROLE_MBR_T (ROLE_MBR_ID, VER_NBR, OBJ_ID, ROLE_ID, MBR_ID, MBR_TYP_CD, ACTV_FRM_DT, ACTV_TO_DT, LAST_UPDT_DT) values ('1502', 1, 'DB35E8DF4CC94C3594C4E01F4800F1C5', '1114', '000000001', 'P', null, null, to_date('2009-10-07 15:41:46','YYYY-MM-DD HH24:MI:SS'));
insert into KRIM_ROLE_MBR_T (ROLE_MBR_ID, VER_NBR, OBJ_ID, ROLE_ID, MBR_ID, MBR_TYP_CD, ACTV_FRM_DT, ACTV_TO_DT, LAST_UPDT_DT) values ('1503', 1, '457C4984AEB34CAA98B1A22AB1AD9101', '1114', '000000001', 'P', null, null, to_date('2009-10-07 15:41:46','YYYY-MM-DD HH24:MI:SS'));
insert into KRIM_ROLE_MBR_T (ROLE_MBR_ID, VER_NBR, OBJ_ID, ROLE_ID, MBR_ID, MBR_TYP_CD, ACTV_FRM_DT, ACTV_TO_DT, LAST_UPDT_DT) values ('1504', 1, 'F3865292DD3F4B0CB6AE5FC6E9A9F401', '1114', '000000001', 'P', null, null, to_date('2009-10-07 15:41:46','YYYY-MM-DD HH24:MI:SS'));
insert into KRIM_ROLE_MBR_T (ROLE_MBR_ID, VER_NBR, OBJ_ID, ROLE_ID, MBR_ID, MBR_TYP_CD, ACTV_FRM_DT, ACTV_TO_DT, LAST_UPDT_DT) values ('1505', 1, '15063A8CEBA444BFB179431F430E5178', '1114', '000000002', 'P', null, null, to_date('2009-10-07 15:41:46','YYYY-MM-DD HH24:MI:SS'));
insert into KRIM_ROLE_MBR_T (ROLE_MBR_ID, VER_NBR, OBJ_ID, ROLE_ID, MBR_ID, MBR_TYP_CD, ACTV_FRM_DT, ACTV_TO_DT, LAST_UPDT_DT) values ('1506', 1, '0E60B3AA26234EAB86A690F53BCC7B7F', '1114', '000000002', 'P', null, null, to_date('2009-10-07 15:41:46','YYYY-MM-DD HH24:MI:SS'));
insert into KRIM_ROLE_MBR_T (ROLE_MBR_ID, VER_NBR, OBJ_ID, ROLE_ID, MBR_ID, MBR_TYP_CD, ACTV_FRM_DT, ACTV_TO_DT, LAST_UPDT_DT) values ('1507', 1, '3DDAB38563F44850A6554E48CC2127F4', '1114', '000000002', 'P', null, null, to_date('2009-10-07 15:41:46','YYYY-MM-DD HH24:MI:SS'));
insert into KRIM_ROLE_MBR_T (ROLE_MBR_ID, VER_NBR, OBJ_ID, ROLE_ID, MBR_ID, MBR_TYP_CD, ACTV_FRM_DT, ACTV_TO_DT, LAST_UPDT_DT) values ('1519', 1, '3F260346A4FA412182FD1C34ADA64061', '1114', '000000004', 'P', null, null, to_date('2009-10-07 15:41:46','YYYY-MM-DD HH24:MI:SS'));
insert into KRIM_ROLE_MBR_T (ROLE_MBR_ID, VER_NBR, OBJ_ID, ROLE_ID, MBR_ID, MBR_TYP_CD, ACTV_FRM_DT, ACTV_TO_DT, LAST_UPDT_DT) values ('1520', 1, 'D9F857F4FB8F4D26A7ECDF3ECBCC80E9', '1114', '000000005', 'P', null, null, to_date('2009-10-07 15:41:46','YYYY-MM-DD HH24:MI:SS'));
insert into KRIM_ROLE_MBR_T (ROLE_MBR_ID, VER_NBR, OBJ_ID, ROLE_ID, MBR_ID, MBR_TYP_CD, ACTV_FRM_DT, ACTV_TO_DT, LAST_UPDT_DT) values ('1521', 1, 'ABACD800E6914D3285ED02D43EF60561', '1114', '000000006', 'P', null, null, to_date('2009-10-07 15:41:46','YYYY-MM-DD HH24:MI:SS'));
insert into KRIM_ROLE_MBR_T (ROLE_MBR_ID, VER_NBR, OBJ_ID, ROLE_ID, MBR_ID, MBR_TYP_CD, ACTV_FRM_DT, ACTV_TO_DT, LAST_UPDT_DT) values ('1522', 1, 'C5D9687DF34C4DA7B7D76D1D0CB2ABD9', '1114', '000000001', 'P', null, null, to_date('2009-10-07 15:41:46','YYYY-MM-DD HH24:MI:SS'));
insert into KRIM_ROLE_MBR_T (ROLE_MBR_ID, VER_NBR, OBJ_ID, ROLE_ID, MBR_ID, MBR_TYP_CD, ACTV_FRM_DT, ACTV_TO_DT, LAST_UPDT_DT) values ('1523', 1, '477DD8FD7ABB487CB618208B40CCB06D', '1114', '000000002', 'P', null, null, to_date('2009-10-07 15:41:46','YYYY-MM-DD HH24:MI:SS'));


insert into KRIM_ROLE_MBR_T (ROLE_MBR_ID, VER_NBR, OBJ_ID, ROLE_ID, MBR_ID, MBR_TYP_CD, ACTV_FRM_DT, ACTV_TO_DT, LAST_UPDT_DT) values ('1525', 1, '45123CFAB0A944C8B30F0374BC1112AD', '1114', '2', 'P', null, null, to_date('2009-10-07 15:41:46','YYYY-MM-DD HH24:MI:SS'));
insert into KRIM_ROLE_MBR_T (ROLE_MBR_ID, VER_NBR, OBJ_ID, ROLE_ID, MBR_ID, MBR_TYP_CD, ACTV_FRM_DT, ACTV_TO_DT, LAST_UPDT_DT) values ('1526', 1, 'D6BD9F2976BD42EBB9D71D43B5E09251', '1114', '2', 'P', null, null, to_date('2009-10-07 15:41:46','YYYY-MM-DD HH24:MI:SS'));
insert into KRIM_ROLE_MBR_T (ROLE_MBR_ID, VER_NBR, OBJ_ID, ROLE_ID, MBR_ID, MBR_TYP_CD, ACTV_FRM_DT, ACTV_TO_DT, LAST_UPDT_DT) values ('1527', 1, 'E04F2395435F41AC8AE3F2D70D0B01D8', '1114', '3', 'P', null, null, to_date('2009-10-07 15:41:46','YYYY-MM-DD HH24:MI:SS'));
insert into KRIM_ROLE_MBR_T (ROLE_MBR_ID, VER_NBR, OBJ_ID, ROLE_ID, MBR_ID, MBR_TYP_CD, ACTV_FRM_DT, ACTV_TO_DT, LAST_UPDT_DT) values ('1528', 1, 'E7622699892E4517995685AC263B81E8', '1114', '3', 'P', null, null, to_date('2009-10-07 15:41:46','YYYY-MM-DD HH24:MI:SS'));
insert into KRIM_ROLE_MBR_T (ROLE_MBR_ID, VER_NBR, OBJ_ID, ROLE_ID, MBR_ID, MBR_TYP_CD, ACTV_FRM_DT, ACTV_TO_DT, LAST_UPDT_DT) values ('1529', 1, '0EFCFD63FEFA4CC299A2CC1245FC3B8F', '1114', '3', 'P', null, null, to_date('2009-10-07 15:41:46','YYYY-MM-DD HH24:MI:SS'));
insert into KRIM_ROLE_MBR_T (ROLE_MBR_ID, VER_NBR, OBJ_ID, ROLE_ID, MBR_ID, MBR_TYP_CD, ACTV_FRM_DT, ACTV_TO_DT, LAST_UPDT_DT) values ('1530', 1, '739DA6C9D50243A08EF4842F9AB3C4FC', '1114', '4', 'P', null, null, to_date('2009-10-07 15:41:46','YYYY-MM-DD HH24:MI:SS'));
insert into KRIM_ROLE_MBR_T (ROLE_MBR_ID, VER_NBR, OBJ_ID, ROLE_ID, MBR_ID, MBR_TYP_CD, ACTV_FRM_DT, ACTV_TO_DT, LAST_UPDT_DT) values ('1531', 1, '5CB7919BF7294A6C84A7CD6BDC82134B', '1114', '4', 'P', null, null, to_date('2009-10-07 15:41:46','YYYY-MM-DD HH24:MI:SS'));
insert into KRIM_ROLE_MBR_T (ROLE_MBR_ID, VER_NBR, OBJ_ID, ROLE_ID, MBR_ID, MBR_TYP_CD, ACTV_FRM_DT, ACTV_TO_DT, LAST_UPDT_DT) values ('1532', 1, '9B327A74EEB8420F9C0DA9D88EB91DA8', '1114', '4', 'P', null, null, to_date('2009-10-07 15:41:46','YYYY-MM-DD HH24:MI:SS'));
insert into KRIM_ROLE_MBR_T (ROLE_MBR_ID, VER_NBR, OBJ_ID, ROLE_ID, MBR_ID, MBR_TYP_CD, ACTV_FRM_DT, ACTV_TO_DT, LAST_UPDT_DT) values ('1533', 1, '9D09611E5CE844C19F8D20F968912AA6', '1114', '5', 'P', null, null, to_date('2009-10-07 15:41:46','YYYY-MM-DD HH24:MI:SS'));
insert into KRIM_ROLE_MBR_T (ROLE_MBR_ID, VER_NBR, OBJ_ID, ROLE_ID, MBR_ID, MBR_TYP_CD, ACTV_FRM_DT, ACTV_TO_DT, LAST_UPDT_DT) values ('1534', 1, '5190BFAB17F94CD0BB63AB71071E7178', '1114', '5', 'P', null, null, to_date('2009-10-07 15:41:46','YYYY-MM-DD HH24:MI:SS'));
insert into KRIM_ROLE_MBR_T (ROLE_MBR_ID, VER_NBR, OBJ_ID, ROLE_ID, MBR_ID, MBR_TYP_CD, ACTV_FRM_DT, ACTV_TO_DT, LAST_UPDT_DT) values ('1535', 1, 'EE81453A1ECA49A1A84FC35F90168DF5', '1114', '5', 'P', null, null, to_date('2009-10-07 15:41:46','YYYY-MM-DD HH24:MI:SS'));
insert into KRIM_ROLE_MBR_T (ROLE_MBR_ID, VER_NBR, OBJ_ID, ROLE_ID, MBR_ID, MBR_TYP_CD, ACTV_FRM_DT, ACTV_TO_DT, LAST_UPDT_DT) values ('1536', 1, '3D2C60B613114D94A4208B773A913A25', '1114', '6', 'P', null, null, to_date('2009-10-07 15:41:46','YYYY-MM-DD HH24:MI:SS'));
insert into KRIM_ROLE_MBR_T (ROLE_MBR_ID, VER_NBR, OBJ_ID, ROLE_ID, MBR_ID, MBR_TYP_CD, ACTV_FRM_DT, ACTV_TO_DT, LAST_UPDT_DT) values ('1537', 1, '22B563AA1F0447FCA6C4D8BDCB11C577', '1114', '6', 'P', null, null, to_date('2009-10-07 15:41:46','YYYY-MM-DD HH24:MI:SS'));
insert into KRIM_ROLE_MBR_T (ROLE_MBR_ID, VER_NBR, OBJ_ID, ROLE_ID, MBR_ID, MBR_TYP_CD, ACTV_FRM_DT, ACTV_TO_DT, LAST_UPDT_DT) values ('1538', 1, '70819A0CD98746A18F91C9E1C4B79EDF', '1114', '6', 'P', null, null, to_date('2009-10-07 15:41:46','YYYY-MM-DD HH24:MI:SS'));
insert into KRIM_ROLE_MBR_T (ROLE_MBR_ID, VER_NBR, OBJ_ID, ROLE_ID, MBR_ID, MBR_TYP_CD, ACTV_FRM_DT, ACTV_TO_DT, LAST_UPDT_DT) values ('1539', 1, '8DEA7464D4E74D30B96CA91753A0FDBD', '1114', '2', 'P', null, null, to_date('2009-10-07 15:41:46','YYYY-MM-DD HH24:MI:SS'));

insert into KRIM_ROLE_MBR_T (ROLE_MBR_ID, VER_NBR, OBJ_ID, ROLE_ID, MBR_ID, MBR_TYP_CD, ACTV_FRM_DT, ACTV_TO_DT, LAST_UPDT_DT) values ('1288', 1, '48F2597F74A64A1F8014EEBF2EBE542E', '1103', '10000000048', 'P', null, null, to_date('2009-10-07 15:26:09','YYYY-MM-DD HH24:MI:SS'));

insert into KRIM_ROLE_MBR_T (ROLE_MBR_ID, VER_NBR, OBJ_ID, ROLE_ID, MBR_ID, MBR_TYP_CD, ACTV_FRM_DT, ACTV_TO_DT, LAST_UPDT_DT) values ('1283', 1, 'D0B057F8E7B949EFA94AE8CDA47DE41B', '63', 'admin', 'P', null, null, to_date('2008-12-08 12:00:00','YYYY-MM-DD HH24:MI:SS'));

UPDATE KRIM_ROLE_MBR_T T SET T.MBR_ID = '10000000060' WHERE T.MBR_ID = 'admin';

insert into KRIM_ROLE_MBR_T (ROLE_MBR_ID, VER_NBR, OBJ_ID, ROLE_ID, MBR_ID, MBR_TYP_CD, ACTV_FRM_DT, ACTV_TO_DT, LAST_UPDT_DT) values ('1603', 1, 'e7bb2612-3186-494c-a098-6e31e9f814d7', '1130', (SELECT PRNCPL_ID FROM KRIM_PRNCPL_T WHERE PRNCPL_NM = 'cate'), 'P', null, null, to_date('2010-01-28 12:00:00','YYYY-MM-DD HH24:MI:SS'));


insert into KRIM_ENTITY_T (ENTITY_ID, OBJ_ID, VER_NBR, ACTV_IND, LAST_UPDT_DT) values ('1202', '2E101CB3BED84A689A0F91BD57BB5105', 1, 'N', to_date('2009-10-07 13:23:53','YYYY-MM-DD HH24:MI:SS'));
insert into KRIM_ENTITY_ENT_TYP_T (ACTV_IND, LAST_UPDT_DT, OBJ_ID, VER_NBR, ENT_TYP_CD, ENTITY_ID) values ('N', to_date('2009-10-07 13:23:53','YYYY-MM-DD HH24:MI:SS'), '042166910E4F4F82B4A11251420DA8B7', 1, 'PERSON', '1202');
insert into KRIM_ENTITY_NM_T (ENTITY_NM_ID, OBJ_ID, VER_NBR, ENTITY_ID, NM_TYP_CD, FIRST_NM, MIDDLE_NM, LAST_NM, SUFFIX_NM, TITLE_NM, DFLT_IND, ACTV_IND, LAST_UPDT_DT) values ('1302', '463B3A369A9F4959A2BEE2D0BE5CE0A1', 1, '1202', 'PRFR', 'KULUSER', null, 'KULUSER', null, null, 'Y', 'N', to_date('2009-10-07 13:23:53','YYYY-MM-DD HH24:MI:SS'));
insert into KRIM_PRNCPL_T (OBJ_ID, VER_NBR, PRNCPL_NM, ENTITY_ID, PRNCPL_PSWD, ACTV_IND, LAST_UPDT_DT, PRNCPL_ID) values ('6CBE066CC28044A0A0866DD14E4D7624', 1, 'KULUSER', '1202', 'fK69ATFsAydwQuteang+xMva+Tc=', 'N', to_date('2009-10-07 13:23:53','YYYY-MM-DD HH24:MI:SS'), '10000000002');

insert into KRIM_ENTITY_T (ENTITY_ID, OBJ_ID, VER_NBR, ACTV_IND, LAST_UPDT_DT) values ('1258', '5C7A9B2787244F6684A78446688C46A0', 1, 'Y', to_date('2009-10-07 13:23:53','YYYY-MM-DD HH24:MI:SS'));
insert into KRIM_PRNCPL_T (OBJ_ID, VER_NBR, PRNCPL_NM, ENTITY_ID, PRNCPL_PSWD, ACTV_IND, LAST_UPDT_DT, PRNCPL_ID) values ('71EE6B88A0EE422CACEA18481C88CF04', 1, 'rrabbit', '1258', null, 'Y', to_date('2009-10-07 13:23:53','YYYY-MM-DD HH24:MI:SS'), '10000000058');
insert into KRIM_ENTITY_NM_T (ENTITY_NM_ID, OBJ_ID, VER_NBR, ENTITY_ID, NM_TYP_CD, FIRST_NM, MIDDLE_NM, LAST_NM, SUFFIX_NM, TITLE_NM, DFLT_IND, ACTV_IND, LAST_UPDT_DT) values ('1358', 'E2ED08D2CCBD46918A01C92A1ED662E9', 1, '1258', 'PRFR', 'Roger', null, 'Rabbit', null, null, 'Y', 'Y', to_date('2009-10-07 13:23:53','YYYY-MM-DD HH24:MI:SS'));
insert into KRIM_ENTITY_ENT_TYP_T (ACTV_IND, LAST_UPDT_DT, OBJ_ID, VER_NBR, ENT_TYP_CD, ENTITY_ID) values ('Y', to_date('2009-10-07 13:23:53','YYYY-MM-DD HH24:MI:SS'), '8684F527DD7146A4BCC7B39F340A9FE9', 1, 'PERSON', '1258');

