insert into sh_parm_nmspc_t(SH_PARM_NMSPC_CD,SH_PARM_NMSPC_NM,ACTIVE_IND) values('KRA-PD','Proposal Development','Y');

insert into sh_parm_dtl_typ_t(SH_PARM_NMSPC_CD,SH_PARM_DTL_TYP_CD,SH_PARM_DTL_TYP_NM,ACTIVE_IND) values ('KRA-PD','D','Document','Y');
insert into sh_parm_dtl_typ_t(SH_PARM_NMSPC_CD,SH_PARM_DTL_TYP_CD,SH_PARM_DTL_TYP_NM,ACTIVE_IND) values ('KRA-PD','L','Lookup','Y');
insert into sh_parm_dtl_typ_t(SH_PARM_NMSPC_CD,SH_PARM_DTL_TYP_CD,SH_PARM_DTL_TYP_NM,ACTIVE_IND) values ('KRA-PD','A','All','Y');

insert into sh_parm_typ_t (sh_parm_typ_cd, sh_parm_typ_nm, active_ind) values ('HELP','Help','Y');
insert into SH_PARM_TYP_T ("SH_PARM_TYP_CD","VER_NBR","SH_PARM_TYP_NM","ACTIVE_IND") values ('CONFG', 0,'Config',1);
insert into SH_PARM_TYP_T ("SH_PARM_TYP_CD","VER_NBR","SH_PARM_TYP_NM","ACTIVE_IND") values ('AUTH', 0,'Authorization',1);
insert into SH_PARM_NMSPC_T ("SH_PARM_NMSPC_CD","VER_NBR","SH_PARM_NMSPC_NM","ACTIVE_IND") values ('KR-NS', 0,'Kuali Rice',1);

insert into sh_parm_t (sh_parm_nmspc_cd,sh_parm_dtl_typ_cd,sh_parm_nm,sh_parm_typ_cd,sh_parm_txt,sh_parm_desc,sh_parm_cons_cd,active_ind) values ('KRA-PD','L','multipleValueLookupResultsPerPage','CONFG','200','Limit results returned for lookup - multiple results','A','Y');
insert into sh_parm_t (sh_parm_nmspc_cd,sh_parm_dtl_typ_cd,sh_parm_nm,sh_parm_typ_cd,sh_parm_txt,sh_parm_desc,sh_parm_cons_cd,active_ind) values ('KRA-PD','D','proposaldevelopment.creditsplit.enabled','CONFG','Y','Determines whether the Credit Split is turned on for proposal','A','Y');
insert into sh_parm_t (sh_parm_nmspc_cd,sh_parm_dtl_typ_cd,sh_parm_nm,sh_parm_typ_cd,sh_parm_txt,sh_parm_desc,sh_parm_cons_cd,active_ind) values ('KRA-PD','D','proposaldevelopment.personrole.nonnih.kp','CONFG','Key Person','Description of key person for Non-NIH Proposals','A','Y');
insert into sh_parm_t (sh_parm_nmspc_cd,sh_parm_dtl_typ_cd,sh_parm_nm,sh_parm_typ_cd,sh_parm_txt,sh_parm_desc,sh_parm_cons_cd,active_ind) values ('KRA-PD','D','proposaldevelopment.personrole.nonnih.pi','CONFG','Proposal Investigator Contact','Description of principal investigator contact for Non-NIH Proposals','A','Y');
insert into sh_parm_t (sh_parm_nmspc_cd,sh_parm_dtl_typ_cd,sh_parm_nm,sh_parm_typ_cd,sh_parm_txt,sh_parm_desc,sh_parm_cons_cd,active_ind) values ('KRA-PD','D','proposaldevelopment.personrole.nonnih.coi','CONFG','Proposal Investigator Multiple','Description of principal investigator multiple for Non-NIH Proposals','A','Y');
insert into sh_parm_t (sh_parm_nmspc_cd,sh_parm_dtl_typ_cd,sh_parm_nm,sh_parm_typ_cd,sh_parm_txt,sh_parm_desc,sh_parm_cons_cd,active_ind) values ('KRA-PD','D','proposaldevelopment.proposaltype.new','CONFG','1','ProposalTypeCode of NEW','A','Y');
insert into sh_parm_t (sh_parm_nmspc_cd,sh_parm_dtl_typ_cd,sh_parm_nm,sh_parm_typ_cd,sh_parm_txt,sh_parm_desc,sh_parm_cons_cd,active_ind) values ('KRA-PD','D','proposaldevelopment.proposaltype.renewal','CONFG','5','ProposalTypeCode of RENEWAL','A','Y');
insert into sh_parm_t (sh_parm_nmspc_cd,sh_parm_dtl_typ_cd,sh_parm_nm,sh_parm_typ_cd,sh_parm_txt,sh_parm_desc,sh_parm_cons_cd,active_ind) values ('KRA-PD','D','proposaldevelopment.proposaltype.revision','CONFG','6','ProposalTypeCode of REVISION','A','Y');
insert into sh_parm_t (sh_parm_nmspc_cd,sh_parm_dtl_typ_cd,sh_parm_nm,sh_parm_typ_cd,sh_parm_txt,sh_parm_desc,sh_parm_cons_cd,active_ind) values ('KRA-PD','D','proposaldevelopment.proposaltype.competing.continuation','CONFG','2','ProposalTypeCode of COMPETING CONTINUATION','A','Y');
insert into sh_parm_t (sh_parm_nmspc_cd,sh_parm_dtl_typ_cd,sh_parm_nm,sh_parm_typ_cd,sh_parm_txt,sh_parm_desc,sh_parm_cons_cd,active_ind) values ('KRA-PD','D','proposaldevelopment.proposaltype.noncompeting.continuation','CONFG','3','ProposalTypeCode of NON-COMPETING CONTINUATION','A','Y');
insert into sh_parm_t (sh_parm_nmspc_cd,sh_parm_dtl_typ_cd,sh_parm_nm,sh_parm_typ_cd,sh_parm_txt,sh_parm_desc,sh_parm_cons_cd,active_ind) values ('KRA-PD','D','proposaldevelopment.displayKeywordPanel','CONFG','TRUE','Display Proposal Keyword panel','A','Y');
insert into sh_parm_t (sh_parm_nmspc_cd,sh_parm_dtl_typ_cd,sh_parm_nm,sh_parm_typ_cd,sh_parm_txt,sh_parm_desc,sh_parm_cons_cd,active_ind) values ('KRA-PD','D','proposaldevelopment.personrole.kp','CONFG','Key Person','Description of key person for NIH Proposals','A','Y');
insert into sh_parm_t (sh_parm_nmspc_cd,sh_parm_dtl_typ_cd,sh_parm_nm,sh_parm_typ_cd,sh_parm_txt,sh_parm_desc,sh_parm_cons_cd,active_ind) values ('KRA-PD','D','proposaldevelopment.personrole.coi','CONFG','Co-Investigator','Description of co-investigator for NIH Proposals','A','Y');
insert into sh_parm_t (sh_parm_nmspc_cd,sh_parm_dtl_typ_cd,sh_parm_nm,sh_parm_typ_cd,sh_parm_txt,sh_parm_desc,sh_parm_cons_cd,active_ind) values ('KRA-PD','D','proposaldevelopment.personrole.pi','CONFG','Principal Investigator','Description of principal investigator for NIH Proposals','A','Y');
insert into sh_parm_t (sh_parm_nmspc_cd,sh_parm_dtl_typ_cd,sh_parm_nm,sh_parm_typ_cd,sh_parm_txt,sh_parm_desc,sh_parm_cons_cd,active_ind) values ('KRA-PD','D','proposalNarrativeTypeGroup','CONFG','P','Define Narrative Type Group for Proposal Attachments','A','Y');
insert into sh_parm_t (sh_parm_nmspc_cd,sh_parm_dtl_typ_cd,sh_parm_nm,sh_parm_typ_cd,sh_parm_txt,sh_parm_desc,sh_parm_cons_cd,active_ind) values ('KRA-PD','D','instituteNarrativeTypeGroup','CONFG','O','Define Narrative Type Group for Institute Attachments','A','Y');
insert into sh_parm_t (sh_parm_nmspc_cd,sh_parm_dtl_typ_cd,sh_parm_nm,sh_parm_typ_cd,sh_parm_txt,sh_parm_desc,sh_parm_cons_cd,active_ind) values ('KRA-PD','D','deliveryInfoDisplayIndicator','CONFG','Y','Flag to display delivery infor panel','A','Y');
insert into sh_parm_t (sh_parm_nmspc_cd,sh_parm_dtl_typ_cd,sh_parm_nm,sh_parm_typ_cd,sh_parm_txt,sh_parm_desc,sh_parm_cons_cd,active_ind) values ('KRA-PD','D','creditSplitEnabled','CONFG','Y','Determines whether the Credit Split is turned on for proposal','A','Y');

-- Nervous system params we need
insert into sh_parm_t (sh_parm_nmspc_cd,sh_parm_dtl_typ_cd,sh_parm_nm,sh_parm_typ_cd,sh_parm_txt,sh_parm_desc,sh_parm_cons_cd,active_ind) values ('KR-NS','Lookup','MULTIPLE_VALUE_RESULTS_PER_PAGE','CONFG','200','Limit results returned for lookup - multiple results','A','Y');
INSERT INTO sh_parm_t ("SH_PARM_NMSPC_CD","SH_PARM_DTL_TYP_CD","SH_PARM_NM","SH_PARM_TXT","SH_PARM_CONS_CD","SH_PARM_DESC","SH_PARM_TYP_CD","WRKGRP_NM") VALUES ('KR-NS','All','ENABLE_FIELD_LEVEL_HELP_IND','N','A','Indicates whether field level help links are enabled on lookup pages and documents.','CONFG','KUALI_FMSOPS');
INSERT INTO sh_parm_t ("SH_PARM_NMSPC_CD","SH_PARM_DTL_TYP_CD","SH_PARM_NM","SH_PARM_TXT","SH_PARM_CONS_CD","SH_PARM_DESC","SH_PARM_TYP_CD","WRKGRP_NM") VALUES ('KR-NS','Document','SUPERVISOR_GROUP','KUALI_ROLE_SUPERVISOR','A','Workgroup which can perform almost any function within Kuali.','AUTH','KUALI_FMSOPS');
INSERT INTO sh_parm_t ("SH_PARM_NMSPC_CD","SH_PARM_DTL_TYP_CD","SH_PARM_NM","SH_PARM_TXT","SH_PARM_CONS_CD","SH_PARM_DESC","SH_PARM_TYP_CD","WRKGRP_NM") VALUES ('KR-NS','All','CHECK_ENCRYPTION_SERVICE_OVERRIDE_IND','Y','A','Flag for enabling/disabling the demonstration encryption check.','CONFG','KUALI_FMSOPS');
INSERT INTO sh_parm_t ("SH_PARM_NMSPC_CD","SH_PARM_DTL_TYP_CD","SH_PARM_NM","SH_PARM_TXT","SH_PARM_CONS_CD","SH_PARM_DESC","SH_PARM_TYP_CD","WRKGRP_NM") VALUES ('KR-NS','Document','DEFAULT_CAN_PERFORM_ROUTE_REPORT_IND','N','A','If Y, the Route Report button will be displayed on the document actions bar if the document is using the default DocumentAuthorizerBase.getDocumentActionFlags to set the canPerformRouteReport property of the returned DocumentActionFlags instance.','CONFG','KUALI_FMSOPS');
INSERT INTO sh_parm_t ("SH_PARM_NMSPC_CD","SH_PARM_DTL_TYP_CD","SH_PARM_NM","SH_PARM_TXT","SH_PARM_CONS_CD","SH_PARM_DESC","SH_PARM_TYP_CD","WRKGRP_NM") VALUES ('KR-NS','Lookup','RESULTS_DEFAULT_MAX_COLUMN_LENGTH','70','A','If a maxLength attribute has not been set on a lookup result field in the data dictionary, then the result column''s max length will be the value of this parameter. Set this parameter to 0 for an unlimited default length or a positive value (i.e. greater than 0) for a finite max length.','CONFG','KUALI_FMSOPS');
INSERT INTO sh_parm_t ("SH_PARM_NMSPC_CD","SH_PARM_DTL_TYP_CD","SH_PARM_NM","SH_PARM_TXT","SH_PARM_CONS_CD","SH_PARM_DESC","SH_PARM_TYP_CD","WRKGRP_NM") VALUES ('KR-NS','Document','MAX_FILE_SIZE_ATTACHMENT','5M','A','Maximum attachment upload size for the application. Used by KualiDocumentFormBase. Must be an integer, optionally followed by ''K'', ''M'', or ''G''.','CONFG','KUALI_FMSOPS');
INSERT INTO SH_PARM_T(SH_PARM_NMSPC_CD, SH_PARM_DTL_TYP_CD, SH_PARM_NM, OBJ_ID, VER_NBR, SH_PARM_TYP_CD, SH_PARM_TXT, SH_PARM_DESC, SH_PARM_CONS_CD, WRKGRP_NM) VALUES('KR-NS', 'All', 'ENABLE_DIRECT_INQUIRIES_IND', sys_guid(), 1, 'CONFG', 'Y', 'Flag for enabling/disabling direct inquiries on screens that are drawn by the nervous system (i.e. lookups and maintenance documents)', 'A', 'KUALI_FMSOPS');
INSERT INTO sh_parm_t ("SH_PARM_NMSPC_CD","SH_PARM_DTL_TYP_CD","SH_PARM_NM","SH_PARM_TXT","SH_PARM_CONS_CD","SH_PARM_DESC","SH_PARM_TYP_CD","WRKGRP_NM") VALUES ('KR-NS','Lookup','RESULTS_LIMIT','200','A','Limit of results returned in a lookup query','CONFG','KUALI_FMSOPS');

insert into sh_parm_nmspc_t(SH_PARM_NMSPC_CD,SH_PARM_NMSPC_NM,ACTIVE_IND) values('KRA-B','Budget','Y');
insert into sh_parm_t (sh_parm_nmspc_cd,sh_parm_dtl_typ_cd,sh_parm_nm,sh_parm_typ_cd,sh_parm_txt,sh_parm_desc,sh_parm_cons_cd,active_ind) values ('KRA-B','D','budgetStatusCompleteCode','CONFG','1','Code corresponding to the budget status of Complete','A','Y');
insert into sh_parm_t (sh_parm_nmspc_cd,sh_parm_dtl_typ_cd,sh_parm_nm,sh_parm_typ_cd,sh_parm_txt,sh_parm_desc,sh_parm_cons_cd,active_ind) values ('KRA-B','D','budgetStatusIncompleteCode','CONFG','2','Code corresponding to the budget status of Incomplete','A','Y');

insert into sh_parm_t (sh_parm_nmspc_cd,sh_parm_dtl_typ_cd,sh_parm_nm,sh_parm_typ_cd,sh_parm_txt,sh_parm_desc,sh_parm_cons_cd,active_ind) values ('KRA-B','D','defaultOverheadRateClassCode','CONFG','1','The overhead rate class a new Budget should default to','A','Y');
insert into sh_parm_t (sh_parm_nmspc_cd,sh_parm_dtl_typ_cd,sh_parm_nm,sh_parm_typ_cd,sh_parm_txt,sh_parm_desc,sh_parm_cons_cd,active_ind) values ('KRA-B','D','defaultUnderrecoveryRateClassCode','CONFG','1','The underrecovery rate class a new Budget should default to','A','Y');
insert into sh_parm_t (sh_parm_nmspc_cd,sh_parm_dtl_typ_cd,sh_parm_nm,sh_parm_typ_cd,sh_parm_txt,sh_parm_desc,sh_parm_cons_cd,active_ind) values ('KRA-B','D','defaultModularFlag','CONFG','N','Default value of modular flag for a new Budget.','A','Y');
