--**************************************************************************************************************************************************
--***************************************** TYPES, CODE TABLES, ETC. *******************************************************************************
--**************************************************************************************************************************************************

insert into KRIM_ADDR_TYP_T (ADDR_TYP_CD, OBJ_ID, VER_NBR, NM, ACTV_IND, DISPLAY_SORT_CD, LAST_UPDT_DT) values ('HM', '5B97C50B03706110E0404F8189D85213', 1, 'Home', 'Y', 'b', to_date('2008-11-13 12:00:00','YYYY-MM-DD HH24:MI:SS'));
insert into KRIM_ADDR_TYP_T (ADDR_TYP_CD, OBJ_ID, VER_NBR, NM, ACTV_IND, DISPLAY_SORT_CD, LAST_UPDT_DT) values ('OTH', '5B97C50B03716110E0404F8189D85213', 1, 'Other', 'Y', 'c', to_date('2008-11-13 12:00:00','YYYY-MM-DD HH24:MI:SS'));
insert into KRIM_ADDR_TYP_T (ADDR_TYP_CD, OBJ_ID, VER_NBR, NM, ACTV_IND, DISPLAY_SORT_CD, LAST_UPDT_DT) values ('WRK', '5B97C50B03726110E0404F8189D85213', 1, 'Work', 'Y', 'a', to_date('2008-11-13 12:00:00','YYYY-MM-DD HH24:MI:SS'));


insert into KRIM_AFLTN_TYP_T (AFLTN_TYP_CD, OBJ_ID, VER_NBR, NM, EMP_AFLTN_TYP_IND, ACTV_IND, DISPLAY_SORT_CD, LAST_UPDT_DT) values ('GRD_STDNT_STAFF', '78E12A0AFCF94F50A969F42CFFB39CD6', 1, 'Graduate Student Staff', 'Y', 'Y', 'e', to_date('2009-10-07 13:19:27','YYYY-MM-DD HH24:MI:SS'));
insert into KRIM_AFLTN_TYP_T (AFLTN_TYP_CD, OBJ_ID, VER_NBR, NM, EMP_AFLTN_TYP_IND, ACTV_IND, DISPLAY_SORT_CD, LAST_UPDT_DT) values ('RSRCH_STAFF', '38FA5343233048C2B8B7C10F840AE404', 1, 'Research Staff', 'Y', 'Y', 'f', to_date('2009-10-07 13:19:27','YYYY-MM-DD HH24:MI:SS'));
insert into KRIM_AFLTN_TYP_T (AFLTN_TYP_CD, OBJ_ID, VER_NBR, NM, EMP_AFLTN_TYP_IND, ACTV_IND, DISPLAY_SORT_CD, LAST_UPDT_DT) values ('SRVC_STAFF', '43D4AA8B88E64EEBB366326EA285BDF2', 1, 'Service Staff', 'Y', 'Y', 'g', to_date('2009-10-07 13:19:27','YYYY-MM-DD HH24:MI:SS'));
insert into KRIM_AFLTN_TYP_T (AFLTN_TYP_CD, OBJ_ID, VER_NBR, NM, EMP_AFLTN_TYP_IND, ACTV_IND, DISPLAY_SORT_CD, LAST_UPDT_DT) values ('SUPPRT_STAFF', '838B930186414158A15CFE54BCB6F4A1', 1, 'Support Staff', 'Y', 'Y', 'h', to_date('2009-10-07 13:19:27','YYYY-MM-DD HH24:MI:SS'));
insert into KRIM_AFLTN_TYP_T (AFLTN_TYP_CD, OBJ_ID, VER_NBR, NM, EMP_AFLTN_TYP_IND, ACTV_IND, DISPLAY_SORT_CD, LAST_UPDT_DT) values ('OTH_ACADMC_GRP', '9DD4B7096239493D8B6087A3018D4C8A', 1, 'Other Academic Group', 'N', 'Y', 'i', to_date('2009-10-07 13:19:27','YYYY-MM-DD HH24:MI:SS'));
insert into KRIM_AFLTN_TYP_T (AFLTN_TYP_CD, OBJ_ID, VER_NBR, NM, EMP_AFLTN_TYP_IND, ACTV_IND, DISPLAY_SORT_CD, LAST_UPDT_DT) values ('MED_STAFF', '3817C1C7E528492BA36F3DA9E56EBB3F', 1, 'Medical Staff', 'Y', 'Y', 'j', to_date('2009-10-07 13:19:27','YYYY-MM-DD HH24:MI:SS'));


insert into KRIM_EMAIL_TYP_T (EMAIL_TYP_CD, OBJ_ID, VER_NBR, NM, ACTV_IND, DISPLAY_SORT_CD, LAST_UPDT_DT) values ('HM', '5B97C50B03776110E0404F8189D85213', 1, 'Home', 'Y', 'b', to_date('2008-11-13 12:00:00','YYYY-MM-DD HH24:MI:SS'));
insert into KRIM_EMAIL_TYP_T (EMAIL_TYP_CD, OBJ_ID, VER_NBR, NM, ACTV_IND, DISPLAY_SORT_CD, LAST_UPDT_DT) values ('OTH', '5B97C50B03786110E0404F8189D85213', 1, 'Other', 'Y', 'c', to_date('2008-11-13 12:00:00','YYYY-MM-DD HH24:MI:SS'));
insert into KRIM_EMAIL_TYP_T (EMAIL_TYP_CD, OBJ_ID, VER_NBR, NM, ACTV_IND, DISPLAY_SORT_CD, LAST_UPDT_DT) values ('WRK', '5B97C50B03796110E0404F8189D85213', 1, 'Work', 'Y', 'a', to_date('2008-11-13 12:00:00','YYYY-MM-DD HH24:MI:SS'));


insert into KRIM_EMP_TYP_T (EMP_TYP_CD, OBJ_ID, VER_NBR, NM, ACTV_IND, DISPLAY_SORT_CD, LAST_UPDT_DT) values ('N', '5B97C50B03826110E0404F8189D85213', 1, 'Non-Professional', 'Y', '02', to_date('2008-11-13 12:00:00','YYYY-MM-DD HH24:MI:SS'));
insert into KRIM_EMP_TYP_T (EMP_TYP_CD, OBJ_ID, VER_NBR, NM, ACTV_IND, DISPLAY_SORT_CD, LAST_UPDT_DT) values ('O', '5B97C50B03836110E0404F8189D85213', 1, 'Other', 'Y', '99', to_date('2008-11-13 12:00:00','YYYY-MM-DD HH24:MI:SS'));
insert into KRIM_EMP_TYP_T (EMP_TYP_CD, OBJ_ID, VER_NBR, NM, ACTV_IND, DISPLAY_SORT_CD, LAST_UPDT_DT) values ('P', '5B97C50B03846110E0404F8189D85213', 1, 'Professional', 'Y', '01', to_date('2008-11-13 12:00:00','YYYY-MM-DD HH24:MI:SS'));


insert into KRIM_EXT_ID_TYP_T (EXT_ID_TYP_CD, OBJ_ID, VER_NBR, NM, ENCR_REQ_IND, ACTV_IND, DISPLAY_SORT_CD, LAST_UPDT_DT) values ('ERAC', 'B1DD3B3E4CE0405D8C1E0237E53E701D', 1, 'Electronic Research Admin Commons User', 'N', 'Y', '08', to_date('2009-10-07 13:19:27','YYYY-MM-DD HH24:MI:SS'));


insert into KRIM_PHONE_TYP_T (PHONE_TYP_CD, OBJ_ID, VER_NBR, PHONE_TYP_NM, ACTV_IND, DISPLAY_SORT_CD, LAST_UPDT_DT) values ('FAX', '5093BE89D2E54F63B91B5AA7B6B6BF12', 1, 'Fax', 'Y', 'e', to_date('2009-10-07 13:19:27','YYYY-MM-DD HH24:MI:SS'));
insert into KRIM_PHONE_TYP_T (PHONE_TYP_CD, OBJ_ID, VER_NBR, PHONE_TYP_NM, ACTV_IND, DISPLAY_SORT_CD, LAST_UPDT_DT) values ('PGR', 'DD82FF090BB142E5931EF4EF2D5B8EEA', 1, 'Pager', 'Y', 'f', to_date('2009-10-07 13:19:27','YYYY-MM-DD HH24:MI:SS'));
insert into KRIM_PHONE_TYP_T (PHONE_TYP_CD, OBJ_ID, VER_NBR, PHONE_TYP_NM, ACTV_IND, DISPLAY_SORT_CD, LAST_UPDT_DT) values ('WRK', 'F6D778180F2D41A2AD5CA86B93003DAD', 1, 'Work Phone', 'Y', 'f', to_date('2009-10-07 13:19:27','YYYY-MM-DD HH24:MI:SS'));


insert into KRIM_EMP_STAT_T (EMP_STAT_CD, OBJ_ID, VER_NBR, NM, ACTV_IND, DISPLAY_SORT_CD, LAST_UPDT_DT) values ('A', '5B97C50B037A6110E0404F8189D85213', 1, 'Active', 'Y', '01', to_date('2008-11-13 12:00:00','YYYY-MM-DD HH24:MI:SS'));
insert into KRIM_EMP_STAT_T (EMP_STAT_CD, OBJ_ID, VER_NBR, NM, ACTV_IND, DISPLAY_SORT_CD, LAST_UPDT_DT) values ('D', '5B97C50B037B6110E0404F8189D85213', 1, 'Deceased', 'Y', '99', to_date('2008-11-13 12:00:00','YYYY-MM-DD HH24:MI:SS'));
insert into KRIM_EMP_STAT_T (EMP_STAT_CD, OBJ_ID, VER_NBR, NM, ACTV_IND, DISPLAY_SORT_CD, LAST_UPDT_DT) values ('L', '5B97C50B037C6110E0404F8189D85213', 1, 'On Non-Pay Leave', 'Y', '04', to_date('2008-11-13 12:00:00','YYYY-MM-DD HH24:MI:SS'));
insert into KRIM_EMP_STAT_T (EMP_STAT_CD, OBJ_ID, VER_NBR, NM, ACTV_IND, DISPLAY_SORT_CD, LAST_UPDT_DT) values ('N', '5B97C50B037D6110E0404F8189D85213', 1, 'Status Not Yet Processed', 'Y', '03', to_date('2008-11-13 12:00:00','YYYY-MM-DD HH24:MI:SS'));
insert into KRIM_EMP_STAT_T (EMP_STAT_CD, OBJ_ID, VER_NBR, NM, ACTV_IND, DISPLAY_SORT_CD, LAST_UPDT_DT) values ('P', '5B97C50B037E6110E0404F8189D85213', 1, 'Processing', 'Y', '02', to_date('2008-11-13 12:00:00','YYYY-MM-DD HH24:MI:SS'));
insert into KRIM_EMP_STAT_T (EMP_STAT_CD, OBJ_ID, VER_NBR, NM, ACTV_IND, DISPLAY_SORT_CD, LAST_UPDT_DT) values ('R', '5B97C50B037F6110E0404F8189D85213', 1, 'Retired', 'Y', '10', to_date('2008-11-13 12:00:00','YYYY-MM-DD HH24:MI:SS'));
insert into KRIM_EMP_STAT_T (EMP_STAT_CD, OBJ_ID, VER_NBR, NM, ACTV_IND, DISPLAY_SORT_CD, LAST_UPDT_DT) values ('T', '5B97C50B03806110E0404F8189D85213', 1, 'Terminated', 'Y', '97', to_date('2008-11-13 12:00:00','YYYY-MM-DD HH24:MI:SS'));


insert into KRIM_ENT_NM_TYP_T (ENT_NM_TYP_CD, OBJ_ID, VER_NBR, NM, ACTV_IND, DISPLAY_SORT_CD, LAST_UPDT_DT) values ('PRIOR', '39E3B942191E46FDAB65774EB1CC1ED9', 1, 'Prior', 'Y', 'd', to_date('2009-10-07 13:19:27','YYYY-MM-DD HH24:MI:SS'));


insert into KRIM_ENT_TYP_T (ENT_TYP_CD, OBJ_ID, VER_NBR, NM, DISPLAY_SORT_CD, ACTV_IND) values ('PERSON', '5B97C50B03886110E0404F8189D85213', 1, 'Person', '01', 'Y');
insert into KRIM_ENT_TYP_T (ENT_TYP_CD, OBJ_ID, VER_NBR, NM, DISPLAY_SORT_CD, ACTV_IND) values ('SYSTEM', '5B97C50B03896110E0404F8189D85213', 1, 'System', '02', 'Y');


--**************************************************************************************************************************************************
--***************************************** ENTITY (AND PRINCIPAL) DATA *******************************************************************************
--**************************************************************************************************************************************************

insert into KRIM_ENTITY_T (ENTITY_ID, OBJ_ID, VER_NBR, ACTV_IND, LAST_UPDT_DT) values ('1', '5B1B6B919CC96496E0404F8189D822F2', 1, 'Y', to_date('2008-11-07 09:49:02','YYYY-MM-DD HH24:MI:SS'));
insert into KRIM_ENTITY_T (ENTITY_ID, OBJ_ID, VER_NBR, ACTV_IND, LAST_UPDT_DT) values ('1200', '595B0FE2D14D476AA6A5EE6108C1EC1C', 1, 'Y', to_date('2009-10-07 13:23:52','YYYY-MM-DD HH24:MI:SS'));
insert into KRIM_ENTITY_T (ENTITY_ID, OBJ_ID, VER_NBR, ACTV_IND, LAST_UPDT_DT) values ('1201', '59A1A220774D4F77BC87E735E2C1A2DD', 1, 'Y', to_date('2009-10-07 13:23:53','YYYY-MM-DD HH24:MI:SS'));
insert into KRIM_ENTITY_T (ENTITY_ID, OBJ_ID, VER_NBR, ACTV_IND, LAST_UPDT_DT) values ('1203', 'B93ED87101F042DB9B742E48F387483F', 1, 'Y', to_date('2009-10-07 13:23:53','YYYY-MM-DD HH24:MI:SS'));
insert into KRIM_ENTITY_T (ENTITY_ID, OBJ_ID, VER_NBR, ACTV_IND, LAST_UPDT_DT) values ('1204', '1CBEAD437CE143F3B870A61F2D056C15', 1, 'Y', to_date('2009-10-07 13:23:53','YYYY-MM-DD HH24:MI:SS'));
insert into KRIM_ENTITY_T (ENTITY_ID, OBJ_ID, VER_NBR, ACTV_IND, LAST_UPDT_DT) values ('1205', '40DEE21D0E49421993031B88EB758727', 1, 'Y', to_date('2009-10-07 13:23:53','YYYY-MM-DD HH24:MI:SS'));
insert into KRIM_ENTITY_T (ENTITY_ID, OBJ_ID, VER_NBR, ACTV_IND, LAST_UPDT_DT) values ('1206', '63D867005FBE444F80DE5FDEBAC52210', 1, 'Y', to_date('2009-10-07 13:23:53','YYYY-MM-DD HH24:MI:SS'));
INSERT INTO KRIM_ENTITY_T (ENTITY_ID, OBJ_ID, VER_NBR, ACTV_IND, LAST_UPDT_DT) values ('1300', '9f7fd6b3-bda0-4e1c-b617-eb5f5fbed5e3', 1, 'Y', to_date('2010-01-28 12:00:00','YYYY-MM-DD HH24:MI:SS'));
INSERT INTO KRIM_ENTITY_T (ENTITY_ID, OBJ_ID, VER_NBR, ACTV_IND, LAST_UPDT_DT) values ('1301', 'aea7d418-3d58-4986-abc1-ed233c58fdc2', 1, 'Y', to_date('2010-01-28 12:00:00','YYYY-MM-DD HH24:MI:SS'));
INSERT INTO KRIM_ENTITY_T (ENTITY_ID, OBJ_ID, VER_NBR, ACTV_IND, LAST_UPDT_DT) values ('1302', '9f411e15-406d-4a9f-b2b3-8ad37749088b', 1, 'Y', to_date('2010-01-28 12:00:00','YYYY-MM-DD HH24:MI:SS'));

insert into KRIM_ENTITY_ENT_TYP_T (ACTV_IND, LAST_UPDT_DT, OBJ_ID, VER_NBR, ENT_TYP_CD, ENTITY_ID) values ('Y', to_date('2008-11-07 09:49:02','YYYY-MM-DD HH24:MI:SS'), '5B1B6B919CCB6496E0404F8189D822F2', 1, 'SYSTEM', '1');
insert into KRIM_ENTITY_ENT_TYP_T (ACTV_IND, LAST_UPDT_DT, OBJ_ID, VER_NBR, ENT_TYP_CD, ENTITY_ID) values ('Y', to_date('2009-10-07 13:23:52','YYYY-MM-DD HH24:MI:SS'), '640775B8AF1C402DB5FEF7C9E080FE12', 1, 'PERSON', '1200');
insert into KRIM_ENTITY_ENT_TYP_T (ACTV_IND, LAST_UPDT_DT, OBJ_ID, VER_NBR, ENT_TYP_CD, ENTITY_ID) values ('Y', to_date('2009-10-07 13:23:53','YYYY-MM-DD HH24:MI:SS'), '5B6D4119F923441986149F4C70AAE795', 1, 'PERSON', '1201');
insert into KRIM_ENTITY_ENT_TYP_T (ACTV_IND, LAST_UPDT_DT, OBJ_ID, VER_NBR, ENT_TYP_CD, ENTITY_ID) values ('Y', to_date('2009-10-07 13:23:53','YYYY-MM-DD HH24:MI:SS'), '8D4D06BC01E24ADCB750FAFA4E2F2389', 1, 'PERSON', '1203');
insert into KRIM_ENTITY_ENT_TYP_T (ACTV_IND, LAST_UPDT_DT, OBJ_ID, VER_NBR, ENT_TYP_CD, ENTITY_ID) values ('Y', to_date('2009-10-07 13:23:53','YYYY-MM-DD HH24:MI:SS'), '69EAC444CCD7409F8AEB7AD819D21A1F', 1, 'PERSON', '1204');
insert into KRIM_ENTITY_ENT_TYP_T (ACTV_IND, LAST_UPDT_DT, OBJ_ID, VER_NBR, ENT_TYP_CD, ENTITY_ID) values ('Y', to_date('2009-10-07 13:23:53','YYYY-MM-DD HH24:MI:SS'), '0F044460E35547FCBEECF07A350BF2E4', 1, 'PERSON', '1205');
insert into KRIM_ENTITY_ENT_TYP_T (ACTV_IND, LAST_UPDT_DT, OBJ_ID, VER_NBR, ENT_TYP_CD, ENTITY_ID) values ('Y', to_date('2009-10-07 13:23:53','YYYY-MM-DD HH24:MI:SS'), '9B34A926A1824081881B1B0B0A20B1A9', 1, 'PERSON', '1206');
INSERT INTO KRIM_ENTITY_ENT_TYP_T (ENTITY_ID, ENT_TYP_CD, LAST_UPDT_DT, ACTV_IND, OBJ_ID, VER_NBR)  VALUES ('1300', 'PERSON', to_date('2010-01-28 12:00:00','YYYY-MM-DD HH24:MI:SS'), 'Y', '62129b3c-16ce-4648-bb39-09a8ccd44765', 1);
INSERT INTO KRIM_ENTITY_ENT_TYP_T (ENTITY_ID, ENT_TYP_CD, LAST_UPDT_DT, ACTV_IND, OBJ_ID, VER_NBR)  VALUES ('1301', 'PERSON', to_date('2010-01-28 12:00:00','YYYY-MM-DD HH24:MI:SS'), 'Y', '491730fd-803e-4b97-a6ac-964199010184', 1);
INSERT INTO KRIM_ENTITY_ENT_TYP_T (ENTITY_ID, ENT_TYP_CD, LAST_UPDT_DT, ACTV_IND, OBJ_ID, VER_NBR)  VALUES ('1302', 'PERSON', to_date('2010-01-28 12:00:00','YYYY-MM-DD HH24:MI:SS'), 'Y', '767c7b02-013b-4c4c-b8c7-48b31f27c6ba', 1);

insert into KRIM_ENTITY_NM_T (ENTITY_NM_ID, OBJ_ID, VER_NBR, ENTITY_ID, NM_TYP_CD, FIRST_NM, MIDDLE_NM, LAST_NM, SUFFIX_NM, TITLE_NM, DFLT_IND, ACTV_IND, LAST_UPDT_DT) values ('1300', '71203B869EE8494DBFF91B98BEC397F5', 1, '1200', 'PRFR', 'Geoff', null, 'McGregor', null, null, 'Y', 'Y', to_date('2009-10-07 13:23:52','YYYY-MM-DD HH24:MI:SS'));
insert into KRIM_ENTITY_NM_T (ENTITY_NM_ID, OBJ_ID, VER_NBR, ENTITY_ID, NM_TYP_CD, FIRST_NM, MIDDLE_NM, LAST_NM, SUFFIX_NM, TITLE_NM, DFLT_IND, ACTV_IND, LAST_UPDT_DT) values ('1301', 'A7208FDDBEA24EC59937F42EB8A204C0', 1, '1201', 'PRFR', 'Joe', null, 'Tester', null, null, 'Y', 'Y', to_date('2009-10-07 13:23:53','YYYY-MM-DD HH24:MI:SS'));
insert into KRIM_ENTITY_NM_T (ENTITY_NM_ID, OBJ_ID, VER_NBR, ENTITY_ID, NM_TYP_CD, FIRST_NM, MIDDLE_NM, LAST_NM, SUFFIX_NM, TITLE_NM, DFLT_IND, ACTV_IND, LAST_UPDT_DT) values ('1303', '1BBEFC8EB2AA4B4FA4B40257A03DDDBB', 1, '1203', 'PRFR', 'Nicholas', null, 'Majors', null, null, 'Y', 'Y', to_date('2009-10-07 13:23:53','YYYY-MM-DD HH24:MI:SS'));
insert into KRIM_ENTITY_NM_T (ENTITY_NM_ID, OBJ_ID, VER_NBR, ENTITY_ID, NM_TYP_CD, FIRST_NM, MIDDLE_NM, LAST_NM, SUFFIX_NM, TITLE_NM, DFLT_IND, ACTV_IND, LAST_UPDT_DT) values ('1304', '26AABC4CEE054809ADFC0C77125DB5E7', 1, '1204', 'PRFR', 'Inez', null, 'Chew', null, null, 'Y', 'Y', to_date('2009-10-07 13:23:53','YYYY-MM-DD HH24:MI:SS'));
insert into KRIM_ENTITY_NM_T (ENTITY_NM_ID, OBJ_ID, VER_NBR, ENTITY_ID, NM_TYP_CD, FIRST_NM, MIDDLE_NM, LAST_NM, SUFFIX_NM, TITLE_NM, DFLT_IND, ACTV_IND, LAST_UPDT_DT) values ('1305', '0D97FB11A5D444EC80AA3492EBB5F0E1', 1, '1205', 'PRFR', 'Della', null, 'Woods', null, null, 'Y', 'Y', to_date('2009-10-07 13:23:53','YYYY-MM-DD HH24:MI:SS'));
insert into KRIM_ENTITY_NM_T (ENTITY_NM_ID, OBJ_ID, VER_NBR, ENTITY_ID, NM_TYP_CD, FIRST_NM, MIDDLE_NM, LAST_NM, SUFFIX_NM, TITLE_NM, DFLT_IND, ACTV_IND, LAST_UPDT_DT) values ('1306', 'A1D73162454A4F889483BA434CB42848', 1, '1206', 'PRFR', 'Opal', null, 'Blood', null, null, 'Y', 'Y', to_date('2009-10-07 13:23:53','YYYY-MM-DD HH24:MI:SS'));

insert into KRIM_PRNCPL_T (OBJ_ID, VER_NBR, PRNCPL_NM, ENTITY_ID, PRNCPL_PSWD, ACTV_IND, LAST_UPDT_DT, PRNCPL_ID) values ('5B1B6B919CCA6496E0404F8189D822F2', 1, 'kr', '1', null, 'Y', to_date('2008-11-07 09:49:02','YYYY-MM-DD HH24:MI:SS'), '1');
insert into KRIM_PRNCPL_T (OBJ_ID, VER_NBR, PRNCPL_NM, ENTITY_ID, PRNCPL_PSWD, ACTV_IND, LAST_UPDT_DT, PRNCPL_ID) values ('8B8C898C872B44859522FE27B6E4B53F', 1, 'quickstart', '1200', 'fK69ATFsAydwQuteang+xMva+Tc=', 'Y', to_date('2009-10-07 13:23:52','YYYY-MM-DD HH24:MI:SS'), '10000000000');
insert into KRIM_PRNCPL_T (OBJ_ID, VER_NBR, PRNCPL_NM, ENTITY_ID, PRNCPL_PSWD, ACTV_IND, LAST_UPDT_DT, PRNCPL_ID) values ('8A69C8405F8B410C9EACB52956E85AA6', 1, 'jtester', '1201', 'fK69ATFsAydwQuteang+xMva+Tc=', 'Y', to_date('2009-10-07 13:23:53','YYYY-MM-DD HH24:MI:SS'), '10000000001');
insert into KRIM_PRNCPL_T (OBJ_ID, VER_NBR, PRNCPL_NM, ENTITY_ID, PRNCPL_PSWD, ACTV_IND, LAST_UPDT_DT, PRNCPL_ID) values ('37229022CA404E80BC8F373203F10B8D', 1, 'majors', '1203', 'fK69ATFsAydwQuteang+xMva+Tc=', 'Y', to_date('2009-10-07 13:23:53','YYYY-MM-DD HH24:MI:SS'), '10000000003');
insert into KRIM_PRNCPL_T (OBJ_ID, VER_NBR, PRNCPL_NM, ENTITY_ID, PRNCPL_PSWD, ACTV_IND, LAST_UPDT_DT, PRNCPL_ID) values ('15F6FAF1323E412983314D4A79CB9918', 1, 'chew', '1204', 'fK69ATFsAydwQuteang+xMva+Tc=', 'Y', to_date('2009-10-07 13:23:53','YYYY-MM-DD HH24:MI:SS'), '10000000004');
insert into KRIM_PRNCPL_T (OBJ_ID, VER_NBR, PRNCPL_NM, ENTITY_ID, PRNCPL_PSWD, ACTV_IND, LAST_UPDT_DT, PRNCPL_ID) values ('A209EF698E81442FAF48D097FC62B952', 1, 'woods', '1205', 'fK69ATFsAydwQuteang+xMva+Tc=', 'Y', to_date('2009-10-07 13:23:53','YYYY-MM-DD HH24:MI:SS'), '10000000005');
insert into KRIM_PRNCPL_T (OBJ_ID, VER_NBR, PRNCPL_NM, ENTITY_ID, PRNCPL_PSWD, ACTV_IND, LAST_UPDT_DT, PRNCPL_ID) values ('F3BCF1D661E149CBB2D2C8AABAD38908', 1, 'oblood', '1206', 'fK69ATFsAydwQuteang+xMva+Tc=', 'Y', to_date('2009-10-07 13:23:53','YYYY-MM-DD HH24:MI:SS'), '10000000006');
INSERT INTO KRIM_PRNCPL_T (PRNCPL_NM, ENTITY_ID, PRNCPL_PSWD, ACTV_IND, LAST_UPDT_DT, PRNCPL_ID, OBJ_ID, VER_NBR)  VALUES ('admin', '1300', 'fK69ATFsAydwQuteang+xMva+Tc=', 'Y', to_date('2010-01-28 12:00:00','YYYY-MM-DD HH24:MI:SS'), '10000000060', '4b244b58-532e-45f9-8140-cf79911d5f2d', 1);
INSERT INTO KRIM_PRNCPL_T (PRNCPL_NM, ENTITY_ID, PRNCPL_PSWD, ACTV_IND, LAST_UPDT_DT, PRNCPL_ID, OBJ_ID, VER_NBR)  VALUES ('superuser', '1301', 'fK69ATFsAydwQuteang+xMva+Tc=', 'Y', to_date('2010-01-28 12:00:00','YYYY-MM-DD HH24:MI:SS'), '10000000061', 'd6abeb67-05d8-42aa-a71d-6af102156c6d', 1);
INSERT INTO KRIM_PRNCPL_T (PRNCPL_NM, ENTITY_ID, PRNCPL_PSWD, ACTV_IND, LAST_UPDT_DT, PRNCPL_ID, OBJ_ID, VER_NBR)  VALUES ('user4', '1302', 'fK69ATFsAydwQuteang+xMva+Tc=', 'Y', to_date('2010-01-28 12:00:00','YYYY-MM-DD HH24:MI:SS'), '10000000062', '25053cc9-efa7-451b-8159-4a7eba079cdb', 1);


--**************************************************************************************************************************************************
--******************************************** KIM ATTRIBUTE DEFINTIONS ****************************************************************************
--**************************************************************************************************************************************************

insert into KRIM_ATTR_DEFN_T (KIM_ATTR_DEFN_ID, OBJ_ID, VER_NBR, NM, LBL, ACTV_IND, NMSPC_CD, CMPNT_NM) values ('1007', '7C4715B8ECFE42639D326C562F9079E6', 1, 'sectionName', null, 'Y', 'KC-SYS', 'org.kuali.rice.kim.bo.impl.KimAttributes');
insert into KRIM_ATTR_DEFN_T (KIM_ATTR_DEFN_ID, OBJ_ID, VER_NBR, NM, LBL, ACTV_IND, NMSPC_CD, CMPNT_NM) values ('1008', 'DB4F5017C6634DEF8315DC82D6D87882', 1, 'documentAction', null, 'Y', 'KC-SYS', 'org.kuali.rice.kim.bo.impl.KimAttributes');
insert into KRIM_ATTR_DEFN_T (KIM_ATTR_DEFN_ID, OBJ_ID, VER_NBR, NM, LBL, ACTV_IND, NMSPC_CD, CMPNT_NM) values ('1034', '0EE6F03068C84E14ABB6172EC20A29CE', 1, 'proposal', 'Proposal Number', 'Y', 'KC-SYS', 'org.kuali.kra.kim.bo.KcKimAttributes');
insert into KRIM_ATTR_DEFN_T (KIM_ATTR_DEFN_ID, OBJ_ID, VER_NBR, NM, LBL, ACTV_IND, NMSPC_CD, CMPNT_NM) values ('1035', '28C70DC2EC1648CFB8600B14CFB3A581', 1, 'protocol', 'Protocol Number', 'Y', 'KC-SYS', 'org.kuali.kra.kim.bo.KcKimAttributes');
insert into KRIM_ATTR_DEFN_T (KIM_ATTR_DEFN_ID, OBJ_ID, VER_NBR, NM, LBL, ACTV_IND, NMSPC_CD, CMPNT_NM) values ('1036', 'A26C4B4DB5DD4FD5B5A9F9F77365C441', 1, 'committee', 'Committee Number', 'Y', 'KC-SYS', 'org.kuali.kra.kim.bo.KcKimAttributes');
insert into KRIM_ATTR_DEFN_T (KIM_ATTR_DEFN_ID, OBJ_ID, VER_NBR, NM, LBL, ACTV_IND, NMSPC_CD, CMPNT_NM) values ('1037', '3166D61D78A7445AA9C996E36B773113', 1, 'award', 'Award Number', 'Y', 'KC-SYS', 'org.kuali.kra.kim.bo.KcKimAttributes');
insert into KRIM_ATTR_DEFN_T (KIM_ATTR_DEFN_ID, OBJ_ID, VER_NBR, NM, LBL, ACTV_IND, NMSPC_CD, CMPNT_NM) values ('1038', 'D070A6E993F247848FA1696AC92FD363', 1, 'timeandmoney', 'TimeAndMoney Number', 'Y', 'KC-SYS', 'org.kuali.kra.kim.bo.KcKimAttributes');
insert into KRIM_ATTR_DEFN_T (KIM_ATTR_DEFN_ID, OBJ_ID, VER_NBR, NM, LBL, ACTV_IND, NMSPC_CD, CMPNT_NM) values ('1005', '9F2F1D462E0C40CE8A3B215FC01CD9A2', 1, 'unitNumber', 'Unit Number', 'Y', 'KC-SYS', 'org.kuali.kfs.sys.identity.KcKimAttributes');
insert into KRIM_ATTR_DEFN_T (KIM_ATTR_DEFN_ID, OBJ_ID, VER_NBR, NM, LBL, ACTV_IND, NMSPC_CD, CMPNT_NM) values ('1006', 'FB23FA5EE83C47A4BF8C8727068E370D', 1, 'subunits', 'Descend Flag', 'Y', 'KC-SYS', 'org.kuali.kfs.sys.identity.KcKimAttributes');
insert into KRIM_ATTR_DEFN_T (KIM_ATTR_DEFN_ID, OBJ_ID, VER_NBR, NM, LBL, ACTV_IND, NMSPC_CD, CMPNT_NM) values ('1', '5ADF18B6D4887954E0404F8189D85002', 1, 'beanName', null, 'Y', 'KR-SYS', 'org.kuali.rice.kim.bo.impl.KimAttributes');
insert into KRIM_ATTR_DEFN_T (KIM_ATTR_DEFN_ID, OBJ_ID, VER_NBR, NM, LBL, ACTV_IND, NMSPC_CD, CMPNT_NM) values ('10', '5ADF18B6D4917954E0404F8189D85002', 1, 'editMode', null, 'Y', 'KR-NS', 'org.kuali.rice.kim.bo.impl.KimAttributes');
insert into KRIM_ATTR_DEFN_T (KIM_ATTR_DEFN_ID, OBJ_ID, VER_NBR, NM, LBL, ACTV_IND, NMSPC_CD, CMPNT_NM) values ('11', '5ADF18B6D4927954E0404F8189D85002', 1, 'parameterName', null, 'Y', 'KR-NS', 'org.kuali.rice.kim.bo.impl.KimAttributes');
insert into KRIM_ATTR_DEFN_T (KIM_ATTR_DEFN_ID, OBJ_ID, VER_NBR, NM, LBL, ACTV_IND, NMSPC_CD, CMPNT_NM) values ('12', '5ADF18B6D4937954E0404F8189D85002', 1, 'campusCode', null, 'Y', 'KR-NS', 'org.kuali.rice.kim.bo.impl.KimAttributes');
insert into KRIM_ATTR_DEFN_T (KIM_ATTR_DEFN_ID, OBJ_ID, VER_NBR, NM, LBL, ACTV_IND, NMSPC_CD, CMPNT_NM) values ('13', '5ADF18B6D4947954E0404F8189D85002', 1, 'documentTypeName', null, 'Y', 'KR-WKFLW', 'org.kuali.rice.kim.bo.impl.KimAttributes');
insert into KRIM_ATTR_DEFN_T (KIM_ATTR_DEFN_ID, OBJ_ID, VER_NBR, NM, LBL, ACTV_IND, NMSPC_CD, CMPNT_NM) values ('14', '5ADF18B6D4957954E0404F8189D85002', 1, 'actionRequestCd', null, 'Y', 'KR-WKFLW', 'org.kuali.rice.kim.bo.impl.KimAttributes');
insert into KRIM_ATTR_DEFN_T (KIM_ATTR_DEFN_ID, OBJ_ID, VER_NBR, NM, LBL, ACTV_IND, NMSPC_CD, CMPNT_NM) values ('15', '5ADF18B6D4967954E0404F8189D85002', 1, 'routeStatusCode', null, 'Y', 'KR-WKFLW', 'org.kuali.rice.kim.bo.impl.KimAttributes');
insert into KRIM_ATTR_DEFN_T (KIM_ATTR_DEFN_ID, OBJ_ID, VER_NBR, NM, LBL, ACTV_IND, NMSPC_CD, CMPNT_NM) values ('16', '5ADF18B6D4977954E0404F8189D85002', 1, 'routeNodeName', null, 'Y', 'KR-WKFLW', 'org.kuali.rice.kim.bo.impl.KimAttributes');
insert into KRIM_ATTR_DEFN_T (KIM_ATTR_DEFN_ID, OBJ_ID, VER_NBR, NM, LBL, ACTV_IND, NMSPC_CD, CMPNT_NM) values ('17', '5ADF18B6D4987954E0404F8189D85002', 1, 'entityTypeCode', null, 'Y', 'KR-IDM', 'org.kuali.rice.kim.bo.impl.KimAttributes');
insert into KRIM_ATTR_DEFN_T (KIM_ATTR_DEFN_ID, OBJ_ID, VER_NBR, NM, LBL, ACTV_IND, NMSPC_CD, CMPNT_NM) values ('18', '5ADF18B6D4997954E0404F8189D85002', 1, 'roleName', null, 'Y', 'KR-IDM', 'org.kuali.rice.kim.bo.impl.KimAttributes');
insert into KRIM_ATTR_DEFN_T (KIM_ATTR_DEFN_ID, OBJ_ID, VER_NBR, NM, LBL, ACTV_IND, NMSPC_CD, CMPNT_NM) values ('19', '5ADF18B6D49A7954E0404F8189D85002', 1, 'permissionName', null, 'Y', 'KR-IDM', 'org.kuali.rice.kim.bo.impl.KimAttributes');
insert into KRIM_ATTR_DEFN_T (KIM_ATTR_DEFN_ID, OBJ_ID, VER_NBR, NM, LBL, ACTV_IND, NMSPC_CD, CMPNT_NM) values ('2', '5ADF18B6D4897954E0404F8189D85002', 1, 'actionClass', null, 'Y', 'KR-SYS', 'org.kuali.rice.kim.bo.impl.KimAttributes');
insert into KRIM_ATTR_DEFN_T (KIM_ATTR_DEFN_ID, OBJ_ID, VER_NBR, NM, LBL, ACTV_IND, NMSPC_CD, CMPNT_NM) values ('20', '5ADF18B6D49B7954E0404F8189D85002', 1, 'responsibilityName', null, 'Y', 'KR-IDM', 'org.kuali.rice.kim.bo.impl.KimAttributes');
insert into KRIM_ATTR_DEFN_T (KIM_ATTR_DEFN_ID, OBJ_ID, VER_NBR, NM, LBL, ACTV_IND, NMSPC_CD, CMPNT_NM) values ('21', '5ADF18B6D49C7954E0404F8189D85002', 1, 'groupName', null, 'Y', 'KR-IDM', 'org.kuali.rice.kim.bo.impl.KimAttributes');
insert into KRIM_ATTR_DEFN_T (KIM_ATTR_DEFN_ID, OBJ_ID, VER_NBR, NM, LBL, ACTV_IND, NMSPC_CD, CMPNT_NM) values ('3', '5ADF18B6D48A7954E0404F8189D85002', 1, 'buttonName', null, 'Y', 'KR-SYS', 'org.kuali.rice.kim.bo.impl.KimAttributes');
insert into KRIM_ATTR_DEFN_T (KIM_ATTR_DEFN_ID, OBJ_ID, VER_NBR, NM, LBL, ACTV_IND, NMSPC_CD, CMPNT_NM) values ('4', '5ADF18B6D48B7954E0404F8189D85002', 1, 'namespaceCode', null, 'Y', 'KR-NS', 'org.kuali.rice.kim.bo.impl.KimAttributes');
insert into KRIM_ATTR_DEFN_T (KIM_ATTR_DEFN_ID, OBJ_ID, VER_NBR, NM, LBL, ACTV_IND, NMSPC_CD, CMPNT_NM) values ('40', '5C4970B2B2DF8277E0404F8189D80B30', 1, 'required', null, 'Y', 'KR-WKFLW', 'org.kuali.rice.kim.bo.impl.KimAttributes');
insert into KRIM_ATTR_DEFN_T (KIM_ATTR_DEFN_ID, OBJ_ID, VER_NBR, NM, LBL, ACTV_IND, NMSPC_CD, CMPNT_NM) values ('41', '5C4970B2B2E08277E0404F8189D80B30', 1, 'actionDetailsAtRoleMemberLevel', null, 'Y', 'KR-WKFLW', 'org.kuali.rice.kim.bo.impl.KimAttributes');
insert into KRIM_ATTR_DEFN_T (KIM_ATTR_DEFN_ID, OBJ_ID, VER_NBR, NM, LBL, ACTV_IND, NMSPC_CD, CMPNT_NM) values ('42', '5C7D997640635002E0404F8189D86F11', 1, 'documentNumber', null, 'Y', 'KR-NS', 'org.kuali.rice.kim.bo.impl.KimAttributes');
insert into KRIM_ATTR_DEFN_T (KIM_ATTR_DEFN_ID, OBJ_ID, VER_NBR, NM, LBL, ACTV_IND, NMSPC_CD, CMPNT_NM) values ('44', '603B735FA6BCFE21E0404F8189D8083B', 1, 'sectionId', null, 'Y', 'KR-NS', 'org.kuali.rice.kim.bo.impl.KimAttributes');
insert into KRIM_ATTR_DEFN_T (KIM_ATTR_DEFN_ID, OBJ_ID, VER_NBR, NM, LBL, ACTV_IND, NMSPC_CD, CMPNT_NM) values ('5', '5ADF18B6D48C7954E0404F8189D85002', 1, 'componentName', null, 'Y', 'KR-NS', 'org.kuali.rice.kim.bo.impl.KimAttributes');
insert into KRIM_ATTR_DEFN_T (KIM_ATTR_DEFN_ID, OBJ_ID, VER_NBR, NM, LBL, ACTV_IND, NMSPC_CD, CMPNT_NM) values ('6', '5ADF18B6D48D7954E0404F8189D85002', 1, 'propertyName', null, 'Y', 'KR-NS', 'org.kuali.rice.kim.bo.impl.KimAttributes');
insert into KRIM_ATTR_DEFN_T (KIM_ATTR_DEFN_ID, OBJ_ID, VER_NBR, NM, LBL, ACTV_IND, NMSPC_CD, CMPNT_NM) values ('7', '603B735FA6BAFE21E0404F8189D8083B', 1, 'existingRecordsOnly', null, 'Y', 'KR-NS', 'org.kuali.rice.kim.bo.impl.KimAttributes');
insert into KRIM_ATTR_DEFN_T (KIM_ATTR_DEFN_ID, OBJ_ID, VER_NBR, NM, LBL, ACTV_IND, NMSPC_CD, CMPNT_NM) values ('8', '5ADF18B6D48F7954E0404F8189D85002', 1, 'createdBySelfOnly', null, 'Y', 'KR-NS', 'org.kuali.rice.kim.bo.impl.KimAttributes');
insert into KRIM_ATTR_DEFN_T (KIM_ATTR_DEFN_ID, OBJ_ID, VER_NBR, NM, LBL, ACTV_IND, NMSPC_CD, CMPNT_NM) values ('9', '5ADF18B6D4907954E0404F8189D85002', 1, 'attachmentTypeCode', null, 'Y', 'KR-NS', 'org.kuali.rice.kim.bo.impl.KimAttributes');
insert into KRIM_ATTR_DEFN_T (KIM_ATTR_DEFN_ID, OBJ_ID, VER_NBR, NM, LBL, ACTV_IND, NMSPC_CD, CMPNT_NM) values ('46', '69FA55ACC2EE2598E0404F8189D86880', 1, 'qualifierResolverProvidedIdentifier', null, 'Y', 'KR-IDM', 'org.kuali.rice.kim.bo.impl.KimAttributes');


--**************************************************************************************************************************************************
--******************************************** KIM TYPES & ATTRIBUTES-TO-TYPES **********************************************************************
--**************************************************************************************************************************************************

insert into KRIM_TYP_T (KIM_TYP_ID, OBJ_ID, VER_NBR, NM, SRVC_NM, ACTV_IND, NMSPC_CD) values ('1017', 'A2C8D80F850B4F349D58906BFD77DEFD', 1, 'Document Section', 'defaultPermissionTypeService', 'Y', ' KC-SYS');
insert into KRIM_TYP_T (KIM_TYP_ID, OBJ_ID, VER_NBR, NM, SRVC_NM, ACTV_IND, NMSPC_CD) values ('1018', 'D2C825C9A2A54BE68CABC404728C2B17', 1, 'Document Action', 'defaultPermissionTypeService', 'Y', 'KC-SYS');
insert into KRIM_TYP_T (KIM_TYP_ID, OBJ_ID, VER_NBR, NM, SRVC_NM, ACTV_IND, NMSPC_CD) values ('1019', 'F623831EFD0B420496889FF4CB441D1D', 1, 'Document Key', 'kimTypeService', 'Y', 'KC-SYS');
insert into KRIM_TYP_T (KIM_TYP_ID, OBJ_ID, VER_NBR, NM, SRVC_NM, ACTV_IND, NMSPC_CD) values ('1040', '6E00452E0F42420A8358DEEF2DC2218C', 1, 'ProposalType', 'kimTypeService', 'Y', 'KC-SYS');
insert into KRIM_TYP_T (KIM_TYP_ID, OBJ_ID, VER_NBR, NM, SRVC_NM, ACTV_IND, NMSPC_CD) values ('1041', '43CBE324B5B242B8993DC1C1140C60DA', 1, 'ProtocolType', 'kimTypeService', 'Y', 'KC-SYS');
insert into KRIM_TYP_T (KIM_TYP_ID, OBJ_ID, VER_NBR, NM, SRVC_NM, ACTV_IND, NMSPC_CD) values ('1042', 'CEAB213CD4754F63AEBF9B40AA797E55', 1, 'CommitteeType', 'kimTypeService', 'Y', 'KC-SYS');
insert into KRIM_TYP_T (KIM_TYP_ID, OBJ_ID, VER_NBR, NM, SRVC_NM, ACTV_IND, NMSPC_CD) values ('1043', '1FC654D245A94E4DBFC2A382863D4F64', 1, 'AwardType', 'kimTypeService', 'Y', 'KC-SYS');
insert into KRIM_TYP_T (KIM_TYP_ID, OBJ_ID, VER_NBR, NM, SRVC_NM, ACTV_IND, NMSPC_CD) values ('1044', '9E3B35E4537A486E82517C30D8BD0AC5', 1, 'TimeAndMoneyType', 'kimTypeService', 'Y', 'KC-SYS');
insert into KRIM_TYP_T (KIM_TYP_ID, OBJ_ID, VER_NBR, NM, SRVC_NM, ACTV_IND, NMSPC_CD) values ('1012', 'B27489CC2C8C437FA8AB19BB81467400', 1, 'Unit', 'unitRoleTypeService', 'Y', 'KC-SYS');
insert into KRIM_TYP_T (KIM_TYP_ID, OBJ_ID, VER_NBR, NM, SRVC_NM, ACTV_IND, NMSPC_CD) values ('1013', '88E021C678224777B2708CBFD537FB53', 1, 'UnitHierarchy', 'unitHierarchyRoleTypeService', 'Y', 'KC-SYS');
insert into KRIM_TYP_T (KIM_TYP_ID, OBJ_ID, VER_NBR, NM, SRVC_NM, ACTV_IND, NMSPC_CD) values ('1014', 'F9D1C8B9B30E4A6DADA01BDA3010E6B6', 1, 'Derived ROLE - PI', 'proposalRoleTypeService', 'Y', 'KC-WKFLW');
insert into KRIM_TYP_T (KIM_TYP_ID, OBJ_ID, VER_NBR, NM, SRVC_NM, ACTV_IND, NMSPC_CD) values ('1015', '67BE6479E68645DFB64ED0B8927E442B', 1, 'Derived ROLE - COI', 'proposalRoleTypeService', 'Y', 'KC-WKFLW');
insert into KRIM_TYP_T (KIM_TYP_ID, OBJ_ID, VER_NBR, NM, SRVC_NM, ACTV_IND, NMSPC_CD) values ('1016', 'DA383920921646B89951C9F4B20C1EE6', 1, 'Derived ROLE - KeyPerson', 'proposalRoleTypeService', 'Y', 'KC-WKFLW');
--insert into KRIM_TYP_T (KIM_TYP_ID, OBJ_ID, VER_NBR, NM, SRVC_NM, ACTV_IND, NMSPC_CD) --values ('1', '4c904be7-799a-4e97-b9b4-84d7846082f9', 1, 'Default', null, 'Y', 'KUALI');
insert into KRIM_TYP_T (KIM_TYP_ID, OBJ_ID, VER_NBR, NM, SRVC_NM, ACTV_IND, NMSPC_CD) values ('10', '5ADF18B6D4D77954E0404F8189D85002', 1, 'Namespace or Component', 'namespaceOrComponentPermissionTypeService', 'Y', 'KR-NS');
insert into KRIM_TYP_T (KIM_TYP_ID, OBJ_ID, VER_NBR, NM, SRVC_NM, ACTV_IND, NMSPC_CD) values ('11', '5ADF18B6D4DC7954E0404F8189D85002', 1, 'Component Field', 'componentFieldPermissionTypeService', 'Y', 'KR-NS');
insert into KRIM_TYP_T (KIM_TYP_ID, OBJ_ID, VER_NBR, NM, SRVC_NM, ACTV_IND, NMSPC_CD) values ('12', '5ADF18B6D4E37954E0404F8189D85002', 1, 'Namespace or Action', 'namespaceOrActionPermissionTypeService', 'Y', 'KR-NS');
insert into KRIM_TYP_T (KIM_TYP_ID, OBJ_ID, VER_NBR, NM, SRVC_NM, ACTV_IND, NMSPC_CD) values ('13', '5ADF18B6D4E77954E0404F8189D85002', 1, 'Button', 'buttonPermissionTypeService', 'Y', 'KR-NS');
insert into KRIM_TYP_T (KIM_TYP_ID, OBJ_ID, VER_NBR, NM, SRVC_NM, ACTV_IND, NMSPC_CD) values ('14', '5ADF18B6D4EA7954E0404F8189D85002', 1, 'Edit Mode & Document Type', 'documentTypeAndEditModePermissionTypeService', 'Y', 'KR-NS');
insert into KRIM_TYP_T (KIM_TYP_ID, OBJ_ID, VER_NBR, NM, SRVC_NM, ACTV_IND, NMSPC_CD) values ('15', '5ADF18B6D4ED7954E0404F8189D85002', 1, 'Batch Feed or Job', 'batchFeedOrJobPermissionTypeService', 'Y', 'KR-NS');
insert into KRIM_TYP_T (KIM_TYP_ID, OBJ_ID, VER_NBR, NM, SRVC_NM, ACTV_IND, NMSPC_CD) values ('16', '5ADF18B6D4F27954E0404F8189D85002', 1, 'Parameter', 'parameterPermissionTypeService', 'Y', 'KR-NS');
insert into KRIM_TYP_T (KIM_TYP_ID, OBJ_ID, VER_NBR, NM, SRVC_NM, ACTV_IND, NMSPC_CD) values ('18', '5ADF18B6D4F97954E0404F8189D85002', 1, 'Role', 'rolePermissionTypeService', 'Y', 'KR-IDM');
insert into KRIM_TYP_T (KIM_TYP_ID, OBJ_ID, VER_NBR, NM, SRVC_NM, ACTV_IND, NMSPC_CD) values ('19', '5ADF18B6D4FD7954E0404F8189D85002', 1, 'Permission', 'permissionPermissionTypeService', 'Y', 'KR-IDM');
insert into KRIM_TYP_T (KIM_TYP_ID, OBJ_ID, VER_NBR, NM, SRVC_NM, ACTV_IND, NMSPC_CD) values ('2', '5ADF18B6D4837954E0404F8189D85002', 1, 'Derived Role: Principal', 'activePrincipalRoleTypeService', 'Y', 'KR-IDM');
insert into KRIM_TYP_T (KIM_TYP_ID, OBJ_ID, VER_NBR, NM, SRVC_NM, ACTV_IND, NMSPC_CD) values ('20', '5ADF18B6D5017954E0404F8189D85002', 1, 'Responsibility', 'responsibilityPermissionTypeService', 'Y', 'KR-IDM');
insert into KRIM_TYP_T (KIM_TYP_ID, OBJ_ID, VER_NBR, NM, SRVC_NM, ACTV_IND, NMSPC_CD) values ('21', '5ADF18B6D5057954E0404F8189D85002', 1, 'Group', 'groupPermissionTypeService', 'Y', 'KR-IDM');
insert into KRIM_TYP_T (KIM_TYP_ID, OBJ_ID, VER_NBR, NM, SRVC_NM, ACTV_IND, NMSPC_CD) values ('22', '5ADF18B6D5097954E0404F8189D85002', 1, 'Entity Type & Field(s)', null, 'Y', 'KR-IDM');
insert into KRIM_TYP_T (KIM_TYP_ID, OBJ_ID, VER_NBR, NM, SRVC_NM, ACTV_IND, NMSPC_CD) values ('3', '5ADF18B6D4AC7954E0404F8189D85002', 1, 'Document Type (Permission)', 'documentTypePermissionTypeService', 'Y', 'KR-SYS');
insert into KRIM_TYP_T (KIM_TYP_ID, OBJ_ID, VER_NBR, NM, SRVC_NM, ACTV_IND, NMSPC_CD) values ('4', '5ADF18B6D4B57954E0404F8189D85002', 1, 'Action Request Type', 'actionRequestTypePermissionTypeService', 'Y', 'KR-WKFLW');
insert into KRIM_TYP_T (KIM_TYP_ID, OBJ_ID, VER_NBR, NM, SRVC_NM, ACTV_IND, NMSPC_CD) values ('42', '5ADF18B6D53B7954E0404F8189D85002', 1, 'Derived Role: Action Request', 'actionRequestDerivedRoleTypeService', 'Y', 'KR-WKFLW');
insert into KRIM_TYP_T (KIM_TYP_ID, OBJ_ID, VER_NBR, NM, SRVC_NM, ACTV_IND, NMSPC_CD) values ('43', '5ADF18B6D53C7954E0404F8189D85002', 1, 'Derived Role: Route Log', 'routeLogDerivedRoleTypeService', 'Y', 'KR-WKFLW');
insert into KRIM_TYP_T (KIM_TYP_ID, OBJ_ID, VER_NBR, NM, SRVC_NM, ACTV_IND, NMSPC_CD) values ('45', '5B6013B3AD131A9CE0404F8189D87094', 1, 'Derived Role: Permission (Edit Document)', 'documentEditorRoleTypeService', 'Y', 'KR-NS');
insert into KRIM_TYP_T (KIM_TYP_ID, OBJ_ID, VER_NBR, NM, SRVC_NM, ACTV_IND, NMSPC_CD) values ('5', '5ADF18B6D4B87954E0404F8189D85002', 1, 'Ad Hoc Review', 'adhocReviewPermissionTypeService', 'Y', 'KR-WKFLW');
insert into KRIM_TYP_T (KIM_TYP_ID, OBJ_ID, VER_NBR, NM, SRVC_NM, ACTV_IND, NMSPC_CD) values ('52', '5C997D14EAC2FE40E0404F8189D87DC5', 1, 'Document Type, Routing Node & Field(s)', 'documentTypeAndNodeAndFieldsPermissionTypeService', 'Y', 'KR-SYS');
insert into KRIM_TYP_T (KIM_TYP_ID, OBJ_ID, VER_NBR, NM, SRVC_NM, ACTV_IND, NMSPC_CD) values ('54', '60432A73A6A29F65E0404F8189D86AA4', 1, 'Document Type (Responsibility)', 'documentTypeResponsibilityTypeService', 'Y', 'KR-KEW');
insert into KRIM_TYP_T (KIM_TYP_ID, OBJ_ID, VER_NBR, NM, SRVC_NM, ACTV_IND, NMSPC_CD) values ('56', '603B735FA6B9FE21E0404F8189D8083B', 1, 'Document Type & Existing Records Only', 'documentTypeAndExistingRecordsOnlyPermissionTypeService', 'Y', 'KR-NS');
insert into KRIM_TYP_T (KIM_TYP_ID, OBJ_ID, VER_NBR, NM, SRVC_NM, ACTV_IND, NMSPC_CD) values ('57', '603B735FA6BDFE21E0404F8189D8083B', 1, 'Component Section', 'componentSectionPermissionTypeService', 'Y', 'KR-NS');
insert into KRIM_TYP_T (KIM_TYP_ID, OBJ_ID, VER_NBR, NM, SRVC_NM, ACTV_IND, NMSPC_CD) values ('59', '606763510FBB96D3E0404F8189D857A2', 1, 'Document Type & Relationship to Note Author', 'documentTypeAndRelationshipToNoteAuthorPermissionTypeService', 'Y', 'KR-NS');
insert into KRIM_TYP_T (KIM_TYP_ID, OBJ_ID, VER_NBR, NM, SRVC_NM, ACTV_IND, NMSPC_CD) values ('60', '606763510FBC96D3E0404F8189D857A2', 1, 'Derived Role: Permission (Open Document)', 'documentOpenerRoleTypeService', 'Y', 'KR-NS');
insert into KRIM_TYP_T (KIM_TYP_ID, OBJ_ID, VER_NBR, NM, SRVC_NM, ACTV_IND, NMSPC_CD) values ('7', '5ADF18B6D4C07954E0404F8189D85002', 1, 'Document Type, Routing Node & Action Information', 'reviewResponsibilityTypeService', 'Y', 'KR-WKFLW');
insert into KRIM_TYP_T (KIM_TYP_ID, OBJ_ID, VER_NBR, NM, SRVC_NM, ACTV_IND, NMSPC_CD) values ('8', '5ADF18B6D4C67954E0404F8189D85002', 1, 'Document Type & Routing Node or State', 'documentTypeAndNodeOrStatePermissionTypeService', 'Y', 'KR-SYS');
insert into KRIM_TYP_T (KIM_TYP_ID, OBJ_ID, VER_NBR, NM, SRVC_NM, ACTV_IND, NMSPC_CD) values ('9', '5ADF18B6D4CD7954E0404F8189D85002', 1, 'Document Type & Attachment Type', 'documentTypeAndAttachmentTypePermissionTypeService', 'Y', 'KR-NS');
insert into KRIM_TYP_T (KIM_TYP_ID, OBJ_ID, VER_NBR, NM, SRVC_NM, ACTV_IND, NMSPC_CD) values ('66', '67F145466E8A9160E0404F8189D86771', 1, 'Derived Role: Permission (Initiate Document)', 'documentInitiatorRoleTypeService', 'Y', 'KR-SYS');
insert into KRIM_TYP_T (KIM_TYP_ID, OBJ_ID, VER_NBR, NM, SRVC_NM, ACTV_IND, NMSPC_CD) values ('67', '67F145466E8F9160E0404F8189D86771', 1, 'Namespace', 'namespacePermissionTypeService', 'Y', 'KR-NS');
INSERT INTO KRIM_TYP_T (KIM_TYP_ID, OBJ_ID, VER_NBR, NM, SRVC_NM, ACTV_IND, NMSPC_CD) VALUES ('1045', '67F145466E8F9160E1404F8189E86771', 1, 'Derived Role: IRB Online Reviewer', 'protocolOnlineReviewRoleTypeService', 'Y', 'KC-WKFLW' );

insert into KRIM_TYP_ATTR_T (KIM_TYP_ATTR_ID, OBJ_ID, VER_NBR, SORT_CD, KIM_TYP_ID, KIM_ATTR_DEFN_ID, ACTV_IND) values ('1009', '9E8C6BBF7C38443088C2B420363C5200', 1, 'a', '1017', '1007', 'Y');
insert into KRIM_TYP_ATTR_T (KIM_TYP_ATTR_ID, OBJ_ID, VER_NBR, SORT_CD, KIM_TYP_ID, KIM_ATTR_DEFN_ID, ACTV_IND) values ('1010', '8067AED0B0864D3C8ADB30B79AB5492F', 1, 'b', '1017', '13', 'Y');
insert into KRIM_TYP_ATTR_T (KIM_TYP_ATTR_ID, OBJ_ID, VER_NBR, SORT_CD, KIM_TYP_ID, KIM_ATTR_DEFN_ID, ACTV_IND) values ('1011', '6D56C1DD6A0143C584AF160EF5AF4D3B', 1, 'a', '1018', '1008', 'Y');
insert into KRIM_TYP_ATTR_T (KIM_TYP_ATTR_ID, OBJ_ID, VER_NBR, SORT_CD, KIM_TYP_ID, KIM_ATTR_DEFN_ID, ACTV_IND) values ('1012', '754CF36D2BA1454893051682C0913E23', 1, 'b', '1018', '13', 'Y');
insert into KRIM_TYP_ATTR_T (KIM_TYP_ATTR_ID, OBJ_ID, VER_NBR, SORT_CD, KIM_TYP_ID, KIM_ATTR_DEFN_ID, ACTV_IND) values ('1033', '5C36DB3EB5DA403F869B22050C4049B8', 1, 'A', '1040', '1034', 'Y');
insert into KRIM_TYP_ATTR_T (KIM_TYP_ATTR_ID, OBJ_ID, VER_NBR, SORT_CD, KIM_TYP_ID, KIM_ATTR_DEFN_ID, ACTV_IND) values ('1034', 'B8E786101AF14DAE891BAF1618F8090A', 1, 'A', '1041', '1035', 'Y');
insert into KRIM_TYP_ATTR_T (KIM_TYP_ATTR_ID, OBJ_ID, VER_NBR, SORT_CD, KIM_TYP_ID, KIM_ATTR_DEFN_ID, ACTV_IND) values ('1035', 'E34ADAC488A64952A2E3219ADBA50780', 1, 'A', '1042', '1036', 'Y');
insert into KRIM_TYP_ATTR_T (KIM_TYP_ATTR_ID, OBJ_ID, VER_NBR, SORT_CD, KIM_TYP_ID, KIM_ATTR_DEFN_ID, ACTV_IND) values ('1036', '070028B9213E4BDFB9C150DE6B4F8BE1', 1, 'A', '1043', '1037', 'Y');
insert into KRIM_TYP_ATTR_T (KIM_TYP_ATTR_ID, OBJ_ID, VER_NBR, SORT_CD, KIM_TYP_ID, KIM_ATTR_DEFN_ID, ACTV_IND) values ('1037', 'E0D5534DBA8D4EEB8A05140475437F09', 1, 'A', '1044', '1038', 'Y');
insert into KRIM_TYP_ATTR_T (KIM_TYP_ATTR_ID, OBJ_ID, VER_NBR, SORT_CD, KIM_TYP_ID, KIM_ATTR_DEFN_ID, ACTV_IND) values ('1006', '813AFE8DC3FF4EAA82D8EC6B63996402', 1, 'A', '1012', '1005', 'Y');
insert into KRIM_TYP_ATTR_T (KIM_TYP_ATTR_ID, OBJ_ID, VER_NBR, SORT_CD, KIM_TYP_ID, KIM_ATTR_DEFN_ID, ACTV_IND) values ('1007', '9ABD9F3AC2714C01AB5E7C685812A3AB', 1, 'A', '1013', '1005', 'Y');
insert into KRIM_TYP_ATTR_T (KIM_TYP_ATTR_ID, OBJ_ID, VER_NBR, SORT_CD, KIM_TYP_ID, KIM_ATTR_DEFN_ID, ACTV_IND) values ('1008', 'B9D2C1DF5FF04E4E8A12F2AC09965012', 1, 'A', '1013', '1006', 'Y');
insert into KRIM_TYP_ATTR_T (KIM_TYP_ATTR_ID, OBJ_ID, VER_NBR, SORT_CD, KIM_TYP_ID, KIM_ATTR_DEFN_ID, ACTV_IND) values ('1', '5ADF18B6D4AD7954E0404F8189D85002', 1, 'a', '3', '13', 'Y');
insert into KRIM_TYP_ATTR_T (KIM_TYP_ATTR_ID, OBJ_ID, VER_NBR, SORT_CD, KIM_TYP_ID, KIM_ATTR_DEFN_ID, ACTV_IND) values ('10', '5ADF18B6D4C87954E0404F8189D85002', 1, 'c', '8', '15', 'Y');
insert into KRIM_TYP_ATTR_T (KIM_TYP_ATTR_ID, OBJ_ID, VER_NBR, SORT_CD, KIM_TYP_ID, KIM_ATTR_DEFN_ID, ACTV_IND) values ('101', '603B735FA6BBFE21E0404F8189D8083B', 1, 'a', '56', '13', 'Y');
insert into KRIM_TYP_ATTR_T (KIM_TYP_ATTR_ID, OBJ_ID, VER_NBR, SORT_CD, KIM_TYP_ID, KIM_ATTR_DEFN_ID, ACTV_IND) values ('102', '603B735FA6C2FE21E0404F8189D8083B', 1, 'b', '56', '7', 'Y');
insert into KRIM_TYP_ATTR_T (KIM_TYP_ATTR_ID, OBJ_ID, VER_NBR, SORT_CD, KIM_TYP_ID, KIM_ATTR_DEFN_ID, ACTV_IND) values ('103', '603B735FA6BEFE21E0404F8189D8083B', 1, 'a', '57', '5', 'Y');
insert into KRIM_TYP_ATTR_T (KIM_TYP_ATTR_ID, OBJ_ID, VER_NBR, SORT_CD, KIM_TYP_ID, KIM_ATTR_DEFN_ID, ACTV_IND) values ('104', '603B735FA6BFFE21E0404F8189D8083B', 1, 'b', '57', '44', 'Y');
insert into KRIM_TYP_ATTR_T (KIM_TYP_ATTR_ID, OBJ_ID, VER_NBR, SORT_CD, KIM_TYP_ID, KIM_ATTR_DEFN_ID, ACTV_IND) values ('107', '60432A73A6A39F65E0404F8189D86AA4', 1, 'a', '54', '13', 'Y');
insert into KRIM_TYP_ATTR_T (KIM_TYP_ATTR_ID, OBJ_ID, VER_NBR, SORT_CD, KIM_TYP_ID, KIM_ATTR_DEFN_ID, ACTV_IND) values ('108', '606763510FBD96D3E0404F8189D857A2', 1, 'a', '59', '13', 'Y');
insert into KRIM_TYP_ATTR_T (KIM_TYP_ATTR_ID, OBJ_ID, VER_NBR, SORT_CD, KIM_TYP_ID, KIM_ATTR_DEFN_ID, ACTV_IND) values ('109', '606763510FBE96D3E0404F8189D857A2', 1, 'b', '59', '8', 'Y');
insert into KRIM_TYP_ATTR_T (KIM_TYP_ATTR_ID, OBJ_ID, VER_NBR, SORT_CD, KIM_TYP_ID, KIM_ATTR_DEFN_ID, ACTV_IND) values ('11', '5ADF18B6D4C97954E0404F8189D85002', 1, 'b', '8', '16', 'Y');
insert into KRIM_TYP_ATTR_T (KIM_TYP_ATTR_ID, OBJ_ID, VER_NBR, SORT_CD, KIM_TYP_ID, KIM_ATTR_DEFN_ID, ACTV_IND) values ('12', '5ADF18B6D4CE7954E0404F8189D85002', 1, 'a', '9', '13', 'Y');
insert into KRIM_TYP_ATTR_T (KIM_TYP_ATTR_ID, OBJ_ID, VER_NBR, SORT_CD, KIM_TYP_ID, KIM_ATTR_DEFN_ID, ACTV_IND) values ('14', '5ADF18B6D4D07954E0404F8189D85002', 1, 'b', '9', '9', 'Y');
insert into KRIM_TYP_ATTR_T (KIM_TYP_ATTR_ID, OBJ_ID, VER_NBR, SORT_CD, KIM_TYP_ID, KIM_ATTR_DEFN_ID, ACTV_IND) values ('15', '5ADF18B6D4D87954E0404F8189D85002', 1, 'a', '10', '4', 'Y');
insert into KRIM_TYP_ATTR_T (KIM_TYP_ATTR_ID, OBJ_ID, VER_NBR, SORT_CD, KIM_TYP_ID, KIM_ATTR_DEFN_ID, ACTV_IND) values ('16', '5ADF18B6D4D97954E0404F8189D85002', 1, 'b', '10', '5', 'Y');
insert into KRIM_TYP_ATTR_T (KIM_TYP_ATTR_ID, OBJ_ID, VER_NBR, SORT_CD, KIM_TYP_ID, KIM_ATTR_DEFN_ID, ACTV_IND) values ('17', '5ADF18B6D4DD7954E0404F8189D85002', 1, 'a', '11', '5', 'Y');
insert into KRIM_TYP_ATTR_T (KIM_TYP_ATTR_ID, OBJ_ID, VER_NBR, SORT_CD, KIM_TYP_ID, KIM_ATTR_DEFN_ID, ACTV_IND) values ('18', '5ADF18B6D4DE7954E0404F8189D85002', 1, 'b', '11', '6', 'Y');
insert into KRIM_TYP_ATTR_T (KIM_TYP_ATTR_ID, OBJ_ID, VER_NBR, SORT_CD, KIM_TYP_ID, KIM_ATTR_DEFN_ID, ACTV_IND) values ('19', '5ADF18B6D4E47954E0404F8189D85002', 1, 'a', '12', '4', 'Y');
insert into KRIM_TYP_ATTR_T (KIM_TYP_ATTR_ID, OBJ_ID, VER_NBR, SORT_CD, KIM_TYP_ID, KIM_ATTR_DEFN_ID, ACTV_IND) values ('2', '5ADF18B6D4B67954E0404F8189D85002', 1, 'a', '4', '14', 'Y');
insert into KRIM_TYP_ATTR_T (KIM_TYP_ATTR_ID, OBJ_ID, VER_NBR, SORT_CD, KIM_TYP_ID, KIM_ATTR_DEFN_ID, ACTV_IND) values ('20', '5ADF18B6D4E57954E0404F8189D85002', 1, 'b', '12', '2', 'Y');
insert into KRIM_TYP_ATTR_T (KIM_TYP_ATTR_ID, OBJ_ID, VER_NBR, SORT_CD, KIM_TYP_ID, KIM_ATTR_DEFN_ID, ACTV_IND) values ('21', '5ADF18B6D4E87954E0404F8189D85002', 1, 'a', '13', '3', 'Y');
insert into KRIM_TYP_ATTR_T (KIM_TYP_ATTR_ID, OBJ_ID, VER_NBR, SORT_CD, KIM_TYP_ID, KIM_ATTR_DEFN_ID, ACTV_IND) values ('22', '5ADF18B6D4EB7954E0404F8189D85002', 1, 'a', '14', '10', 'Y');
insert into KRIM_TYP_ATTR_T (KIM_TYP_ATTR_ID, OBJ_ID, VER_NBR, SORT_CD, KIM_TYP_ID, KIM_ATTR_DEFN_ID, ACTV_IND) values ('23', '5ADF18B6D4EE7954E0404F8189D85002', 1, 'a', '15', '4', 'Y');
insert into KRIM_TYP_ATTR_T (KIM_TYP_ATTR_ID, OBJ_ID, VER_NBR, SORT_CD, KIM_TYP_ID, KIM_ATTR_DEFN_ID, ACTV_IND) values ('24', '5ADF18B6D4EF7954E0404F8189D85002', 1, 'b', '15', '1', 'Y');
insert into KRIM_TYP_ATTR_T (KIM_TYP_ATTR_ID, OBJ_ID, VER_NBR, SORT_CD, KIM_TYP_ID, KIM_ATTR_DEFN_ID, ACTV_IND) values ('25', '5ADF18B6D4F37954E0404F8189D85002', 1, 'a', '16', '4', 'Y');
insert into KRIM_TYP_ATTR_T (KIM_TYP_ATTR_ID, OBJ_ID, VER_NBR, SORT_CD, KIM_TYP_ID, KIM_ATTR_DEFN_ID, ACTV_IND) values ('26', '5ADF18B6D4F47954E0404F8189D85002', 1, 'b', '16', '5', 'Y');
insert into KRIM_TYP_ATTR_T (KIM_TYP_ATTR_ID, OBJ_ID, VER_NBR, SORT_CD, KIM_TYP_ID, KIM_ATTR_DEFN_ID, ACTV_IND) values ('27', '5ADF18B6D4F57954E0404F8189D85002', 1, 'c', '16', '11', 'Y');
insert into KRIM_TYP_ATTR_T (KIM_TYP_ATTR_ID, OBJ_ID, VER_NBR, SORT_CD, KIM_TYP_ID, KIM_ATTR_DEFN_ID, ACTV_IND) values ('29', '5ADF18B6D4FA7954E0404F8189D85002', 1, 'a', '18', '4', 'Y');
insert into KRIM_TYP_ATTR_T (KIM_TYP_ATTR_ID, OBJ_ID, VER_NBR, SORT_CD, KIM_TYP_ID, KIM_ATTR_DEFN_ID, ACTV_IND) values ('3', '5ADF18B6D4B97954E0404F8189D85002', 1, 'a', '5', '13', 'Y');
insert into KRIM_TYP_ATTR_T (KIM_TYP_ATTR_ID, OBJ_ID, VER_NBR, SORT_CD, KIM_TYP_ID, KIM_ATTR_DEFN_ID, ACTV_IND) values ('30', '5ADF18B6D4FB7954E0404F8189D85002', 1, 'b', '18', '18', 'Y');
insert into KRIM_TYP_ATTR_T (KIM_TYP_ATTR_ID, OBJ_ID, VER_NBR, SORT_CD, KIM_TYP_ID, KIM_ATTR_DEFN_ID, ACTV_IND) values ('31', '5ADF18B6D4FE7954E0404F8189D85002', 1, 'a', '19', '4', 'Y');
insert into KRIM_TYP_ATTR_T (KIM_TYP_ATTR_ID, OBJ_ID, VER_NBR, SORT_CD, KIM_TYP_ID, KIM_ATTR_DEFN_ID, ACTV_IND) values ('32', '5ADF18B6D4FF7954E0404F8189D85002', 1, 'b', '19', '19', 'Y');
insert into KRIM_TYP_ATTR_T (KIM_TYP_ATTR_ID, OBJ_ID, VER_NBR, SORT_CD, KIM_TYP_ID, KIM_ATTR_DEFN_ID, ACTV_IND) values ('33', '5ADF18B6D5027954E0404F8189D85002', 1, 'a', '20', '4', 'Y');
insert into KRIM_TYP_ATTR_T (KIM_TYP_ATTR_ID, OBJ_ID, VER_NBR, SORT_CD, KIM_TYP_ID, KIM_ATTR_DEFN_ID, ACTV_IND) values ('34', '5ADF18B6D5037954E0404F8189D85002', 1, 'b', '20', '20', 'Y');
insert into KRIM_TYP_ATTR_T (KIM_TYP_ATTR_ID, OBJ_ID, VER_NBR, SORT_CD, KIM_TYP_ID, KIM_ATTR_DEFN_ID, ACTV_IND) values ('35', '5ADF18B6D5067954E0404F8189D85002', 1, 'a', '21', '4', 'Y');
insert into KRIM_TYP_ATTR_T (KIM_TYP_ATTR_ID, OBJ_ID, VER_NBR, SORT_CD, KIM_TYP_ID, KIM_ATTR_DEFN_ID, ACTV_IND) values ('36', '5ADF18B6D5077954E0404F8189D85002', 1, 'b', '21', '21', 'Y');
insert into KRIM_TYP_ATTR_T (KIM_TYP_ATTR_ID, OBJ_ID, VER_NBR, SORT_CD, KIM_TYP_ID, KIM_ATTR_DEFN_ID, ACTV_IND) values ('37', '5ADF18B6D50A7954E0404F8189D85002', 1, 'a', '22', '17', 'Y');
insert into KRIM_TYP_ATTR_T (KIM_TYP_ATTR_ID, OBJ_ID, VER_NBR, SORT_CD, KIM_TYP_ID, KIM_ATTR_DEFN_ID, ACTV_IND) values ('4', '5ADF18B6D4BA7954E0404F8189D85002', 1, 'b', '5', '14', 'Y');
insert into KRIM_TYP_ATTR_T (KIM_TYP_ATTR_ID, OBJ_ID, VER_NBR, SORT_CD, KIM_TYP_ID, KIM_ATTR_DEFN_ID, ACTV_IND) values ('7', '5ADF18B6D4C17954E0404F8189D85002', 1, 'a', '7', '13', 'Y');
insert into KRIM_TYP_ATTR_T (KIM_TYP_ATTR_ID, OBJ_ID, VER_NBR, SORT_CD, KIM_TYP_ID, KIM_ATTR_DEFN_ID, ACTV_IND) values ('72', '5B47A17D07C2E43DE0404F8189D873F1', 1, 'c', '22', '6', 'Y');
insert into KRIM_TYP_ATTR_T (KIM_TYP_ATTR_ID, OBJ_ID, VER_NBR, SORT_CD, KIM_TYP_ID, KIM_ATTR_DEFN_ID, ACTV_IND) values ('8', '5ADF18B6D4C27954E0404F8189D85002', 1, 'b', '7', '16', 'Y');
insert into KRIM_TYP_ATTR_T (KIM_TYP_ATTR_ID, OBJ_ID, VER_NBR, SORT_CD, KIM_TYP_ID, KIM_ATTR_DEFN_ID, ACTV_IND) values ('80', '5C4970B2B2E18277E0404F8189D80B30', 1, 'c', '7', '40', 'Y');
insert into KRIM_TYP_ATTR_T (KIM_TYP_ATTR_ID, OBJ_ID, VER_NBR, SORT_CD, KIM_TYP_ID, KIM_ATTR_DEFN_ID, ACTV_IND) values ('81', '5C4970B2B2E28277E0404F8189D80B30', 1, 'd', '7', '41', 'Y');
insert into KRIM_TYP_ATTR_T (KIM_TYP_ATTR_ID, OBJ_ID, VER_NBR, SORT_CD, KIM_TYP_ID, KIM_ATTR_DEFN_ID, ACTV_IND) values ('89', '5C7D997640695002E0404F8189D86F11', 1, 'a', '42', '42', 'Y');
insert into KRIM_TYP_ATTR_T (KIM_TYP_ATTR_ID, OBJ_ID, VER_NBR, SORT_CD, KIM_TYP_ID, KIM_ATTR_DEFN_ID, ACTV_IND) values ('9', '5ADF18B6D4C77954E0404F8189D85002', 1, 'a', '8', '13', 'Y');
insert into KRIM_TYP_ATTR_T (KIM_TYP_ATTR_ID, OBJ_ID, VER_NBR, SORT_CD, KIM_TYP_ID, KIM_ATTR_DEFN_ID, ACTV_IND) values ('91', '5C7D9976406B5002E0404F8189D86F11', 1, 'a', '43', '42', 'Y');
insert into KRIM_TYP_ATTR_T (KIM_TYP_ATTR_ID, OBJ_ID, VER_NBR, SORT_CD, KIM_TYP_ID, KIM_ATTR_DEFN_ID, ACTV_IND) values ('111', '67F145466E909160E0404F8189D86771', 1, 'a', '67', '4', 'Y');
insert into KRIM_TYP_ATTR_T (KIM_TYP_ATTR_ID, OBJ_ID, VER_NBR, SORT_CD, KIM_TYP_ID, KIM_ATTR_DEFN_ID, ACTV_IND) values ('112', '67F145466E959160E0404F8189D86771', 1, 'b', '14', '13', 'Y');
--insert into KRIM_TYP_ATTR_T (KIM_TYP_ATTR_ID, OBJ_ID, VER_NBR, SORT_CD, KIM_TYP_ID, KIM_ATTR_DEFN_ID, ACTV_IND) --values ('28', '5ADF18B6D4F87954E0404F8189D85002', 1, 'a', '17', '12', 'Y');
insert into KRIM_TYP_ATTR_T (KIM_TYP_ATTR_ID, OBJ_ID, VER_NBR, SORT_CD, KIM_TYP_ID, KIM_ATTR_DEFN_ID, ACTV_IND) values ('95', '5C997D14EAC3FE40E0404F8189D87DC5', 1, 'a', '52', '13', 'Y');
insert into KRIM_TYP_ATTR_T (KIM_TYP_ATTR_ID, OBJ_ID, VER_NBR, SORT_CD, KIM_TYP_ID, KIM_ATTR_DEFN_ID, ACTV_IND) values ('96', '5C997D14EAC4FE40E0404F8189D87DC5', 1, 'b', '52', '16', 'Y');
insert into KRIM_TYP_ATTR_T (KIM_TYP_ATTR_ID, OBJ_ID, VER_NBR, SORT_CD, KIM_TYP_ID, KIM_ATTR_DEFN_ID, ACTV_IND) values ('97', '5C997D14EAC5FE40E0404F8189D87DC5', 1, 'c', '52', '6', 'Y');


--**************************************************************************************************************************************************
--*************************************************** KIM GROUPS ***********************************************************************************
--**************************************************************************************************************************************************

insert into KRIM_GRP_T (GRP_ID, OBJ_ID, VER_NBR, GRP_NM, NMSPC_CD, GRP_DESC, KIM_TYP_ID, ACTV_IND, LAST_UPDT_DT) values ('1000004', 'CB110D669DA84DC8B2EA302A71DBAB51', 1, 'KcAdmin', 'KC-WKFLW', 'Kuali Coeus Administrator', '1', 'Y', to_date('2009-10-07 15:26:09','YYYY-MM-DD HH24:MI:SS'));
insert into KRIM_GRP_T (GRP_ID, OBJ_ID, VER_NBR, GRP_NM, NMSPC_CD, GRP_DESC, KIM_TYP_ID, ACTV_IND, LAST_UPDT_DT) values ('1000005', 'CE16790479764170964F4AECDE20E7F1', 1, 'OSP Superuser', 'KC-WKFLW', 'Kuali Coeus Administrator', '1', 'Y', to_date('2009-10-07 15:26:09','YYYY-MM-DD HH24:MI:SS'));
insert into KRIM_GRP_T (GRP_ID, OBJ_ID, VER_NBR, GRP_NM, NMSPC_CD, GRP_DESC, KIM_TYP_ID, ACTV_IND, LAST_UPDT_DT) values ('1000006', '4870FB5A03D34006B82890E3F55B4E07', 1, 'ProposalAdmin', 'KC-WKFLW', 'Proposal Workflow Administrator', '1', 'Y', to_date('2009-10-07 15:26:09','YYYY-MM-DD HH24:MI:SS'));
insert into KRIM_GRP_T (GRP_ID, OBJ_ID, VER_NBR, GRP_NM, NMSPC_CD, GRP_DESC, KIM_TYP_ID, ACTV_IND, LAST_UPDT_DT) values ('1000007', '4A19232D0D044FD394DD383798B5DDD8', 1, 'IRBAdmin', 'KC-WKFLW', 'IRB Administrator', '1', 'Y', to_date('2009-10-07 15:26:10','YYYY-MM-DD HH24:MI:SS'));
INSERT INTO KRIM_GRP_T (GRP_ID, OBJ_ID, VER_NBR, GRP_NM, NMSPC_CD, GRP_DESC, KIM_TYP_ID, ACTV_IND, LAST_UPDT_DT) VALUES ( '1000008', '37151AD4B0C79985E0404F8189D80E8B', 1, 'Proposal Development - Department Reviewers', 'KC-WKFLW', 'Reviewes for DepartmentalReview route node.', '1', 'Y', to_date('2010-04-14 09:11:00', 'YYYY-MM-DD HH24:MI:SS') );
INSERT INTO KRIM_GRP_T (GRP_ID, OBJ_ID, VER_NBR, GRP_NM, NMSPC_CD, GRP_DESC, KIM_TYP_ID, ACTV_IND, LAST_UPDT_DT) VALUES ( '1000009', '47151AD4B0C79985E0404F8189D80E8B', 1, 'Proposal Development - Custom Approval Reviewers', 'KC-WKFLW', 'Reviewes for CustomApproval route node.', '1', 'Y', to_date('2010-04-14 09:11:00', 'YYYY-MM-DD HH24:MI:SS') );
insert into KRIM_GRP_T (GRP_ID, OBJ_ID, VER_NBR, GRP_NM, NMSPC_CD, GRP_DESC, KIM_TYP_ID, ACTV_IND, LAST_UPDT_DT) values ('1', '5B97C50B04A16110E0404F8189D85213', 1, 'WorkflowAdmin', 'KR-WKFLW', 'WorkflowAdmin', '1', 'Y', to_date('2008-11-13 12:00:00','YYYY-MM-DD HH24:MI:SS'));
insert into KRIM_GRP_T (GRP_ID, OBJ_ID, VER_NBR, GRP_NM, NMSPC_CD, GRP_DESC, KIM_TYP_ID, ACTV_IND, LAST_UPDT_DT) values ('2000', '5B97C50B04A26110E0404F8189D85213', 1, 'NotificationAdmin', 'KR-WKFLW', 'Notification system admin group for automation.', '1', 'Y', to_date('2008-11-13 12:00:00','YYYY-MM-DD HH24:MI:SS'));
insert into KRIM_GRP_T (GRP_ID, OBJ_ID, VER_NBR, GRP_NM, NMSPC_CD, GRP_DESC, KIM_TYP_ID, ACTV_IND, LAST_UPDT_DT) values ('2001', '5B97C50B04A36110E0404F8189D85213', 1, 'TestGroup1', 'KFS', 'Test group 1 for KEN testing.', '1', 'Y', to_date('2008-11-13 12:00:00','YYYY-MM-DD HH24:MI:SS'));
insert into KRIM_GRP_T (GRP_ID, OBJ_ID, VER_NBR, GRP_NM, NMSPC_CD, GRP_DESC, KIM_TYP_ID, ACTV_IND, LAST_UPDT_DT) values ('2002', '5B97C50B04A46110E0404F8189D85213', 1, 'TestGroup2', 'KFS', 'Test group 2 for KEN testing.', '1', 'Y', to_date('2008-11-13 12:00:00','YYYY-MM-DD HH24:MI:SS'));
insert into KRIM_GRP_T (GRP_ID, OBJ_ID, VER_NBR, GRP_NM, NMSPC_CD, GRP_DESC, KIM_TYP_ID, ACTV_IND, LAST_UPDT_DT) values ('2003', '5B97C50B04A56110E0404F8189D85213', 1, 'RiceTeam', 'KFS', 'A test workgroup for KEN.', '1', 'Y', to_date('2008-11-13 12:00:00','YYYY-MM-DD HH24:MI:SS'));
insert into KRIM_GRP_T (GRP_ID, OBJ_ID, VER_NBR, GRP_NM, NMSPC_CD, GRP_DESC, KIM_TYP_ID, ACTV_IND, LAST_UPDT_DT) values ('2004', '5B97C50B04A66110E0404F8189D85213', 1, 'Group0', 'KFS', 'Group0', '1', 'Y', to_date('2008-11-13 12:00:00','YYYY-MM-DD HH24:MI:SS'));
insert into KRIM_GRP_T (GRP_ID, OBJ_ID, VER_NBR, GRP_NM, NMSPC_CD, GRP_DESC, KIM_TYP_ID, ACTV_IND, LAST_UPDT_DT) values ('2005', '5B97C50B04A76110E0404F8189D85213', 1, 'Group1', 'KFS', 'Group1', '1', 'Y', to_date('2008-11-13 12:00:00','YYYY-MM-DD HH24:MI:SS'));
insert into KRIM_GRP_T (GRP_ID, OBJ_ID, VER_NBR, GRP_NM, NMSPC_CD, GRP_DESC, KIM_TYP_ID, ACTV_IND, LAST_UPDT_DT) values ('2006', '5B97C50B04A86110E0404F8189D85213', 1, 'Group2', 'KFS', 'Group2', '1', 'Y', to_date('2008-11-13 12:00:00','YYYY-MM-DD HH24:MI:SS'));
insert into KRIM_GRP_T (GRP_ID, OBJ_ID, VER_NBR, GRP_NM, NMSPC_CD, GRP_DESC, KIM_TYP_ID, ACTV_IND, LAST_UPDT_DT) values ('2007', '5B97C50B04A96110E0404F8189D85213', 1, 'Kuali Identity Managers', 'KFS', 'Kuali Identity Managers', '1', 'Y', to_date('2008-11-13 12:00:00','YYYY-MM-DD HH24:MI:SS'));
insert into KRIM_GRP_T (GRP_ID, OBJ_ID, VER_NBR, GRP_NM, NMSPC_CD, GRP_DESC, KIM_TYP_ID, ACTV_IND, LAST_UPDT_DT) values ('2008', '5B97C50B04AA6110E0404F8189D85213', 1, 'Kuali Administrators', 'KFS', 'Kuali Administrators', '1', 'Y', to_date('2008-11-13 12:00:00','YYYY-MM-DD HH24:MI:SS'));
insert into KRIM_GRP_T (GRP_ID, OBJ_ID, VER_NBR, GRP_NM, NMSPC_CD, GRP_DESC, KIM_TYP_ID, ACTV_IND, LAST_UPDT_DT) values ('2009', '5B97C50B04AB6110E0404F8189D85213', 1, 'Kuali Developers', 'KFS', 'Kuali Developers', '1', 'Y', to_date('2008-11-13 12:00:00','YYYY-MM-DD HH24:MI:SS'));
insert into KRIM_GRP_T (GRP_ID, OBJ_ID, VER_NBR, GRP_NM, NMSPC_CD, GRP_DESC, KIM_TYP_ID, ACTV_IND, LAST_UPDT_DT) values ('2200', '5B97C50B04B06110E0404F8189D85213', 1, 'eDoc.Example1.SuperUsers', 'KFS', 'edoclite documentation uses this. Do not change or delete.', '1', 'Y', to_date('2008-11-13 12:00:00','YYYY-MM-DD HH24:MI:SS'));
insert into KRIM_GRP_T (GRP_ID, OBJ_ID, VER_NBR, GRP_NM, NMSPC_CD, GRP_DESC, KIM_TYP_ID, ACTV_IND, LAST_UPDT_DT) values ('2201', '5B97C50B04B16110E0404F8189D85213', 1, 'eDoc.Example1.defaultExceptions', 'KFS', 'edoclite documentation uses this. Do not change or delete.', '1', 'Y', to_date('2008-11-13 12:00:00','YYYY-MM-DD HH24:MI:SS'));
insert into KRIM_GRP_T (GRP_ID, OBJ_ID, VER_NBR, GRP_NM, NMSPC_CD, GRP_DESC, KIM_TYP_ID, ACTV_IND, LAST_UPDT_DT) values ('2202', '5B97C50B04B26110E0404F8189D85213', 1, 'eDoc.Example1.IUB.Workgroup', 'KFS', 'Edoclite Documentation workgroup for example edoclite named eDoc.Example1', '1', 'Y', to_date('2008-11-13 12:00:00','YYYY-MM-DD HH24:MI:SS'));
insert into KRIM_GRP_T (GRP_ID, OBJ_ID, VER_NBR, GRP_NM, NMSPC_CD, GRP_DESC, KIM_TYP_ID, ACTV_IND, LAST_UPDT_DT) values ('2203', '5B97C50B04B36110E0404F8189D85213', 1, 'eDoc.Example1.IUPUI.Workgroup', 'KFS', 'Edoclite Documentation workgroup for example edoclite named eDoc.Example1', '1', 'Y', to_date('2008-11-13 12:00:00','YYYY-MM-DD HH24:MI:SS'));
insert into KRIM_GRP_T (GRP_ID, OBJ_ID, VER_NBR, GRP_NM, NMSPC_CD, GRP_DESC, KIM_TYP_ID, ACTV_IND, LAST_UPDT_DT) values ('2301', '6881A5191EB63685E0404F8189D85963', 1, 'Departmental_Routing', 'KC', 'Departmental_Routing', '1', 'Y', to_date('2009-04-26 12:00:00','YYYY-MM-DD HH24:MI:SS'));
insert into KRIM_GRP_T (GRP_ID, OBJ_ID, VER_NBR, GRP_NM, NMSPC_CD, GRP_DESC, KIM_TYP_ID, ACTV_IND, LAST_UPDT_DT) values ('2416', '6881A5191EB73685E0404F8189D85963', 1, 'OSP Superuser', 'KC', 'OSP SuperUser to allow Blanket Approval for PROPOSAL documents', '1', 'Y', to_date('2009-04-26 12:00:00','YYYY-MM-DD HH24:MI:SS'));
insert into KRIM_GRP_T (GRP_ID, OBJ_ID, VER_NBR, GRP_NM, NMSPC_CD, GRP_DESC, KIM_TYP_ID, ACTV_IND, LAST_UPDT_DT) values ('2425', '6881A5191EB83685E0404F8189D85963', 1, 'OSP', 'KC', 'OSP Office for PROPOSAL Review and Approval', '1', 'Y', to_date('2009-04-26 12:00:00','YYYY-MM-DD HH24:MI:SS'));
insert into KRIM_GRP_MBR_T (GRP_MBR_ID, VER_NBR, OBJ_ID, GRP_ID, MBR_ID, MBR_TYP_CD, ACTV_FRM_DT, ACTV_TO_DT, LAST_UPDT_DT) values ('1211', 1, '1BCF5FA61F7848D69AA4CDA5A44F8FFC', '1000004', (SELECT PRNCPL_ID FROM KRIM_PRNCPL_T WHERE PRNCPL_NM = 'quickstart'), 'P', null, null, to_date('2009-10-07 15:26:09','YYYY-MM-DD HH24:MI:SS'));
insert into KRIM_GRP_MBR_T (GRP_MBR_ID, VER_NBR, OBJ_ID, GRP_ID, MBR_ID, MBR_TYP_CD, ACTV_FRM_DT, ACTV_TO_DT, LAST_UPDT_DT) values ('1212', 1, '8411B280321A49C09B2DFA19CE8B1088', '1000004', '10000000001', 'P', null, null, to_date('2009-10-07 15:26:09','YYYY-MM-DD HH24:MI:SS'));
insert into KRIM_GRP_MBR_T (GRP_MBR_ID, VER_NBR, OBJ_ID, GRP_ID, MBR_ID, MBR_TYP_CD, ACTV_FRM_DT, ACTV_TO_DT, LAST_UPDT_DT) values ('1268', 1, '752CA3A5968D4AA0BCA34C327E9DAC35', '1000006', '10000000001', 'P', null, null, to_date('2009-10-07 15:26:09','YYYY-MM-DD HH24:MI:SS'));
insert into KRIM_GRP_MBR_T (GRP_MBR_ID, VER_NBR, OBJ_ID, GRP_ID, MBR_ID, MBR_TYP_CD, ACTV_FRM_DT, ACTV_TO_DT, LAST_UPDT_DT) values ('1322', 1, '6E6D6DB691674A10BDA886359F480EC7', '1000007', '10000000001', 'P', null, null, to_date('2009-10-07 15:26:10','YYYY-MM-DD HH24:MI:SS'));
insert into KRIM_GRP_MBR_T (GRP_MBR_ID, VER_NBR, OBJ_ID, GRP_ID, MBR_ID, MBR_TYP_CD, ACTV_FRM_DT, ACTV_TO_DT, LAST_UPDT_DT) values ('1213', 1, 'C77EB0F2BA794D7D9FFAD8321082D958', '1000004', '10000000003', 'P', null, null, to_date('2009-10-07 15:26:09','YYYY-MM-DD HH24:MI:SS'));
insert into KRIM_GRP_MBR_T (GRP_MBR_ID, VER_NBR, OBJ_ID, GRP_ID, MBR_ID, MBR_TYP_CD, ACTV_FRM_DT, ACTV_TO_DT, LAST_UPDT_DT) values ('1214', 1, '31719B64EE9F488EAA7516B78A9A5318', '1000004', '10000000004', 'P', null, null, to_date('2009-10-07 15:26:09','YYYY-MM-DD HH24:MI:SS'));
insert into KRIM_GRP_MBR_T (GRP_MBR_ID, VER_NBR, OBJ_ID, GRP_ID, MBR_ID, MBR_TYP_CD, ACTV_FRM_DT, ACTV_TO_DT, LAST_UPDT_DT) values ('1215', 1, '5DF80A9E4FB44AEEB90249490CAA4A58', '1000004', '10000000005', 'P', null, null, to_date('2009-10-07 15:26:09','YYYY-MM-DD HH24:MI:SS'));
insert into KRIM_GRP_MBR_T (GRP_MBR_ID, VER_NBR, OBJ_ID, GRP_ID, MBR_ID, MBR_TYP_CD, ACTV_FRM_DT, ACTV_TO_DT, LAST_UPDT_DT) values ('1216', 1, 'A749FE59374E47D6B502411DB4E2D3C7', '1000004', '10000000006', 'P', null, null, to_date('2009-10-07 15:26:09','YYYY-MM-DD HH24:MI:SS'));
insert into KRIM_GRP_MBR_T (GRP_MBR_ID, VER_NBR, OBJ_ID, GRP_ID, MBR_ID, MBR_TYP_CD, ACTV_FRM_DT, ACTV_TO_DT, LAST_UPDT_DT) values ('1267', 1, 'B4BBCF81614640AA812951F17144E4CC', '1000006', (SELECT PRNCPL_ID FROM KRIM_PRNCPL_T WHERE PRNCPL_NM = 'quickstart'), 'P', null, null, to_date('2009-10-07 15:26:09','YYYY-MM-DD HH24:MI:SS'));
insert into KRIM_GRP_MBR_T (GRP_MBR_ID, VER_NBR, OBJ_ID, GRP_ID, MBR_ID, MBR_TYP_CD, ACTV_FRM_DT, ACTV_TO_DT, LAST_UPDT_DT) values ('1269', 1, '72E1EA7EBF004B87A7C0607972ACBE03', '1000006', '10000000003', 'P', null, null, to_date('2009-10-07 15:26:09','YYYY-MM-DD HH24:MI:SS'));
insert into KRIM_GRP_MBR_T (GRP_MBR_ID, VER_NBR, OBJ_ID, GRP_ID, MBR_ID, MBR_TYP_CD, ACTV_FRM_DT, ACTV_TO_DT, LAST_UPDT_DT) values ('1270', 1, '63F6DA84B5824AE1AB92D0CCDC76E9D8', '1000006', '10000000004', 'P', null, null, to_date('2009-10-07 15:26:09','YYYY-MM-DD HH24:MI:SS'));
insert into KRIM_GRP_MBR_T (GRP_MBR_ID, VER_NBR, OBJ_ID, GRP_ID, MBR_ID, MBR_TYP_CD, ACTV_FRM_DT, ACTV_TO_DT, LAST_UPDT_DT) values ('1271', 1, 'B9580AC40C984B2B859F398C45DEC96E', '1000006', '10000000005', 'P', null, null, to_date('2009-10-07 15:26:09','YYYY-MM-DD HH24:MI:SS'));
insert into KRIM_GRP_MBR_T (GRP_MBR_ID, VER_NBR, OBJ_ID, GRP_ID, MBR_ID, MBR_TYP_CD, ACTV_FRM_DT, ACTV_TO_DT, LAST_UPDT_DT) values ('1272', 1, '68E4593E9D624C35B4607C117899451B', '1000006', '10000000006', 'P', null, null, to_date('2009-10-07 15:26:09','YYYY-MM-DD HH24:MI:SS'));
insert into KRIM_GRP_MBR_T (GRP_MBR_ID, VER_NBR, OBJ_ID, GRP_ID, MBR_ID, MBR_TYP_CD, ACTV_FRM_DT, ACTV_TO_DT, LAST_UPDT_DT) values ('1321', 1, 'DB01B0564D0142FB9A6D6731C8444FAF', '1000007', (SELECT PRNCPL_ID FROM KRIM_PRNCPL_T WHERE PRNCPL_NM = 'quickstart'), 'P', null, null, to_date('2009-10-07 15:26:10','YYYY-MM-DD HH24:MI:SS'));
insert into KRIM_GRP_MBR_T (GRP_MBR_ID, VER_NBR, OBJ_ID, GRP_ID, MBR_ID, MBR_TYP_CD, ACTV_FRM_DT, ACTV_TO_DT, LAST_UPDT_DT) values ('1323', 1, 'EE7FA87A0EBE48BEB9A142BDC67BE061', '1000007', '10000000003', 'P', null, null, to_date('2009-10-07 15:26:10','YYYY-MM-DD HH24:MI:SS'));
insert into KRIM_GRP_MBR_T (GRP_MBR_ID, VER_NBR, OBJ_ID, GRP_ID, MBR_ID, MBR_TYP_CD, ACTV_FRM_DT, ACTV_TO_DT, LAST_UPDT_DT) values ('1324', 1, '8F3E1F31EED5464490629DFF23B6E590', '1000007', '10000000004', 'P', null, null, to_date('2009-10-07 15:26:10','YYYY-MM-DD HH24:MI:SS'));
insert into KRIM_GRP_MBR_T (GRP_MBR_ID, VER_NBR, OBJ_ID, GRP_ID, MBR_ID, MBR_TYP_CD, ACTV_FRM_DT, ACTV_TO_DT, LAST_UPDT_DT) values ('1325', 1, 'F3E62641C8D14C4985EE249DD690FEDF', '1000007', '10000000005', 'P', null, null, to_date('2009-10-07 15:26:10','YYYY-MM-DD HH24:MI:SS'));
insert into KRIM_GRP_MBR_T (GRP_MBR_ID, VER_NBR, OBJ_ID, GRP_ID, MBR_ID, MBR_TYP_CD, ACTV_FRM_DT, ACTV_TO_DT, LAST_UPDT_DT) values ('1326', 1, 'C0F301A101EF497ABFBEE61A2782106F', '1000007', '10000000006', 'P', null, null, to_date('2009-10-07 15:26:10','YYYY-MM-DD HH24:MI:SS'));
INSERT INTO KRIM_GRP_MBR_T ( GRP_MBR_ID, OBJ_ID, VER_NBR, GRP_ID, MBR_ID, MBR_TYP_CD, LAST_UPDT_DT ) VALUES ( '1327', '17151AD4B0C79985E0404F8189D80E8B', 1, '1000008', '10000000004', 'P', to_date('2010-04-14 09:11:00', 'YYYY-MM-DD HH24:MI:SS') );
INSERT INTO KRIM_GRP_MBR_T ( GRP_MBR_ID, OBJ_ID, VER_NBR, GRP_ID, MBR_ID, MBR_TYP_CD, LAST_UPDT_DT ) VALUES ( '1328', '27151AD4B0C79985E0404F8189D80E8B', 1, '1000009', '10000000004', 'P', to_date('2010-04-14 09:11:00', 'YYYY-MM-DD HH24:MI:SS') );
--**************************************************************************************************************************************************
--*************************************************** KIM ROLES ************************************************************************************
--**************************************************************************************************************************************************

insert into KRIM_ROLE_T (ROLE_ID, OBJ_ID, VER_NBR, ROLE_NM, NMSPC_CD, DESC_TXT, KIM_TYP_ID, ACTV_IND, LAST_UPDT_DT) values ('1114', '212F5EAD08584C76AD098A9E040B5B55', 1, 'Proposal Creator', 'KC-UNT', 'Proposal Creator', '1012', 'Y', to_date('2009-10-07 15:41:46','YYYY-MM-DD HH24:MI:SS'));
insert into KRIM_ROLE_T (ROLE_ID, OBJ_ID, VER_NBR, ROLE_NM, NMSPC_CD, DESC_TXT, KIM_TYP_ID, ACTV_IND, LAST_UPDT_DT) values ('1115', '9B78D4A5F17045D29BD58573F715E9E9', 1, 'Aggregator', 'KC-PD', 'Proposal Aggregator', '1012', 'Y', to_date('2009-10-07 15:41:46','YYYY-MM-DD HH24:MI:SS'));
insert into KRIM_ROLE_T (ROLE_ID, OBJ_ID, VER_NBR, ROLE_NM, NMSPC_CD, DESC_TXT, KIM_TYP_ID, ACTV_IND, LAST_UPDT_DT) values ('1116', 'FCD180EE55D74436AED6EF22B276A9AB', 1, 'Narrative Writer', 'KC-PD', 'Proposal NARRATIVE Writer', '1012', 'Y', to_date('2009-10-07 15:41:46','YYYY-MM-DD HH24:MI:SS'));
insert into KRIM_ROLE_T (ROLE_ID, OBJ_ID, VER_NBR, ROLE_NM, NMSPC_CD, DESC_TXT, KIM_TYP_ID, ACTV_IND, LAST_UPDT_DT) values ('1117', 'AD250D7F46144A43A1E8D01B623D26DA', 1, 'Budget Creator', 'KC-PD', 'Proposal BUDGET Creator', '1012', 'Y', to_date('2009-10-07 15:41:46','YYYY-MM-DD HH24:MI:SS'));
insert into KRIM_ROLE_T (ROLE_ID, OBJ_ID, VER_NBR, ROLE_NM, NMSPC_CD, DESC_TXT, KIM_TYP_ID, ACTV_IND, LAST_UPDT_DT) values ('1118', '5BAFF0D96A844723B9A3AFE3CCA410AA', 1, 'Viewer', 'KC-PD', 'Proposal Viewer', '1012', 'Y', to_date('2009-10-07 15:41:46','YYYY-MM-DD HH24:MI:SS'));
insert into KRIM_ROLE_T (ROLE_ID, OBJ_ID, VER_NBR, ROLE_NM, NMSPC_CD, DESC_TXT, KIM_TYP_ID, ACTV_IND, LAST_UPDT_DT) values ('1119', 'E707A732B0B04F4FB28A8C92C041A588', 1, 'unassigned', 'KC-PD', 'Unassigned ROLE - no permissions', '1012', 'Y', to_date('2009-10-07 15:41:46','YYYY-MM-DD HH24:MI:SS'));
insert into KRIM_ROLE_T (ROLE_ID, OBJ_ID, VER_NBR, ROLE_NM, NMSPC_CD, DESC_TXT, KIM_TYP_ID, ACTV_IND, LAST_UPDT_DT) values ('1120', 'CAE0ECF0CE284E45974FABF286BAD8CE', 1, 'OSP Administrator', 'KC-ADM', 'OSP Administrator', '1013', 'Y', to_date('2009-10-07 15:41:46','YYYY-MM-DD HH24:MI:SS'));
insert into KRIM_ROLE_T (ROLE_ID, OBJ_ID, VER_NBR, ROLE_NM, NMSPC_CD, DESC_TXT, KIM_TYP_ID, ACTV_IND, LAST_UPDT_DT) values ('1121', 'C3B09CF6AC464010ADBF4EA92CE53479', 1, 'Proposal Submission', 'KC-ADM', 'Proposal Submission', '1013', 'Y', to_date('2009-10-07 15:41:46','YYYY-MM-DD HH24:MI:SS'));
insert into KRIM_ROLE_T (ROLE_ID, OBJ_ID, VER_NBR, ROLE_NM, NMSPC_CD, DESC_TXT, KIM_TYP_ID, ACTV_IND, LAST_UPDT_DT) values ('1122', 'EFE01BE9E1424615A4AF38B792DA7A81', 1, 'Protocol Creator', 'KC-UNT', 'Protocol Creator', '1013', 'Y', to_date('2009-10-07 15:41:46','YYYY-MM-DD HH24:MI:SS'));
insert into KRIM_ROLE_T (ROLE_ID, OBJ_ID, VER_NBR, ROLE_NM, NMSPC_CD, DESC_TXT, KIM_TYP_ID, ACTV_IND, LAST_UPDT_DT) values ('1123', '62015972B5FB42BAB8AA3F192F579FDB', 1, 'Protocol Aggregator', 'KC-PROTOCOL', 'Protocol Aggregator', '1012', 'Y', to_date('2009-10-07 15:41:46','YYYY-MM-DD HH24:MI:SS'));
insert into KRIM_ROLE_T (ROLE_ID, OBJ_ID, VER_NBR, ROLE_NM, NMSPC_CD, DESC_TXT, KIM_TYP_ID, ACTV_IND, LAST_UPDT_DT) values ('1124', '1260789FAF40419FAD39E8FAEF4C3DEF', 1, 'Protocol Viewer', 'KC-PROTOCOL', 'Protocol Viewer', '1012', 'Y', to_date('2009-10-07 15:41:46','YYYY-MM-DD HH24:MI:SS'));
insert into KRIM_ROLE_T (ROLE_ID, OBJ_ID, VER_NBR, ROLE_NM, NMSPC_CD, DESC_TXT, KIM_TYP_ID, ACTV_IND, LAST_UPDT_DT) values ('1125', '9F66AED40E3A46208CDAF5B6C206ED61', 1, 'IRB Administrator', 'KC-UNT', 'IRB Administrator', '1013', 'Y', to_date('2009-10-07 15:41:46','YYYY-MM-DD HH24:MI:SS'));
insert into KRIM_ROLE_T (ROLE_ID, OBJ_ID, VER_NBR, ROLE_NM, NMSPC_CD, DESC_TXT, KIM_TYP_ID, ACTV_IND, LAST_UPDT_DT) values ('1126', '8CB65D5D9C07460385460BA322579248', 1, 'IRB Reviewer', 'KC-UNT', 'IRB Reviewer', '1013', 'Y', to_date('2009-10-07 15:41:46','YYYY-MM-DD HH24:MI:SS'));
insert into KRIM_ROLE_T (ROLE_ID, OBJ_ID, VER_NBR, ROLE_NM, NMSPC_CD, DESC_TXT, KIM_TYP_ID, ACTV_IND, LAST_UPDT_DT) values ('1127', '130C7BF553634106A76E82E7DAC39B9D', 1, 'Protocol Unassigned', 'KC-PROTOCOL', 'Protocol Unassigned - no permissions', '1012', 'Y', to_date('2009-10-07 15:41:46','YYYY-MM-DD HH24:MI:SS'));
insert into KRIM_ROLE_T (ROLE_ID, OBJ_ID, VER_NBR, ROLE_NM, NMSPC_CD, DESC_TXT, KIM_TYP_ID, ACTV_IND, LAST_UPDT_DT) values ('1128', '98EB4A4604A542A3993B4DD786060E85', 1, 'Award BUDGET Approver', 'KC-AWARD', 'Award BUDGET Approver', '1013', 'Y', to_date('2009-10-07 15:41:46','YYYY-MM-DD HH24:MI:SS'));
insert into KRIM_ROLE_T (ROLE_ID, OBJ_ID, VER_NBR, ROLE_NM, NMSPC_CD, DESC_TXT, KIM_TYP_ID, ACTV_IND, LAST_UPDT_DT) values ('1129', '979AAB61EE4E4C5B947E73FC127B8F80', 1, 'Award BUDGET Admnistrator', 'KC-AWARD', 'Award BUDGET Admnistrator', '1013', 'Y', to_date('2009-10-07 15:41:46','YYYY-MM-DD HH24:MI:SS'));
insert into KRIM_ROLE_T (ROLE_ID, OBJ_ID, VER_NBR, ROLE_NM, NMSPC_CD, DESC_TXT, KIM_TYP_ID, ACTV_IND, LAST_UPDT_DT) values ('1130', '047E4C952F2344A189B1B994A7B58579', 1, 'Award Modifier', 'KC-AWARD', 'Award Modifier', '1013', 'Y', to_date('2009-10-07 15:41:46','YYYY-MM-DD HH24:MI:SS'));
insert into KRIM_ROLE_T (ROLE_ID, OBJ_ID, VER_NBR, ROLE_NM, NMSPC_CD, DESC_TXT, KIM_TYP_ID, ACTV_IND, LAST_UPDT_DT) values ('1131', 'FAFE9A0676894785B8FB5129F84286D1', 1, 'Award BUDGET Aggregator', 'KC-AWARD', 'Award BUDGET Aggregator', '1013', 'Y', to_date('2009-10-07 15:41:46','YYYY-MM-DD HH24:MI:SS'));
insert into KRIM_ROLE_T (ROLE_ID, OBJ_ID, VER_NBR, ROLE_NM, NMSPC_CD, DESC_TXT, KIM_TYP_ID, ACTV_IND, LAST_UPDT_DT) values ('1132', '647648832722455992149EDD5F5FB5C6', 1, 'approver', 'KC-PD', 'approver', '1012', 'Y', to_date('2009-10-07 15:41:46','YYYY-MM-DD HH24:MI:SS'));
insert into KRIM_ROLE_T (ROLE_ID, OBJ_ID, VER_NBR, ROLE_NM, NMSPC_CD, DESC_TXT, KIM_TYP_ID, ACTV_IND, LAST_UPDT_DT) values ('1133', '558F04D7BD5C448DA10C36DEF69671CC', 1, 'Application Administrator', 'KC-AWARD', 'Application Administrator', '1013', 'Y', to_date('2009-10-07 15:41:46','YYYY-MM-DD HH24:MI:SS'));
insert into KRIM_ROLE_T (ROLE_ID, OBJ_ID, VER_NBR, ROLE_NM, NMSPC_CD, DESC_TXT, KIM_TYP_ID, ACTV_IND, LAST_UPDT_DT) values ('1134', '795DF896B95D4D8397B8C293A10E9449', 1, 'Award BUDGET Maintainer', 'KC-AWARD', 'Award BUDGET Maintainer', '1013', 'Y', to_date('2009-10-07 15:41:46','YYYY-MM-DD HH24:MI:SS'));
insert into KRIM_ROLE_T (ROLE_ID, OBJ_ID, VER_NBR, ROLE_NM, NMSPC_CD, DESC_TXT, KIM_TYP_ID, ACTV_IND, LAST_UPDT_DT) values ('1135', 'B729132629F54EB8A5D7D3925970F642', 1, 'Award Documents Maintainer', 'KC-AWARD', 'Award Documents Maintainer', '1013', 'Y', to_date('2009-10-07 15:41:46','YYYY-MM-DD HH24:MI:SS'));
insert into KRIM_ROLE_T (ROLE_ID, OBJ_ID, VER_NBR, ROLE_NM, NMSPC_CD, DESC_TXT, KIM_TYP_ID, ACTV_IND, LAST_UPDT_DT) values ('1136', '4029012A43524567B0732496E7190F4E', 1, 'Award BUDGET Modifier', 'KC-AWARD', 'Award BUDGET Modifier', '1013', 'Y', to_date('2009-10-07 15:41:46','YYYY-MM-DD HH24:MI:SS'));
insert into KRIM_ROLE_T (ROLE_ID, OBJ_ID, VER_NBR, ROLE_NM, NMSPC_CD, DESC_TXT, KIM_TYP_ID, ACTV_IND, LAST_UPDT_DT) values ('1137', 'FCD0115C9AF146B6B5E7D04B679D67CA', 1, 'Award Viewer', 'KC-AWARD', 'Award Viewer', '1013', 'Y', to_date('2009-10-07 15:41:46','YYYY-MM-DD HH24:MI:SS'));
insert into KRIM_ROLE_T (ROLE_ID, OBJ_ID, VER_NBR, ROLE_NM, NMSPC_CD, DESC_TXT, KIM_TYP_ID, ACTV_IND, LAST_UPDT_DT) values ('1138', '7341FBA639394716BDF144C25AA0DB87', 1, 'Award BUDGET Viewer', 'KC-AWARD', 'Award BUDGET Viewer', '1013', 'Y', to_date('2009-10-07 15:41:46','YYYY-MM-DD HH24:MI:SS'));
insert into KRIM_ROLE_T (ROLE_ID, OBJ_ID, VER_NBR, ROLE_NM, NMSPC_CD, DESC_TXT, KIM_TYP_ID, ACTV_IND, LAST_UPDT_DT) values ('1139', '9CFD39CFF2854CA28FC327BA19546ADF', 1, 'Award Documents Viewer', 'KC-AWARD', 'Award Documents Viewer', '1013', 'Y', to_date('2009-10-07 15:41:46','YYYY-MM-DD HH24:MI:SS'));
insert into KRIM_ROLE_T (ROLE_ID, OBJ_ID, VER_NBR, ROLE_NM, NMSPC_CD, DESC_TXT, KIM_TYP_ID, ACTV_IND, LAST_UPDT_DT) values ('1140', '0010601F1BAD4835B17A3010E6B5FC63', 1, 'Departments Awards Viewer', 'KC-AWARD', 'Departments Awards Viewer', '1013', 'Y', to_date('2009-10-07 15:41:46','YYYY-MM-DD HH24:MI:SS'));
insert into KRIM_ROLE_T (ROLE_ID, OBJ_ID, VER_NBR, ROLE_NM, NMSPC_CD, DESC_TXT, KIM_TYP_ID, ACTV_IND, LAST_UPDT_DT) values ('1141', 'A39580605AD44A1DB650D8A9DFFC2482', 1, 'Template Viewer', 'KC-AWARD', 'Template Viewer', '1013', 'Y', to_date('2009-10-07 15:41:46','YYYY-MM-DD HH24:MI:SS'));
insert into KRIM_ROLE_T (ROLE_ID, OBJ_ID, VER_NBR, ROLE_NM, NMSPC_CD, DESC_TXT, KIM_TYP_ID, ACTV_IND, LAST_UPDT_DT) values ('1142', 'D69A675BBD5B4390B9CDEE73B58BFE21', 1, 'Award Unassigned', 'KC-AWARD', 'Award Unassigned', '1013', 'Y', to_date('2009-10-07 15:41:46','YYYY-MM-DD HH24:MI:SS'));
insert into KRIM_ROLE_T (ROLE_ID, OBJ_ID, VER_NBR, ROLE_NM, NMSPC_CD, DESC_TXT, KIM_TYP_ID, ACTV_IND, LAST_UPDT_DT) values ('1103', '73BA94FA7C0543C8AE3FDC9F7A213DF1', 1, 'OSPApprover', 'KC-WKFLW', 'Office of Sponsored Projects Approver', '1', 'Y', to_date('2009-10-07 15:26:09','YYYY-MM-DD HH24:MI:SS'));
insert into KRIM_ROLE_T (ROLE_ID, OBJ_ID, VER_NBR, ROLE_NM, NMSPC_CD, DESC_TXT, KIM_TYP_ID, ACTV_IND, LAST_UPDT_DT) values ('1104', '8B3406C3EF6A44A493510D61FE988850', 1, 'PrimaryInvestigator', 'KC-WKFLW', 'Proposal Primary Investigator', '1014', 'Y', to_date('2009-10-07 15:26:09','YYYY-MM-DD HH24:MI:SS'));
insert into KRIM_ROLE_T (ROLE_ID, OBJ_ID, VER_NBR, ROLE_NM, NMSPC_CD, DESC_TXT, KIM_TYP_ID, ACTV_IND, LAST_UPDT_DT) values ('1105', 'FC3EF40FCB284250BAA9FD36404E95D3', 1, 'CoInvestigator', 'KC-WKFLW', 'Proposal Co-Investigator', '1015', 'Y', to_date('2009-10-07 15:26:09','YYYY-MM-DD HH24:MI:SS'));
insert into KRIM_ROLE_T (ROLE_ID, OBJ_ID, VER_NBR, ROLE_NM, NMSPC_CD, DESC_TXT, KIM_TYP_ID, ACTV_IND, LAST_UPDT_DT) values ('1106', 'FA2616690401440FA22C9EF4AC82A34B', 1, 'KeyPerson', 'KC-WKFLW', 'Proposal Key Persons', '1016', 'Y', to_date('2009-10-07 15:26:09','YYYY-MM-DD HH24:MI:SS'));
insert into KRIM_ROLE_T (ROLE_ID, OBJ_ID, VER_NBR, ROLE_NM, NMSPC_CD, DESC_TXT, KIM_TYP_ID, ACTV_IND, LAST_UPDT_DT) values ('1107', 'E53F7FA9FF924C928C6E8CFD88332ED0', 1, 'CustomReviewer', 'KC-WKFLW', 'Proposal Custom Reviewer', '1016', 'Y', to_date('2009-10-07 15:26:09','YYYY-MM-DD HH24:MI:SS'));
insert into KRIM_ROLE_T (ROLE_ID, OBJ_ID, VER_NBR, ROLE_NM, NMSPC_CD, DESC_TXT, KIM_TYP_ID, ACTV_IND, LAST_UPDT_DT) values ('1108', '60249FF9AAD14C81B48D328F3DC07DCF', 1, 'DepartmentReviewer', 'KC-WKFLW', 'Proposal Departmental Reviewer', '1016', 'Y', to_date('2009-10-07 15:26:09','YYYY-MM-DD HH24:MI:SS'));
insert into KRIM_ROLE_T (ROLE_ID, OBJ_ID, VER_NBR, ROLE_NM, NMSPC_CD, DESC_TXT, KIM_TYP_ID, ACTV_IND, LAST_UPDT_DT) values ('1109', 'EA87BD3BB1A242818F065DF1E32B2A05', 1, 'IRBApprover', 'KC-WKFLW', 'IRB Approver', '1', 'Y', to_date('2009-10-07 15:26:10','YYYY-MM-DD HH24:MI:SS'));
insert into KRIM_ROLE_T (ROLE_ID, OBJ_ID, VER_NBR, ROLE_NM, NMSPC_CD, DESC_TXT, KIM_TYP_ID, ACTV_IND, LAST_UPDT_DT) values ('1', '5ADF18B6D4847954E0404F8189D85002', 1, 'User', 'KUALI', 'This ROLE derives its members from the users in the Principal table. This ROLE gives users high-level permissions to interact with RICE documents and to login to KUALI.', '2', 'Y', to_date('2008-11-04 12:00:00','YYYY-MM-DD HH24:MI:SS'));
insert into KRIM_ROLE_T (ROLE_ID, OBJ_ID, VER_NBR, ROLE_NM, NMSPC_CD, DESC_TXT, KIM_TYP_ID, ACTV_IND, LAST_UPDT_DT) values ('59', '5BABFACC4F62A8EEE0404F8189D8770F', 1, 'Approve Request Recipient', 'KR-WKFLW', 'This ROLE derives its members from users with that have received an action request for a given document.', '42', 'Y', to_date('2008-11-14 12:00:00','YYYY-MM-DD HH24:MI:SS'));
insert into KRIM_ROLE_T (ROLE_ID, OBJ_ID, VER_NBR, ROLE_NM, NMSPC_CD, DESC_TXT, KIM_TYP_ID, ACTV_IND, LAST_UPDT_DT) values ('60', '5BABFACC4F63A8EEE0404F8189D8770F', 1, 'Initiator', 'KR-WKFLW', 'This ROLE derives its members from the initiator listed within the route log of a given document.', '43', 'Y', to_date('2008-11-14 12:00:00','YYYY-MM-DD HH24:MI:SS'));
insert into KRIM_ROLE_T (ROLE_ID, OBJ_ID, VER_NBR, ROLE_NM, NMSPC_CD, DESC_TXT, KIM_TYP_ID, ACTV_IND, LAST_UPDT_DT) values ('61', '5BABFACC4F64A8EEE0404F8189D8770F', 1, 'Initiator or Reviewer', 'KR-WKFLW', 'This ROLE derives its members from the initiator and action request recipients listed within the route log of a given document.', '43', 'Y', to_date('2008-11-14 12:00:00','YYYY-MM-DD HH24:MI:SS'));
insert into KRIM_ROLE_T (ROLE_ID, OBJ_ID, VER_NBR, ROLE_NM, NMSPC_CD, DESC_TXT, KIM_TYP_ID, ACTV_IND, LAST_UPDT_DT) values ('97', '67F145466EB09160E0404F8189D86771', 1, 'Non-Ad Hoc Approve Request Recipient', 'KR-WKFLW', 'This ROLE derives its members from users with an Approval action request (that was not generated via the ad-hoc recipients tab) in the route log of a given document.', '42', 'Y', null);
insert into KRIM_ROLE_T (ROLE_ID, OBJ_ID, VER_NBR, ROLE_NM, NMSPC_CD, DESC_TXT, KIM_TYP_ID, ACTV_IND, LAST_UPDT_DT) values ('63', '5B31640F0105ADF1E0404F8189D84647', 1, 'Technical Administrator', 'KR-SYS', 'This ROLE can take superuser actions and blanket approve RICE documents as well as being able to modify and assign permissions, responsibilities and roles belonging to the KR namespaces.', '1', 'Y', to_date('2008-11-08 12:00:00','YYYY-MM-DD HH24:MI:SS'));
insert into KRIM_ROLE_T (ROLE_ID, OBJ_ID, VER_NBR, ROLE_NM, NMSPC_CD, DESC_TXT, KIM_TYP_ID, ACTV_IND, LAST_UPDT_DT) values ('66', '5BABFACC4F61A8EEE0404F8189D8770F', 1, 'Document Editor', 'KR-NS', 'This ROLE derives its members from users with the Edit Document permission for a given document type.,', '45', 'Y', to_date('2008-11-14 12:00:00','YYYY-MM-DD HH24:MI:SS'));
insert into KRIM_ROLE_T (ROLE_ID, OBJ_ID, VER_NBR, ROLE_NM, NMSPC_CD, DESC_TXT, KIM_TYP_ID, ACTV_IND, LAST_UPDT_DT) values ('67', '5BABFACC4F65A8EEE0404F8189D8770F', 1, 'Router', 'KR-WKFLW', 'This ROLE derives its members from the user who took the Complete action on a given document.', '43', 'Y', to_date('2008-11-14 12:00:00','YYYY-MM-DD HH24:MI:SS'));
insert into KRIM_ROLE_T (ROLE_ID, OBJ_ID, VER_NBR, ROLE_NM, NMSPC_CD, DESC_TXT, KIM_TYP_ID, ACTV_IND, LAST_UPDT_DT) values ('83', '606763510FBF96D3E0404F8189D857A2', 1, 'Document Opener', 'KR-NS', 'This ROLE derives its members from users with the Open Document permission for a given document type.,', '60', 'Y', to_date('2009-01-13 12:00:00','YYYY-MM-DD HH24:MI:SS'));
insert into KRIM_ROLE_T (ROLE_ID, OBJ_ID, VER_NBR, ROLE_NM, NMSPC_CD, DESC_TXT, KIM_TYP_ID, ACTV_IND, LAST_UPDT_DT) values ('88', '6102F3FA08CE45CFE0404F8189D8317E', 1, 'Acknowledge Request Recipient', 'KR-WKFLW', 'This ROLE derives its members from users with an acknowledge action request in the route log of a given document.', '42', 'Y', to_date('2009-01-21 12:00:00','YYYY-MM-DD HH24:MI:SS'));
insert into KRIM_ROLE_T (ROLE_ID, OBJ_ID, VER_NBR, ROLE_NM, NMSPC_CD, DESC_TXT, KIM_TYP_ID, ACTV_IND, LAST_UPDT_DT) values ('89', '6102F3FA08CF45CFE0404F8189D8317E', 1, 'FYI Request Recipient', 'KR-WKFLW', 'This ROLE derives its members from users with an FYI action request in the route log of a given document.', '42', 'Y', to_date('2009-01-21 12:00:00','YYYY-MM-DD HH24:MI:SS'));
insert into KRIM_ROLE_T (ROLE_ID, OBJ_ID, VER_NBR, ROLE_NM, NMSPC_CD, DESC_TXT, KIM_TYP_ID, ACTV_IND, LAST_UPDT_DT) values ('90', '61815E6C62D0B647E0404F8189D873B3', 1, 'System User', 'KR-SYS', 'This ROLE represents the KR System admin, that is the user ID RICE uses when it takes programmed actions.', '1', 'Y', null);
insert into KRIM_ROLE_T (ROLE_ID, OBJ_ID, VER_NBR, ROLE_NM, NMSPC_CD, DESC_TXT, KIM_TYP_ID, ACTV_IND, LAST_UPDT_DT) values ('95', '67F145466E8B9160E0404F8189D86771', 1, 'Document Initiator', 'KR-SYS', 'This ROLE derives its members from users with the Initiate Document permission for a given document type.', '66', 'Y', null);
insert into KRIM_ROLE_T (ROLE_ID, OBJ_ID, VER_NBR, ROLE_NM, NMSPC_CD, DESC_TXT, KIM_TYP_ID, ACTV_IND,LAST_UPDT_DT) values ('96', '85f97012-0fcf-4919-93bf-fcd414721788', 1, 'Institutional PROPOSAL Maintainer', 'KC-IP', 'Maintain Institutional Proposals', (select KIM_TYP_ID from KRIM_TYP_T where NM='UnitHierarchy'), 'Y',to_date('2010-03-10 12:00:00','YYYY-MM-DD HH24:MI:SS'));
INSERT INTO KRIM_ROLE_T ( ROLE_ID, OBJ_ID, VER_NBR, ROLE_NM, NMSPC_CD, DESC_TXT, KIM_TYP_ID, ACTV_IND, LAST_UPDT_DT ) VALUES( '1236', '5ADFE172441D6320E0404F8189D85682', 1, 'IRB Online Reviewer', 'KC-UNT', 'Online Reviewers', 1045, 'Y', to_date('2009-10-07 15:41:46','YYYY-MM-DD HH24:MI:SS') );


--**************************************************************************************************************************************************
--*************************************************** KIM PERMISSION TEMPLATES *********************************************************************
--**************************************************************************************************************************************************

insert into KRIM_PERM_TMPL_T (PERM_TMPL_ID, OBJ_ID, VER_NBR, NMSPC_CD, NM, DESC_TXT, KIM_TYP_ID, ACTV_IND) values ('1000', '3533DA8F95EB412A86ECB75DE80ECE5F', 1, 'KC-IDM', 'Edit Document Section', 'Edit Document Section', '1017', 'Y');
insert into KRIM_PERM_TMPL_T (PERM_TMPL_ID, OBJ_ID, VER_NBR, NMSPC_CD, NM, DESC_TXT, KIM_TYP_ID, ACTV_IND) values ('1001', '7FF26020978E4BC7A804D3CDA711E212', 1, 'KC-IDM', 'View Document Section', 'View Document Section', '1017', 'Y');
insert into KRIM_PERM_TMPL_T (PERM_TMPL_ID, OBJ_ID, VER_NBR, NMSPC_CD, NM, DESC_TXT, KIM_TYP_ID, ACTV_IND) values ('1002', '0C3F90DE8DAA450DB64576F620FAAFEC', 1, 'KC-IDM', 'Perform Document Action', 'Perform Document Action', '1017', 'Y');
insert into KRIM_PERM_TMPL_T (PERM_TMPL_ID, OBJ_ID, VER_NBR, NMSPC_CD, NM, DESC_TXT, KIM_TYP_ID, ACTV_IND) values ('1003', '2279C69C52604084AA1A1C15A6FB4C89', 1, 'KC-IDM', 'Modify All Documents', 'Modify All Documents', '3', 'Y');
insert into KRIM_PERM_TMPL_T (PERM_TMPL_ID, OBJ_ID, VER_NBR, NMSPC_CD, NM, DESC_TXT, KIM_TYP_ID, ACTV_IND) values ('1004', '38EDB170B6A845FAB5A71E5C16C8BEEE', 1, 'KC-IDM', 'View All Documents', 'View All Documents', '3', 'Y');
insert into KRIM_PERM_TMPL_T (PERM_TMPL_ID, OBJ_ID, VER_NBR, NMSPC_CD, NM, DESC_TXT, KIM_TYP_ID, ACTV_IND) values ('1005', 'ADB0C5DA77A44DDC8381C9ECAF1D0564', 1, 'KC-IDM', 'Perform Any Document Action', 'Perform Any Document Action', '3', 'Y');
insert into KRIM_PERM_TMPL_T (PERM_TMPL_ID, OBJ_ID, VER_NBR, NMSPC_CD, NM, DESC_TXT, KIM_TYP_ID, ACTV_IND) values ('1006', 'EC53C11D5CC5442C9008FA738B73514E', 1, 'KC-IDM', 'Route All Documents', 'Route All Documents', '3', 'Y');
insert into KRIM_PERM_TMPL_T (PERM_TMPL_ID, OBJ_ID, VER_NBR, NMSPC_CD, NM, DESC_TXT, KIM_TYP_ID, ACTV_IND) values ('1028', '77BC20590A4D319DE0404F8189D80DB4', 1, 'KC-IDM', 'Question Permission', 'Modify/View Question', '3', 'Y');
insert into KRIM_PERM_TMPL_T (PERM_TMPL_ID, OBJ_ID, VER_NBR, NMSPC_CD, NM, DESC_TXT, KIM_TYP_ID, ACTV_IND) values ('1', '5ADF18B6D4857954E0404F8189D85002', 1, 'KUALI', 'Default', null, '1', 'Y');
insert into KRIM_PERM_TMPL_T (PERM_TMPL_ID, OBJ_ID, VER_NBR, NMSPC_CD, NM, DESC_TXT, KIM_TYP_ID, ACTV_IND) values ('10', '5ADF18B6D4BF7954E0404F8189D85002', 1, 'KR-SYS', 'Initiate Document', null, '3', 'Y');
insert into KRIM_PERM_TMPL_T (PERM_TMPL_ID, OBJ_ID, VER_NBR, NMSPC_CD, NM, DESC_TXT, KIM_TYP_ID, ACTV_IND) values ('14', '5ADF18B6D4CA7954E0404F8189D85002', 1, 'KR-WKFLW', 'Cancel Document', null, '8', 'Y');
insert into KRIM_PERM_TMPL_T (PERM_TMPL_ID, OBJ_ID, VER_NBR, NMSPC_CD, NM, DESC_TXT, KIM_TYP_ID, ACTV_IND) values ('15', '5ADF18B6D4CB7954E0404F8189D85002', 1, 'KR-WKFLW', 'Save Document', null, '8', 'Y');
insert into KRIM_PERM_TMPL_T (PERM_TMPL_ID, OBJ_ID, VER_NBR, NMSPC_CD, NM, DESC_TXT, KIM_TYP_ID, ACTV_IND) values ('16', '5ADF18B6D4CC7954E0404F8189D85002', 1, 'KR-NS', 'Edit Document', null, '8', 'Y');
insert into KRIM_PERM_TMPL_T (PERM_TMPL_ID, OBJ_ID, VER_NBR, NMSPC_CD, NM, DESC_TXT, KIM_TYP_ID, ACTV_IND) values ('2', '5ADF18B6D4AF7954E0404F8189D85002', 1, 'KR-NS', 'Copy Document', null, '3', 'Y');
insert into KRIM_PERM_TMPL_T (PERM_TMPL_ID, OBJ_ID, VER_NBR, NMSPC_CD, NM, DESC_TXT, KIM_TYP_ID, ACTV_IND) values ('23', '5ADF18B6D4DA7954E0404F8189D85002', 1, 'KR-NS', 'Look Up Records', null, '10', 'Y');
insert into KRIM_PERM_TMPL_T (PERM_TMPL_ID, OBJ_ID, VER_NBR, NMSPC_CD, NM, DESC_TXT, KIM_TYP_ID, ACTV_IND) values ('24', '5ADF18B6D4DB7954E0404F8189D85002', 1, 'KR-NS', 'Inquire Into Records', null, '10', 'Y');
insert into KRIM_PERM_TMPL_T (PERM_TMPL_ID, OBJ_ID, VER_NBR, NMSPC_CD, NM, DESC_TXT, KIM_TYP_ID, ACTV_IND) values ('25', '5ADF18B6D4DF7954E0404F8189D85002', 1, 'KR-NS', 'View Inquiry or Maintenance Document Field', null, '11', 'Y');
insert into KRIM_PERM_TMPL_T (PERM_TMPL_ID, OBJ_ID, VER_NBR, NMSPC_CD, NM, DESC_TXT, KIM_TYP_ID, ACTV_IND) values ('26', '5ADF18B6D4E07954E0404F8189D85002', 1, 'KR-NS', 'Modify Maintenance Document Field', null, '11', 'Y');
insert into KRIM_PERM_TMPL_T (PERM_TMPL_ID, OBJ_ID, VER_NBR, NMSPC_CD, NM, DESC_TXT, KIM_TYP_ID, ACTV_IND) values ('27', '5ADF18B6D4E17954E0404F8189D85002', 1, 'KR-NS', 'Full Unmask Field', null, '11', 'Y');
insert into KRIM_PERM_TMPL_T (PERM_TMPL_ID, OBJ_ID, VER_NBR, NMSPC_CD, NM, DESC_TXT, KIM_TYP_ID, ACTV_IND) values ('28', '5ADF18B6D4E27954E0404F8189D85002', 1, 'KR-NS', 'Partial Unmask Field', null, '11', 'Y');
insert into KRIM_PERM_TMPL_T (PERM_TMPL_ID, OBJ_ID, VER_NBR, NMSPC_CD, NM, DESC_TXT, KIM_TYP_ID, ACTV_IND) values ('29', '5ADF18B6D4E67954E0404F8189D85002', 1, 'KR-NS', 'Use Screen', null, '12', 'Y');
insert into KRIM_PERM_TMPL_T (PERM_TMPL_ID, OBJ_ID, VER_NBR, NMSPC_CD, NM, DESC_TXT, KIM_TYP_ID, ACTV_IND) values ('3', '5ADF18B6D4B07954E0404F8189D85002', 1, 'KR-WKFLW', 'Administer Routing for Document', null, '3', 'Y');
insert into KRIM_PERM_TMPL_T (PERM_TMPL_ID, OBJ_ID, VER_NBR, NMSPC_CD, NM, DESC_TXT, KIM_TYP_ID, ACTV_IND) values ('30', '5ADF18B6D4E97954E0404F8189D85002', 1, 'KR-NS', 'Perform Custom Maintenance Document Function', null, '13', 'Y');
insert into KRIM_PERM_TMPL_T (PERM_TMPL_ID, OBJ_ID, VER_NBR, NMSPC_CD, NM, DESC_TXT, KIM_TYP_ID, ACTV_IND) values ('31', '5ADF18B6D4EC7954E0404F8189D85002', 1, 'KR-NS', 'Use Transactional Document', null, '14', 'Y');
insert into KRIM_PERM_TMPL_T (PERM_TMPL_ID, OBJ_ID, VER_NBR, NMSPC_CD, NM, DESC_TXT, KIM_TYP_ID, ACTV_IND) values ('32', '5ADF18B6D4F07954E0404F8189D85002', 1, 'KR-NS', 'Modify Batch Job', null, '15', 'Y');
insert into KRIM_PERM_TMPL_T (PERM_TMPL_ID, OBJ_ID, VER_NBR, NMSPC_CD, NM, DESC_TXT, KIM_TYP_ID, ACTV_IND) values ('33', '5ADF18B6D4F17954E0404F8189D85002', 1, 'KR-NS', 'Upload Batch Input File(s)', null, '15', 'Y');
insert into KRIM_PERM_TMPL_T (PERM_TMPL_ID, OBJ_ID, VER_NBR, NMSPC_CD, NM, DESC_TXT, KIM_TYP_ID, ACTV_IND) values ('34', '5ADF18B6D4F67954E0404F8189D85002', 1, 'KR-NS', 'Maintain System Parameter', null, '16', 'Y');
insert into KRIM_PERM_TMPL_T (PERM_TMPL_ID, OBJ_ID, VER_NBR, NMSPC_CD, NM, DESC_TXT, KIM_TYP_ID, ACTV_IND) values ('35', '5ADF18B6D4FC7954E0404F8189D85002', 1, 'KR-IDM', 'Assign Role', null, '18', 'Y');
insert into KRIM_PERM_TMPL_T (PERM_TMPL_ID, OBJ_ID, VER_NBR, NMSPC_CD, NM, DESC_TXT, KIM_TYP_ID, ACTV_IND) values ('36', '5ADF18B6D5007954E0404F8189D85002', 1, 'KR-IDM', 'Grant Permission', null, '19', 'Y');
insert into KRIM_PERM_TMPL_T (PERM_TMPL_ID, OBJ_ID, VER_NBR, NMSPC_CD, NM, DESC_TXT, KIM_TYP_ID, ACTV_IND) values ('37', '5ADF18B6D5047954E0404F8189D85002', 1, 'KR-IDM', 'Grant Responsibility', null, '20', 'Y');
insert into KRIM_PERM_TMPL_T (PERM_TMPL_ID, OBJ_ID, VER_NBR, NMSPC_CD, NM, DESC_TXT, KIM_TYP_ID, ACTV_IND) values ('38', '5ADF18B6D5087954E0404F8189D85002', 1, 'KR-IDM', 'Populate Group', null, '21', 'Y');
insert into KRIM_PERM_TMPL_T (PERM_TMPL_ID, OBJ_ID, VER_NBR, NMSPC_CD, NM, DESC_TXT, KIM_TYP_ID, ACTV_IND) values ('39', '5ADF18B6D50B7954E0404F8189D85002', 1, 'KR-IDM', 'Modify Entity', null, '22', 'Y');
insert into KRIM_PERM_TMPL_T (PERM_TMPL_ID, OBJ_ID, VER_NBR, NMSPC_CD, NM, DESC_TXT, KIM_TYP_ID, ACTV_IND) values ('4', '5ADF18B6D4B17954E0404F8189D85002', 1, 'KR-WKFLW', 'Blanket Approve Document', null, '3', 'Y');
insert into KRIM_PERM_TMPL_T (PERM_TMPL_ID, OBJ_ID, VER_NBR, NMSPC_CD, NM, DESC_TXT, KIM_TYP_ID, ACTV_IND) values ('40', '5ADF18B6D4AE7954E0404F8189D85002', 1, 'KR-NS', 'Open Document', null, '3', 'Y');
insert into KRIM_PERM_TMPL_T (PERM_TMPL_ID, OBJ_ID, VER_NBR, NMSPC_CD, NM, DESC_TXT, KIM_TYP_ID, ACTV_IND) values ('42', '603B735FA6C4FE21E0404F8189D8083B', 1, 'KR-NS', 'Create / Maintain Record(s)', null, '56', 'Y');
insert into KRIM_PERM_TMPL_T (PERM_TMPL_ID, OBJ_ID, VER_NBR, NMSPC_CD, NM, DESC_TXT, KIM_TYP_ID, ACTV_IND) values ('43', '603B735FA6C0FE21E0404F8189D8083B', 1, 'KR-NS', 'View Inquiry or Maintenance Document Section', null, '57', 'Y');
insert into KRIM_PERM_TMPL_T (PERM_TMPL_ID, OBJ_ID, VER_NBR, NMSPC_CD, NM, DESC_TXT, KIM_TYP_ID, ACTV_IND) values ('44', '603B735FA6C1FE21E0404F8189D8083B', 1, 'KR-NS', 'Modify Maintenance Document Section', null, '57', 'Y');
insert into KRIM_PERM_TMPL_T (PERM_TMPL_ID, OBJ_ID, VER_NBR, NMSPC_CD, NM, DESC_TXT, KIM_TYP_ID, ACTV_IND) values ('45', '606763510FC096D3E0404F8189D857A2', 1, 'KR-NS', 'Add Note / Attachment', null, '9', 'Y');
insert into KRIM_PERM_TMPL_T (PERM_TMPL_ID, OBJ_ID, VER_NBR, NMSPC_CD, NM, DESC_TXT, KIM_TYP_ID, ACTV_IND) values ('46', '606763510FC196D3E0404F8189D857A2', 1, 'KR-NS', 'View Note / Attachment', null, '9', 'Y');
insert into KRIM_PERM_TMPL_T (PERM_TMPL_ID, OBJ_ID, VER_NBR, NMSPC_CD, NM, DESC_TXT, KIM_TYP_ID, ACTV_IND) values ('47', '606763510FC296D3E0404F8189D857A2', 1, 'KR-NS', 'Delete Note / Attachment', null, '59', 'Y');
insert into KRIM_PERM_TMPL_T (PERM_TMPL_ID, OBJ_ID, VER_NBR, NMSPC_CD, NM, DESC_TXT, KIM_TYP_ID, ACTV_IND) values ('5', '5ADF18B6D4B27954E0404F8189D85002', 1, 'KR-WKFLW', 'Route Document', null, '3', 'Y');
insert into KRIM_PERM_TMPL_T (PERM_TMPL_ID, OBJ_ID, VER_NBR, NMSPC_CD, NM, DESC_TXT, KIM_TYP_ID, ACTV_IND) values ('70', '607A7155BC6D864EE0404F8189D85925', 1, 'KR-WKFLW', 'View Other Action List', null, '1', 'Y');
insert into KRIM_PERM_TMPL_T (PERM_TMPL_ID, OBJ_ID, VER_NBR, NMSPC_CD, NM, DESC_TXT, KIM_TYP_ID, ACTV_IND) values ('71', '607A7155BC70864EE0404F8189D85925', 1, 'KR-WKFLW', 'Unrestricted Document Search', null, '1', 'Y');
insert into KRIM_PERM_TMPL_T (PERM_TMPL_ID, OBJ_ID, VER_NBR, NMSPC_CD, NM, DESC_TXT, KIM_TYP_ID, ACTV_IND) values ('8', '5ADF18B6D4B77954E0404F8189D85002', 1, 'KR-NS', 'Take Requested Action', null, '4', 'Y');
insert into KRIM_PERM_TMPL_T (PERM_TMPL_ID, OBJ_ID, VER_NBR, NMSPC_CD, NM, DESC_TXT, KIM_TYP_ID, ACTV_IND) values ('9', '5ADF18B6D4BB7954E0404F8189D85002', 1, 'KR-WKFLW', 'Ad Hoc Review Document', null, '5', 'Y');
insert into KRIM_PERM_TMPL_T (PERM_TMPL_ID, OBJ_ID, VER_NBR, NMSPC_CD, NM, DESC_TXT, KIM_TYP_ID, ACTV_IND) values ('49', '662384B381B867A1E0404F8189D868A6', 1, 'KR-NS', 'Send Ad Hoc Request', null, '5', 'Y');
insert into KRIM_PERM_TMPL_T (PERM_TMPL_ID, OBJ_ID, VER_NBR, NMSPC_CD, NM, DESC_TXT, KIM_TYP_ID, ACTV_IND) values ('1029', '77BC20590A4D319DE0404F81891029', 1, 'KC-IDM', 'Questionnaire Permission', 'Modify/View Questionnaire', '3', 'Y');
INSERT INTO KRIM_PERM_TMPL_T (PERM_TMPL_ID, NM, DESC_TXT, KIM_TYP_ID, ACTV_IND, NMSPC_CD, OBJ_ID)  VALUES ('1030', 'Answer QUESTIONNAIRE Permission', 'Answer Questionnaire', 3, 'Y', 'KC-IDM', '3ac4cacd-7574-442e-966b-f91657e9e7c1');


--**************************************************************************************************************************************************
--*************************************************** KIM PERMISSIONS (NOT TEMPLATES) AND ATTRIBUTE DATA-TO-PERMISSION *****************************
--**************************************************************************************************************************************************

insert into KRIM_PERM_T (PERM_ID, OBJ_ID, VER_NBR, PERM_TMPL_ID, NMSPC_CD, NM, DESC_TXT, ACTV_IND) values ('1000', '60B1DE23785042809EF2E45C0F6710C1', 1, '10', 'KC-PD', 'Create ProposalDevelopmentDocument', 'Create PROPOSAL Development Document', 'Y');
insert into KRIM_PERM_T (PERM_ID, OBJ_ID, VER_NBR, PERM_TMPL_ID, NMSPC_CD, NM, DESC_TXT, ACTV_IND) values ('1001', 'ABC3CB6BC523429CB8C02FA1F571B279', 1, '10', 'KC-PROTOCOL', 'Create ProtocolDocument', 'Create PROTOCOL Document', 'Y');
insert into KRIM_PERM_T (PERM_ID, OBJ_ID, VER_NBR, PERM_TMPL_ID, NMSPC_CD, NM, DESC_TXT, ACTV_IND) values ('1002', 'F3DA175660FA4E02934027BDEFB75664', 1, '10', 'KC-PROTOCOL', 'Create CommitteeDocument', 'Add new committees in a unit', 'Y');
insert into KRIM_PERM_T (PERM_ID, OBJ_ID, VER_NBR, PERM_TMPL_ID, NMSPC_CD, NM, DESC_TXT, ACTV_IND) values ('1003', '3C55B6D5720F48549B7D5EFAFECD0545', 1, '10', 'KC-AWARD', 'Create Award', 'Create Award', 'Y');
insert into KRIM_PERM_T (PERM_ID, OBJ_ID, VER_NBR, PERM_TMPL_ID, NMSPC_CD, NM, DESC_TXT, ACTV_IND) values ('1004', 'C45B2EFF270946A98CFCC8C1BFA7053A', 1, '10', 'KC-AWARD', 'Create AWARD Budget', 'Create AWARD Budget', 'Y');
insert into KRIM_PERM_T (PERM_ID, OBJ_ID, VER_NBR, PERM_TMPL_ID, NMSPC_CD, NM, DESC_TXT, ACTV_IND) values ('1005', 'E7B2A128FD0147A8B901671D3BBF06C1', 1, '5', 'KC-PD', 'Submit ProposalDevelopmentDocument', 'Submit a PROPOSAL for approval', 'Y');
insert into KRIM_PERM_T (PERM_ID, OBJ_ID, VER_NBR, PERM_TMPL_ID, NMSPC_CD, NM, DESC_TXT, ACTV_IND) values ('1006', 'EFF02F1A0618433C9AB3A994597EB3B6', 1, '5', 'KC-PROTOCOL', 'Submit Protocol', 'Submit a PROTOCOL to IRB for review', 'Y');
insert into KRIM_PERM_T (PERM_ID, OBJ_ID, VER_NBR, PERM_TMPL_ID, NMSPC_CD, NM, DESC_TXT, ACTV_IND) values ('1007', 'D9DDA28C46984E50835FC5DBEC26E8DF', 1, '5', 'KC-AWARD', 'Submit AwardBudget', 'Submit AWARD Budget', 'Y');
insert into KRIM_PERM_T (PERM_ID, OBJ_ID, VER_NBR, PERM_TMPL_ID, NMSPC_CD, NM, DESC_TXT, ACTV_IND) values ('1008', 'CD6871083A63499D818F4401B65A73D4', 1, '1000', 'KC-PD', 'Modify PROPOSAL Development Document', 'Modify PROPOSAL Development Document', 'Y');
insert into KRIM_PERM_T (PERM_ID, OBJ_ID, VER_NBR, PERM_TMPL_ID, NMSPC_CD, NM, DESC_TXT, ACTV_IND) values ('1009', '165249BF2ECC473B99218933217481E3', 1, '1000', 'KC-PD', 'Modify Budget', 'Create/Modify PROPOSAL Budget', 'Y');
insert into KRIM_PERM_T (PERM_ID, OBJ_ID, VER_NBR, PERM_TMPL_ID, NMSPC_CD, NM, DESC_TXT, ACTV_IND) values ('1010', '600E18B27AE84BC88E6DB3E0D9AFE719', 1, '1000', 'KC-PD', 'Modify Narrative', 'Create/Modify PROPOSAL Narrative', 'Y');
insert into KRIM_PERM_T (PERM_ID, OBJ_ID, VER_NBR, PERM_TMPL_ID, NMSPC_CD, NM, DESC_TXT, ACTV_IND) values ('1011', '7809630ACF4242439D2ADA20817FF1C0', 1, '1000', 'KC-PD', 'Modify ProposalPermissions', 'Assign Users to PROPOSAL Roles', 'Y');
insert into KRIM_PERM_T (PERM_ID, OBJ_ID, VER_NBR, PERM_TMPL_ID, NMSPC_CD, NM, DESC_TXT, ACTV_IND) values ('1012', '39B7AF17ED134C33BA2FE5D2F7AB777F', 1, '1000', 'KC-PROTOCOL', 'Modify Protocol', 'Modify PROTOCOL Document', 'Y');
insert into KRIM_PERM_T (PERM_ID, OBJ_ID, VER_NBR, PERM_TMPL_ID, NMSPC_CD, NM, DESC_TXT, ACTV_IND) values ('1013', '788501963A434072A1CCEEB8C71523BC', 1, '1000', 'KC-PROTOCOL', 'Modify ProtocolPermissions', 'Assign Users to PROTOCOL Roles', 'Y');
insert into KRIM_PERM_T (PERM_ID, OBJ_ID, VER_NBR, PERM_TMPL_ID, NMSPC_CD, NM, DESC_TXT, ACTV_IND) values ('1014', '43EA3AD46BE5418381B63984AF10A8FF', 1, '1000', 'KC-PROTOCOL', 'Modify Committee', 'Modify existing committees in a unit', 'Y');
insert into KRIM_PERM_T (PERM_ID, OBJ_ID, VER_NBR, PERM_TMPL_ID, NMSPC_CD, NM, DESC_TXT, ACTV_IND) values ('1015', '0A2BEAD1E238428F8F9B6E5A98BDC9F8', 1, '1000', 'KC-PROTOCOL', 'Modify Schedule', 'Modify schedule details for committees in a unit', 'Y');
insert into KRIM_PERM_T (PERM_ID, OBJ_ID, VER_NBR, PERM_TMPL_ID, NMSPC_CD, NM, DESC_TXT, ACTV_IND) values ('1016', '09DE695B64E4468A86796E17A136D05C', 1, '1000', 'KC-PROTOCOL', 'Maintain Memberships', 'Maintain membership details in committees in a unit', 'Y');
insert into KRIM_PERM_T (PERM_ID, OBJ_ID, VER_NBR, PERM_TMPL_ID, NMSPC_CD, NM, DESC_TXT, ACTV_IND) values ('1017', '23F8140F39684F45B945705FEE8B46EF', 1, '1000', 'KC-PROTOCOL', 'Maintain Minutes', 'Add/modify/delete minute entries in any schedule for committees in a unit', 'Y');
insert into KRIM_PERM_T (PERM_ID, OBJ_ID, VER_NBR, PERM_TMPL_ID, NMSPC_CD, NM, DESC_TXT, ACTV_IND) values ('1018', 'A55F9A096F464B779440EFBA57C27EE6', 1, '1000', 'KC-AWARD', 'Modify Award', 'Modify Award', 'Y');
insert into KRIM_PERM_T (PERM_ID, OBJ_ID, VER_NBR, PERM_TMPL_ID, NMSPC_CD, NM, DESC_TXT, ACTV_IND) values ('1019', '991D7296D0CB463CB6C6962238BD7D70', 1, '1000', 'KC-AWARD', 'Modify AwardBudget', 'Modify AWARD Budget', 'Y');
insert into KRIM_PERM_T (PERM_ID, OBJ_ID, VER_NBR, PERM_TMPL_ID, NMSPC_CD, NM, DESC_TXT, ACTV_IND) values ('1020', '277D6AF3EC584C639465348F5D6FDCDC', 1, '1000', 'KC-AWARD', 'Maintain AWARD Documents', 'Maintain AWARD Documents', 'Y');
insert into KRIM_PERM_T (PERM_ID, OBJ_ID, VER_NBR, PERM_TMPL_ID, NMSPC_CD, NM, DESC_TXT, ACTV_IND) values ('1021', '03820D14B51649B286198AF4441ECD12', 1, '1001', 'KC-PD', 'View Proposal', 'View PROPOSAL Development Document', 'Y');
insert into KRIM_PERM_T (PERM_ID, OBJ_ID, VER_NBR, PERM_TMPL_ID, NMSPC_CD, NM, DESC_TXT, ACTV_IND) values ('1022', '8AD5C6DE27584C1A8AD91D2BE902027F', 1, '1001', 'KC-PD', 'View Budget', 'View PROPOSAL Budget', 'Y');
insert into KRIM_PERM_T (PERM_ID, OBJ_ID, VER_NBR, PERM_TMPL_ID, NMSPC_CD, NM, DESC_TXT, ACTV_IND) values ('1023', '0F3D3FBD7F524B778563767790F53305', 1, '1001', 'KC-PD', 'View Narratives', 'View PROPOSAL Narrative', 'Y');
insert into KRIM_PERM_T (PERM_ID, OBJ_ID, VER_NBR, PERM_TMPL_ID, NMSPC_CD, NM, DESC_TXT, ACTV_IND) values ('1024', '4B3B7499DFC64C218D5267CC510BCB32', 1, '1001', 'KC-PROTOCOL', 'View Protocol', 'View PROTOCOL Document', 'Y');
insert into KRIM_PERM_T (PERM_ID, OBJ_ID, VER_NBR, PERM_TMPL_ID, NMSPC_CD, NM, DESC_TXT, ACTV_IND) values ('1025', '2B1B7E147B31401A9BC163E7DD15BA79', 1, '1001', 'KC-PROTOCOL', 'View Minutes', 'View Minutes', 'Y');
insert into KRIM_PERM_T (PERM_ID, OBJ_ID, VER_NBR, PERM_TMPL_ID, NMSPC_CD, NM, DESC_TXT, ACTV_IND) values ('1026', '5C78BDBCA8A74A61AE1249852B3F56C5', 1, '1001', 'KC-PROTOCOL', 'View Committee', 'View all committees in a unit', 'Y');
insert into KRIM_PERM_T (PERM_ID, OBJ_ID, VER_NBR, PERM_TMPL_ID, NMSPC_CD, NM, DESC_TXT, ACTV_IND) values ('1027', '525BFFAEBBB24DE1B1B485FD424DF5A8', 1, '1001', 'KC-PROTOCOL', 'View Schedule', 'View schedule details of committees in a unit', 'Y');
insert into KRIM_PERM_T (PERM_ID, OBJ_ID, VER_NBR, PERM_TMPL_ID, NMSPC_CD, NM, DESC_TXT, ACTV_IND) values ('1028', '2A02FA9A31DD43D0AFB5CAF0A5FCA2A4', 1, '1001', 'KC-PROTOCOL', 'View Agenda', 'View Agenda', 'Y');
insert into KRIM_PERM_T (PERM_ID, OBJ_ID, VER_NBR, PERM_TMPL_ID, NMSPC_CD, NM, DESC_TXT, ACTV_IND) values ('1029', 'F0EBF27FF40F42F398408568FC9991E6', 1, '1001', 'KC-AWARD', 'View Award', 'View Award', 'Y');
insert into KRIM_PERM_T (PERM_ID, OBJ_ID, VER_NBR, PERM_TMPL_ID, NMSPC_CD, NM, DESC_TXT, ACTV_IND) values ('1030', '4551B33847244D6A870996F59EE82B34', 1, '1001', 'KC-AWARD', 'View AwardBudget', 'View AWARD Budget', 'Y');
insert into KRIM_PERM_T (PERM_ID, OBJ_ID, VER_NBR, PERM_TMPL_ID, NMSPC_CD, NM, DESC_TXT, ACTV_IND) values ('1031', '78AE21DFC8C44CF3AF5BAEE6647482F3', 1, '1001', 'KC-AWARD', 'View AWARD Documents', 'View AWARD Documents', 'Y');
insert into KRIM_PERM_T (PERM_ID, OBJ_ID, VER_NBR, PERM_TMPL_ID, NMSPC_CD, NM, DESC_TXT, ACTV_IND) values ('1032', '4E2E1E9AB9714C249EDF6E0B9D9AD7E9', 1, '1002', 'KC-PD', 'Alter PROPOSAL Data', 'Change PROPOSAL master data once the PROPOSAL is locked', 'Y');
insert into KRIM_PERM_T (PERM_ID, OBJ_ID, VER_NBR, PERM_TMPL_ID, NMSPC_CD, NM, DESC_TXT, ACTV_IND) values ('1033', '96637C2DF1E64F42AD5002087D6B896E', 1, '1002', 'KC-PD', 'Print Proposal', 'Print PROPOSAL on a SPONSOR specific path', 'Y');
insert into KRIM_PERM_T (PERM_ID, OBJ_ID, VER_NBR, PERM_TMPL_ID, NMSPC_CD, NM, DESC_TXT, ACTV_IND) values ('1034', 'CAEE635F4064440FB7741523DB8D2FFD', 1, '1002', 'KC-PD', 'Certify', 'Certify', 'Y');
insert into KRIM_PERM_T (PERM_ID, OBJ_ID, VER_NBR, PERM_TMPL_ID, NMSPC_CD, NM, DESC_TXT, ACTV_IND) values ('1035', 'AC0582AC3C0545F6BB03B7EEF6AEF2FA', 1, '1002', 'KC-PD', 'Submit to Sponsor', 'Submit a PROPOSAL to Grants.gov', 'Y');
insert into KRIM_PERM_T (PERM_ID, OBJ_ID, VER_NBR, PERM_TMPL_ID, NMSPC_CD, NM, DESC_TXT, ACTV_IND) values ('1036', 'DA089E0574DE4C0CA1D6BC791546DA87', 1, '1002', 'KC-PD', 'Add PROPOSAL Viewer', 'Assign User to PROPOSAL Viewer Role', 'Y');
insert into KRIM_PERM_T (PERM_ID, OBJ_ID, VER_NBR, PERM_TMPL_ID, NMSPC_CD, NM, DESC_TXT, ACTV_IND) values ('1037', '23A7B61D68A64B9ABA208A2B85A247B5', 1, '1002', 'KC-PROTOCOL', 'Create Ammendment', 'Create a new ammendment for a protocol', 'Y');
insert into KRIM_PERM_T (PERM_ID, OBJ_ID, VER_NBR, PERM_TMPL_ID, NMSPC_CD, NM, DESC_TXT, ACTV_IND) values ('1038', 'BEBECCDD06B8446F9FE49D6196EBD0C1', 1, '1002', 'KC-PROTOCOL', 'Create Renewal', 'Create a new renewal for a protocol', 'Y');
insert into KRIM_PERM_T (PERM_ID, OBJ_ID, VER_NBR, PERM_TMPL_ID, NMSPC_CD, NM, DESC_TXT, ACTV_IND) values ('1039', 'BB6A63D03CDA46DD8FF4DC9E687D7808', 1, '1002', 'KC-PROTOCOL', 'Administrative Correction', 'Perform Administrative Corrections on Protocols', 'Y');
insert into KRIM_PERM_T (PERM_ID, OBJ_ID, VER_NBR, PERM_TMPL_ID, NMSPC_CD, NM, DESC_TXT, ACTV_IND) values ('1040', '6EC614EC6D764B41A0B15F88E9F16767', 1, '1002', 'KC-PROTOCOL', 'Maintain Protocol Submissions', 'Modify PROTOCOL Submission details', 'Y');
insert into KRIM_PERM_T (PERM_ID, OBJ_ID, VER_NBR, PERM_TMPL_ID, NMSPC_CD, NM, DESC_TXT, ACTV_IND) values ('1041', 'C5C5EEF9EE0F478DA33E1C472701CA28', 1, '1002', 'KC-PROTOCOL', 'Add Notes', 'Add PROTOCOL Notes', 'Y');
insert into KRIM_PERM_T (PERM_ID, OBJ_ID, VER_NBR, PERM_TMPL_ID, NMSPC_CD, NM, DESC_TXT, ACTV_IND) values ('1042', 'EC57241C3177459789CF65551B76C69E', 1, '1002', 'KC-PROTOCOL', 'View Restricted Notes', 'View Restricted Notes in Protocols', 'Y');
insert into KRIM_PERM_T (PERM_ID, OBJ_ID, VER_NBR, PERM_TMPL_ID, NMSPC_CD, NM, DESC_TXT, ACTV_IND) values ('1043', '7515E05EEB15412D86A464018243BD56', 1, '1002', 'KC-PROTOCOL', 'Generate Agenda', 'Generate Agenda', 'Y');
insert into KRIM_PERM_T (PERM_ID, OBJ_ID, VER_NBR, PERM_TMPL_ID, NMSPC_CD, NM, DESC_TXT, ACTV_IND) values ('1044', '0ED00C33EDDA45E8AD217CF1F14EFF3A', 1, '1002', 'KC-PROTOCOL', 'Generate Minutes', 'Generate Minutes', 'Y');
insert into KRIM_PERM_T (PERM_ID, OBJ_ID, VER_NBR, PERM_TMPL_ID, NMSPC_CD, NM, DESC_TXT, ACTV_IND) values ('1045', '5B568E09028A4CDD9EA6BDCE4F551000', 1, '1002', 'KC-PROTOCOL', 'Generate Minutes', 'Generate Schedule', 'Y');
insert into KRIM_PERM_T (PERM_ID, OBJ_ID, VER_NBR, PERM_TMPL_ID, NMSPC_CD, NM, DESC_TXT, ACTV_IND) values ('1046', 'F800A75E0D8742CDA0C32B63A29EFEC8', 1, '1002', 'KC-PROTOCOL', 'View Member Details', 'View membership details for a member in a committee', 'Y');
insert into KRIM_PERM_T (PERM_ID, OBJ_ID, VER_NBR, PERM_TMPL_ID, NMSPC_CD, NM, DESC_TXT, ACTV_IND) values ('1047', 'F42B3D3ECBF4490290FB57BE02FB2928', 1, '1002', 'KC-AWARD', 'Post AwardBudget', 'Post AWARD Budget', 'Y');
insert into KRIM_PERM_T (PERM_ID, OBJ_ID, VER_NBR, PERM_TMPL_ID, NMSPC_CD, NM, DESC_TXT, ACTV_IND) values ('1048', '7F55E8A89B374A5C879E4FC418EF147E', 1, '1003', 'KC-PROTOCOL', 'Modify Any Protocol', 'Modify Any PROTOCOL Document', 'Y');
insert into KRIM_PERM_T (PERM_ID, OBJ_ID, VER_NBR, PERM_TMPL_ID, NMSPC_CD, NM, DESC_TXT, ACTV_IND) values ('1049', 'F3E58EFC75F640E29093A8BDFD1049D4', 1, '1004', 'KC-AWARD', 'View Any Proposal', 'View Any Proposal', 'Y');
insert into KRIM_PERM_T (PERM_ID, OBJ_ID, VER_NBR, PERM_TMPL_ID, NMSPC_CD, NM, DESC_TXT, ACTV_IND) values ('1050', '6080E5F11BC7417693D1A198308B1035', 1, '1005', 'KC-PROTOCOL', 'Perform IRB Actions on a Protocol', 'Perform any IRB action on a PROTOCOL submitted to a committee', 'Y');
insert into KRIM_PERM_T (PERM_ID, OBJ_ID, VER_NBR, PERM_TMPL_ID, NMSPC_CD, NM, DESC_TXT, ACTV_IND) values ('1051', 'EA35F312EFCE43EFA5651A9C2CC2CC1C', 1, '1006', 'KC-AWARD', 'Submit Any AWARD Budget', 'Submit Any AWARD Budget', 'Y');
insert into KRIM_PERM_T (PERM_ID, OBJ_ID, VER_NBR, PERM_TMPL_ID, NMSPC_CD, NM, DESC_TXT, ACTV_IND) values ('1199', '77BC20590A4E319DE0404F8189D80DB4', 1, '1028', 'KC-QUESTIONNAIRE', 'Modify Question', 'Modify Question', 'Y');
insert into KRIM_PERM_T (PERM_ID, OBJ_ID, VER_NBR, PERM_TMPL_ID, NMSPC_CD,NM, DESC_TXT, ACTV_IND) values ('1200', '77BC20590A51319DE0404F8189D80DB4', 1, '1028', 'KC-QUESTIONNAIRE', 'View Question', 'View Question', 'Y');
insert into KRIM_PERM_T (PERM_ID, OBJ_ID, VER_NBR, PERM_TMPL_ID, NMSPC_CD, NM, DESC_TXT, ACTV_IND) values ('140', '5B4F09744944EF33E0404F8189D84F24', 1, '29', 'KR-WKFLW', 'Use Screen', 'Allows users to access the Document Operation screen.', 'Y');
insert into KRIM_PERM_T (PERM_ID, OBJ_ID, VER_NBR, PERM_TMPL_ID, NMSPC_CD, NM, DESC_TXT, ACTV_IND) values ('141', '5B4F09744945EF33E0404F8189D84F24', 1, '29', 'KR-BUS', 'Use Screen', 'Allows users to access the Java Security Management screen.', 'Y');
insert into KRIM_PERM_T (PERM_ID, OBJ_ID, VER_NBR, PERM_TMPL_ID, NMSPC_CD, NM, DESC_TXT, ACTV_IND) values ('142', '5B4F09744946EF33E0404F8189D84F24', 1, '29', 'KR-BUS', 'Use Screen', 'Allows users to access the Message Queue screen.', 'Y');
insert into KRIM_PERM_T (PERM_ID, OBJ_ID, VER_NBR, PERM_TMPL_ID, NMSPC_CD, NM, DESC_TXT, ACTV_IND) values ('143', '5B4F09744947EF33E0404F8189D84F24', 1, '29', 'KR-BUS', 'Use Screen', 'Allows users to access the Service Registry screen.', 'Y');
insert into KRIM_PERM_T (PERM_ID, OBJ_ID, VER_NBR, PERM_TMPL_ID, NMSPC_CD, NM, DESC_TXT, ACTV_IND) values ('144', '5B4F09744948EF33E0404F8189D84F24', 1, '29', 'KR-BUS', 'Use Screen', 'Allows users to access the Thread Pool screen.', 'Y');
insert into KRIM_PERM_T (PERM_ID, OBJ_ID, VER_NBR, PERM_TMPL_ID, NMSPC_CD, NM, DESC_TXT, ACTV_IND) values ('145', '5B4F09744949EF33E0404F8189D84F24', 1, '29', 'KR-BUS', 'Use Screen', 'Allows users to access the Quartz Queue screen.', 'Y');
insert into KRIM_PERM_T (PERM_ID, OBJ_ID, VER_NBR, PERM_TMPL_ID, NMSPC_CD, NM, DESC_TXT, ACTV_IND) values ('146', '5B4F0974494AEF33E0404F8189D84F24', 1, '9', 'KUALI', 'Ad Hoc Review Document', 'Authorizes users to take Approve, Acknowledge or FYI action on KUALI documents Ad Hoc routed to them.', 'Y');
insert into KRIM_PERM_T (PERM_ID, OBJ_ID, VER_NBR, PERM_TMPL_ID, NMSPC_CD, NM, DESC_TXT, ACTV_IND) values ('147', '5B4F0974494BEF33E0404F8189D84F24', 1, '3', 'KR-SYS', 'Administer Routing for Document', 'Allows users to open RICE Documents via the Super search option in Document Search and take Administrative workflow actions on them (such as approving the document, approving individual requests, or sending the document to a specified route node).', 'Y');
insert into KRIM_PERM_T (PERM_ID, OBJ_ID, VER_NBR, PERM_TMPL_ID, NMSPC_CD, NM, DESC_TXT, ACTV_IND) values ('148', '5B4F0974494CEF33E0404F8189D84F24', 1, '4', 'KR-SYS', 'Blanket Approve Document', 'Allows access to the Blanket Approval button on RICE Documents.', 'Y');
insert into KRIM_PERM_T (PERM_ID, OBJ_ID, VER_NBR, PERM_TMPL_ID, NMSPC_CD, NM, DESC_TXT, ACTV_IND) values ('149', '5B4F0974494DEF33E0404F8189D84F24', 1, '10', 'KR-SYS', 'Initiate Document', 'Authorizes the initiation of RICE Documents.', 'Y');
insert into KRIM_PERM_T (PERM_ID, OBJ_ID, VER_NBR, PERM_TMPL_ID, NMSPC_CD, NM, DESC_TXT, ACTV_IND) values ('150', '5B4F0974494EEF33E0404F8189D84F24', 1, '35', 'KR-SYS', 'Assign Role', 'Authorizes users to modify the information on the Assignees Tab of the ROLE Document and the Roles section of the Membership Tab on the Person Document for Roles with a Module Code beginning with KR.', 'Y');
insert into KRIM_PERM_T (PERM_ID, OBJ_ID, VER_NBR, PERM_TMPL_ID, NMSPC_CD, NM, DESC_TXT, ACTV_IND) values ('151', '5B4F0974494FEF33E0404F8189D84F24', 1, '36', 'KR-SYS', 'Grant Permission', 'Authorizes users to modify the information on the Permissions tab of the ROLE Document for roles with a module code beginning with KR.', 'Y');
insert into KRIM_PERM_T (PERM_ID, OBJ_ID, VER_NBR, PERM_TMPL_ID, NMSPC_CD, NM, DESC_TXT, ACTV_IND) values ('152', '5B4F09744950EF33E0404F8189D84F24', 1, '37', 'KR-SYS', 'Grant Responsibility', 'Authorizes users to modify the information on the Responsibility tab of the ROLE Document for roles with a Module Code that begins with KR.', 'Y');
insert into KRIM_PERM_T (PERM_ID, OBJ_ID, VER_NBR, PERM_TMPL_ID, NMSPC_CD, NM, DESC_TXT, ACTV_IND) values ('153', '5B4F09744951EF33E0404F8189D84F24', 1, '39', 'KR-SYS', 'Modify Entity', null, 'Y');
insert into KRIM_PERM_T (PERM_ID, OBJ_ID, VER_NBR, PERM_TMPL_ID, NMSPC_CD, NM, DESC_TXT, ACTV_IND) values ('154', '5B4F09744952EF33E0404F8189D84F24', 1, '39', 'KR-SYS', 'Modify Entity', null, 'Y');
insert into KRIM_PERM_T (PERM_ID, OBJ_ID, VER_NBR, PERM_TMPL_ID, NMSPC_CD, NM, DESC_TXT, ACTV_IND) values ('155', '5B4F09744953EF33E0404F8189D84F24', 1, '38', 'KR-SYS', 'Populate Group', 'Authorizes users to modify the information on the Assignees Tab of the Group Document and the Group section of the Membership Tab on the Person Document for groups with namespaces beginning with KR.', 'Y');
insert into KRIM_PERM_T (PERM_ID, OBJ_ID, VER_NBR, PERM_TMPL_ID, NMSPC_CD, NM, DESC_TXT, ACTV_IND) values ('156', '5B4F09744954EF33E0404F8189D84F24', 1, '2', 'KUALI', 'Copy Document', 'Allows access to the Copy button on KC Documents.', 'Y');
insert into KRIM_PERM_T (PERM_ID, OBJ_ID, VER_NBR, PERM_TMPL_ID, NMSPC_CD, NM, DESC_TXT, ACTV_IND) values ('161', '5B4F09744959EF33E0404F8189D84F24', 1, '24', 'KR-SYS', 'Inquire Into Records', 'Allows users to access Kuali RICE inquiries.', 'Y');
insert into KRIM_PERM_T (PERM_ID, OBJ_ID, VER_NBR, PERM_TMPL_ID, NMSPC_CD, NM, DESC_TXT, ACTV_IND) values ('162', '5B4F0974495AEF33E0404F8189D84F24', 1, '23', 'KR-SYS', 'Look Up Records', 'Allow users to access Kuali RICE lookups.', 'Y');
insert into KRIM_PERM_T (PERM_ID, OBJ_ID, VER_NBR, PERM_TMPL_ID, NMSPC_CD, NM, DESC_TXT, ACTV_IND) values ('163', '5B4F0974495BEF33E0404F8189D84F24', 1, '34', 'KR-SYS', 'Maintain System Parameter', 'Authorizes to initiate and edit the Parameter document for parameters with a module code beginning with KR.', 'Y');
insert into KRIM_PERM_T (PERM_ID, OBJ_ID, VER_NBR, PERM_TMPL_ID, NMSPC_CD, NM, DESC_TXT, ACTV_IND) values ('164', '5B4F0974495CEF33E0404F8189D84F24', 1, '32', 'KR-SYS', 'Modify Batch Job', 'Allows users to access and run Batch Jobs associated with KR modules via the Schedule link.', 'Y');
insert into KRIM_PERM_T (PERM_ID, OBJ_ID, VER_NBR, PERM_TMPL_ID, NMSPC_CD, NM, DESC_TXT, ACTV_IND) values ('165', '5B4F0974495DEF33E0404F8189D84F24', 1, '40', 'KR-SYS', 'Open Document', 'Authorizes users to open RICE Documents.', 'Y');
insert into KRIM_PERM_T (PERM_ID, OBJ_ID, VER_NBR, PERM_TMPL_ID, NMSPC_CD, NM, DESC_TXT, ACTV_IND) values ('166', '5B4F0974495EEF33E0404F8189D84F24', 1, '29', 'KR-SYS', 'Use Screen', 'Allows users to access all RICE screens.', 'Y');
insert into KRIM_PERM_T (PERM_ID, OBJ_ID, VER_NBR, PERM_TMPL_ID, NMSPC_CD, NM, DESC_TXT, ACTV_IND) values ('167', '5B4F0974495FEF33E0404F8189D84F24', 1, '14', 'KUALI', 'Cancel Document', 'Authorizes users to cancel a document prior to it being submitted for routing.', 'Y');
insert into KRIM_PERM_T (PERM_ID, OBJ_ID, VER_NBR, PERM_TMPL_ID, NMSPC_CD, NM, DESC_TXT, ACTV_IND) values ('168', '5B4F09744960EF33E0404F8189D84F24', 1, '5', 'KUALI', 'Route Document', 'Authorizes users to submit a document for routing.', 'Y');
insert into KRIM_PERM_T (PERM_ID, OBJ_ID, VER_NBR, PERM_TMPL_ID, NMSPC_CD, NM, DESC_TXT, ACTV_IND) values ('290', '5B4F09744961EF33E0404F8189D84F24', 1, '15', 'KR-SYS', 'Save Document', 'Users who can save RICE documents', 'Y');
insert into KRIM_PERM_T (PERM_ID, OBJ_ID, VER_NBR, PERM_TMPL_ID, NMSPC_CD, NM, DESC_TXT, ACTV_IND) values ('170', '5B4F09744962EF33E0404F8189D84F24', 1, '8', 'KUALI', 'Take Requested Action', 'Authorizes users to take the Approve action on documents routed to them.', 'Y');
insert into KRIM_PERM_T (PERM_ID, OBJ_ID, VER_NBR, PERM_TMPL_ID, NMSPC_CD, NM, DESC_TXT, ACTV_IND) values ('174', '5B4F09744966EF33E0404F8189D84F24', 1, '1', 'KUALI', 'Log In', 'Authorizes users to login to the Kuali portal.', 'Y');
insert into KRIM_PERM_T (PERM_ID, OBJ_ID, VER_NBR, PERM_TMPL_ID, NMSPC_CD, NM, DESC_TXT, ACTV_IND) values ('180', '5B4F0974496CEF33E0404F8189D84F24', 1, '16', 'KUALI', 'Edit Document', 'Allows users to edit Kuali documents that are in ENROUTE status.', 'Y');
insert into KRIM_PERM_T (PERM_ID, OBJ_ID, VER_NBR, PERM_TMPL_ID, NMSPC_CD, NM, DESC_TXT, ACTV_IND) values ('181', '5B4F0974496DEF33E0404F8189D84F24', 1, '16', 'KUALI', 'Edit Document', 'Allows users to edit Kuali documents that are in ENROUTE status.', 'Y');
insert into KRIM_PERM_T (PERM_ID, OBJ_ID, VER_NBR, PERM_TMPL_ID, NMSPC_CD, NM, DESC_TXT, ACTV_IND) values ('183', '5B4F0974496FEF33E0404F8189D84F24', 1, '27', 'KR-SYS', 'Full Unmask Field', 'Authorizes users to view the password field on the Person document and inquriy.', 'Y');
insert into KRIM_PERM_T (PERM_ID, OBJ_ID, VER_NBR, PERM_TMPL_ID, NMSPC_CD, NM, DESC_TXT, ACTV_IND) values ('259', '606763510FC396D3E0404F8189D857A2', 1, '45', 'KUALI', 'Add Note / Attachment', 'Users who can add notes and attachments to any document answering to the Kuali Document parent document type.', 'Y');
insert into KRIM_PERM_T (PERM_ID, OBJ_ID, VER_NBR, PERM_TMPL_ID, NMSPC_CD, NM, DESC_TXT, ACTV_IND) values ('261', '606763510FC696D3E0404F8189D857A2', 1, '46', 'KUALI', 'View Note / Attachment', 'Authorizes users to view notes and attachments on documents answering to the KualiDocument parent document type.', 'Y');
insert into KRIM_PERM_T (PERM_ID, OBJ_ID, VER_NBR, PERM_TMPL_ID, NMSPC_CD, NM, DESC_TXT, ACTV_IND) values ('264', '606763510FCD96D3E0404F8189D857A2', 1, '47', 'KR-SYS', 'Delete Note / Attachment', 'Authorizes users to delete notes and attachments created by any user on documents answering to the RICE Document parent document type.', 'Y');
insert into KRIM_PERM_T (PERM_ID, OBJ_ID, VER_NBR, PERM_TMPL_ID, NMSPC_CD, NM, DESC_TXT, ACTV_IND) values ('289', '611BE30E404E5818E0404F8189D801C2', 1, '1', 'KR-NS', 'Administer Pessimistic Locking', 'Administer Pessimistic Locking', 'Y');
insert into KRIM_PERM_T (PERM_ID, OBJ_ID, VER_NBR, PERM_TMPL_ID, NMSPC_CD, NM, DESC_TXT, ACTV_IND) values ('701', '04C7706012554535AF8DC48DC6CC331C', 1, '23', 'KR-WKFLW', 'Look Up Records', 'Allow users to access the Rule Template lookup.', 'Y');
insert into KRIM_PERM_T (PERM_ID, OBJ_ID, VER_NBR, PERM_TMPL_ID, NMSPC_CD, NM, DESC_TXT, ACTV_IND) values ('702', '471FF4B19A4648D4B84194530AE22158', 1, '23', 'KR-WKFLW', 'Look Up Records', 'Allow users to access the Stylesheet lookup.', 'Y');
insert into KRIM_PERM_T (PERM_ID, OBJ_ID, VER_NBR, PERM_TMPL_ID, NMSPC_CD, NM, DESC_TXT, ACTV_IND) values ('714', '77C20443ECBF4F9CA4E0D1E03CADCF15', 1, '23', 'KR-NS', 'Look Up Records', 'Allow users to access the Pessimistic Lock lookup.', 'Y');
insert into KRIM_PERM_T (PERM_ID, OBJ_ID, VER_NBR, PERM_TMPL_ID, NMSPC_CD, NM, DESC_TXT, ACTV_IND) values ('719', '45F0E8E1B9784756A3C0582980912991', 1, '23', 'KR-NS', 'Look Up Records', 'Allow users to access the Parameter Component lookup.', 'Y');
insert into KRIM_PERM_T (PERM_ID, OBJ_ID, VER_NBR, PERM_TMPL_ID, NMSPC_CD, NM, DESC_TXT, ACTV_IND) values ('721', 'B1BD57EE64274E62AC9425C7FF185A44', 1, '23', 'KR-NS', 'Look Up Records', 'Allow users to access the Parameter Type lookup.', 'Y');
insert into KRIM_PERM_T (PERM_ID, OBJ_ID, VER_NBR, PERM_TMPL_ID, NMSPC_CD, NM, DESC_TXT, ACTV_IND) values ('802', '606763510FD496D3E0404F8189D857A2', 1, '24', 'KR-WKFLW', 'Inquire Into Records', 'Allow users to access the Stylesheet inquiry.', 'Y');
insert into KRIM_PERM_T (PERM_ID, OBJ_ID, VER_NBR, PERM_TMPL_ID, NMSPC_CD, NM, DESC_TXT, ACTV_IND) values ('803', '606763510FD796D3E0404F8189D857A2', 1, '24', 'KR-WKFLW', 'Inquire Into Records', 'Allow users to access the eDocLite inquiry.', 'Y');
insert into KRIM_PERM_T (PERM_ID, OBJ_ID, VER_NBR, PERM_TMPL_ID, NMSPC_CD, NM, DESC_TXT, ACTV_IND) values ('814', '606763510FE196D3E0404F8189D857A2', 1, '24', 'KR-NS', 'Inquire Into Records', 'Allow users to access the Pessimistic Lock inquiry.', 'Y');
insert into KRIM_PERM_T (PERM_ID, OBJ_ID, VER_NBR, PERM_TMPL_ID, NMSPC_CD, NM, DESC_TXT, ACTV_IND) values ('820', '606763510FE796D3E0404F8189D857A2', 1, '24', 'KR-NS', 'Inquire Into Records', 'Allow users to access the Namespace inquiry.', 'Y');
insert into KRIM_PERM_T (PERM_ID, OBJ_ID, VER_NBR, PERM_TMPL_ID, NMSPC_CD, NM, DESC_TXT, ACTV_IND) values ('821', '606763510FEA96D3E0404F8189D857A2', 1, '24', 'KR-NS', 'Inquire Into Records', 'Allow users to access the Parameter Type inquiry.', 'Y');
insert into KRIM_PERM_T (PERM_ID, OBJ_ID, VER_NBR, PERM_TMPL_ID, NMSPC_CD, NM, DESC_TXT, ACTV_IND) values ('265', '606763510FF296D3E0404F8189D857A2', 1, '29', 'KR-WKFLW', 'Use Screen', 'Allows users to access the XML Ingester screen.', 'Y');
insert into KRIM_PERM_T (PERM_ID, OBJ_ID, VER_NBR, PERM_TMPL_ID, NMSPC_CD, NM, DESC_TXT, ACTV_IND) values ('830', '607A7155BC6E864EE0404F8189D85925', 1, '70', 'KR-WKFLW', 'View Other Action List', null, 'Y');
insert into KRIM_PERM_T (PERM_ID, OBJ_ID, VER_NBR, PERM_TMPL_ID, NMSPC_CD, NM, DESC_TXT, ACTV_IND) values ('831', '607A7155BC71864EE0404F8189D85925', 1, '71', 'KR-WKFLW', 'Unrestricted Document Search', null, 'Y');
insert into KRIM_PERM_T (PERM_ID, OBJ_ID, VER_NBR, PERM_TMPL_ID, NMSPC_CD, NM, DESC_TXT, ACTV_IND) values ('307', '638DD46953F9BCD5E0404F8189D86240', 1, '1', 'KR-IDM', 'Modify Entity', 'Users who can modify entity records in Kuali Identity Management.', 'Y');
insert into KRIM_PERM_T (PERM_ID, OBJ_ID, VER_NBR, PERM_TMPL_ID, NMSPC_CD, NM, DESC_TXT, ACTV_IND) values ('332', '662384B381B967A1E0404F8189D868A6', 1, '49', 'KR-SYS', 'Send Ad Hoc Request', 'Authorizes users to send FYI ad hoc requests for Kuali Documents', 'Y');
insert into KRIM_PERM_T (PERM_ID, OBJ_ID, VER_NBR, PERM_TMPL_ID, NMSPC_CD, NM, DESC_TXT, ACTV_IND) values ('333', '662384B381BD67A1E0404F8189D868A6', 1, '49', 'KR-SYS', 'Send Ad Hoc Request', 'Authorizes users to send Acknowledge ad hoc requests for Kuali Documents', 'Y');
insert into KRIM_PERM_T (PERM_ID, OBJ_ID, VER_NBR, PERM_TMPL_ID, NMSPC_CD, NM, DESC_TXT, ACTV_IND) values ('334', '662384B381C167A1E0404F8189D868A6', 1, '49', 'KR-SYS', 'Send Ad Hoc Request', 'Authorizes users to send Approve ad hoc requests for Kuali Documents', 'Y');
insert into KRIM_PERM_T (PERM_ID, OBJ_ID, VER_NBR, PERM_TMPL_ID, NMSPC_CD, NM, DESC_TXT, ACTV_IND) values ('836', '5B4F09744953EF33E0404F8189D84F28', 1, '37', 'KR-SYS', 'Grant Responsibility', 'Authorizes users to modify the information on the Responsibility tab of the ROLE Document for roles with the KUALI namespace.', 'Y');
insert into KRIM_PERM_T (PERM_ID, OBJ_ID, VER_NBR, PERM_TMPL_ID, NMSPC_CD, NM, DESC_TXT, ACTV_IND) values ('378', '5B4F09744953EF33E0404F8189D84F29', 1, '1', 'KR-IDM', 'Override Entity Privacy Preferences', 'Allows a user to override entity privacy preferences', 'Y');
insert into KRIM_PERM_T (PERM_ID, OBJ_ID, VER_NBR, PERM_TMPL_ID, NMSPC_CD, NM, DESC_TXT, ACTV_IND) values ('306', '6314CC58CF58B7B5E0404F8189D84439', 1, '27', 'KR-SYS', 'Full Unmask Field', 'Authorizes users to view the entire Tax Identification Number on the Person document and inquiry.', 'Y');
insert into KRIM_PERM_T (PERM_ID, OBJ_ID, VER_NBR, PERM_TMPL_ID, NMSPC_CD, NM, DESC_TXT, ACTV_IND) values ('172', '5B4F09744964EF33E0404F8189D84F24', 1, '8', 'KUALI', 'Take Requested Action', 'Authorizes users to take the FYI action on documents routed to them.', 'Y');
insert into KRIM_PERM_T (PERM_ID, OBJ_ID, VER_NBR, PERM_TMPL_ID, NMSPC_CD, NM, DESC_TXT, ACTV_IND) values ('173', '5B4F09744965EF33E0404F8189D84F24', 1, '8', 'KUALI', 'Take Requested Action', 'Authorizes users to take the Acknowledge action on documents routed to them.', 'Y');
insert into KRIM_PERM_T (PERM_ID, OBJ_ID, VER_NBR, PERM_TMPL_ID, NMSPC_CD, NM, DESC_TXT, ACTV_IND) values ('703', 'E6875070DC5B4FD59193F7445C33E7AB', 1, '23', 'KR-WKFLW', 'Look Up Records', 'Allow users to access the eDocLite lookup.', 'Y');
insert into KRIM_PERM_T (PERM_ID, OBJ_ID, VER_NBR, PERM_TMPL_ID, NMSPC_CD, NM, DESC_TXT, ACTV_IND) values ('707', '28CE0127B8A14AB4BFD39920C5398A69', 1, '23', 'KR-WKFLW', 'Look Up Records', 'Allow users to access the Rule Attribute lookup.', 'Y');
insert into KRIM_PERM_T (PERM_ID, OBJ_ID, VER_NBR, PERM_TMPL_ID, NMSPC_CD, NM, DESC_TXT, ACTV_IND) values ('720', 'FFF2C6639C6041F1B148AA9901C8A1F7', 1, '23', 'KR-NS', 'Look Up Records', 'Allow users to access the Namespace lookup.', 'Y');
insert into KRIM_PERM_T (PERM_ID, OBJ_ID, VER_NBR, PERM_TMPL_ID, NMSPC_CD, NM, DESC_TXT, ACTV_IND) values ('801', '606763510FD196D3E0404F8189D857A2', 1, '24', 'KR-WKFLW', 'Inquire Into Records', 'Allow users to access the Rule Template inquiry.', 'Y');
insert into KRIM_PERM_T (PERM_ID, OBJ_ID, VER_NBR, PERM_TMPL_ID, NMSPC_CD, NM, DESC_TXT, ACTV_IND) values ('807', '606763510FDA96D3E0404F8189D857A2', 1, '24', 'KR-WKFLW', 'Inquire Into Records', 'Allow users to access the Rule Attribute inquiry.', 'Y');
insert into KRIM_PERM_T (PERM_ID, OBJ_ID, VER_NBR, PERM_TMPL_ID, NMSPC_CD, NM, DESC_TXT, ACTV_IND) values ('819', '606763510FE496D3E0404F8189D857A2', 1, '24', 'KR-NS', 'Inquire Into Records', 'Allow users to access the Parameter Component inquiry.', 'Y');
insert into KRIM_PERM_T (PERM_ID, OBJ_ID, VER_NBR, PERM_TMPL_ID, NMSPC_CD, NM, DESC_TXT, ACTV_IND) values ('833', '5B4F09744953EF33E0404F8189D84F25', 1, '38', 'KR-SYS', 'Populate Group', 'Authorizes users to modify the information on the Assignees Tab of the Group Document and the Group section of the Membership Tab on the Person Document for groups with the KUALI namespace.', 'Y');
insert into KRIM_PERM_T (PERM_ID, OBJ_ID, VER_NBR, PERM_TMPL_ID, NMSPC_CD, NM, DESC_TXT, ACTV_IND) values ('834', '5B4F09744953EF33E0404F8189D84F26', 1, '35', 'KR-SYS', 'Assign Role', 'Authorizes users to modify the information on the Assignees Tab of the ROLE Document and the Roles section of the Membership Tab on the Person Document for Roles with the KUALI namespace.', 'Y');
insert into KRIM_PERM_T (PERM_ID, OBJ_ID, VER_NBR, PERM_TMPL_ID, NMSPC_CD, NM, DESC_TXT, ACTV_IND) values ('835', '5B4F09744953EF33E0404F8189D84F27', 1, '36', 'KR-SYS', 'Grant Permission', 'Authorizes users to modify the information on the Permissions tab of the ROLE Document for roles with the KUALI namespace.', 'Y');
insert into KRIM_PERM_T (PERM_ID, OBJ_ID, VER_NBR, PERM_TMPL_ID, NMSPC_CD, NM, DESC_TXT, ACTV_IND) values ('1201', '77BC20590A4E319DE0404F8189D81201', 1, '1029', 'KC-QUESTIONNAIRE', 'Modify Questionnaire', 'Modify Questionnaire', 'Y');
insert into KRIM_PERM_T (PERM_ID, OBJ_ID, VER_NBR, PERM_TMPL_ID, NMSPC_CD,NM, DESC_TXT, ACTV_IND) values ('1202', '77BC20590A51319DE0404F8189D81202', 1, '1029', 'KC-QUESTIONNAIRE', 'View Questionnaire', 'View Questionnaire', 'Y');
insert into KRIM_PERM_T (PERM_ID, OBJ_ID, VER_NBR, PERM_TMPL_ID, NMSPC_CD,NM, DESC_TXT, ACTV_IND) values ('1203', '77BC20590A51319DE0404F8189D81203', 1, '10', 'KC-IP', 'Create PROPOSAL Log', 'Initiate a new PROPOSAL Log', 'Y');
insert into KRIM_PERM_T (PERM_ID, OBJ_ID, VER_NBR, PERM_TMPL_ID, NMSPC_CD,NM, DESC_TXT, ACTV_IND) values ('1204', '77BC20590A51319DE0404F8189D81204', 1, '16', 'KC-IP', 'Edit PROPOSAL Log', 'Edit a PROPOSAL Log', 'Y');
insert into KRIM_PERM_T (PERM_ID, OBJ_ID, VER_NBR, PERM_TMPL_ID, NMSPC_CD,NM, DESC_TXT, ACTV_IND) values ('1205', '77BC20590A51319DE0404F8189D81205', 1, '15', 'KC-IP', 'Save PROPOSAL Log', 'Save a PROPOSAL Log', 'Y');
insert into KRIM_PERM_T (PERM_ID, OBJ_ID, VER_NBR, PERM_TMPL_ID, NMSPC_CD,NM, DESC_TXT, ACTV_IND) values ('1206', '77BC20590A51319DE0404F8189D81206', 1, '5', 'KC-IP', 'Submit PROPOSAL Log', 'Submit a PROPOSAL Log', 'Y');
insert into KRIM_PERM_T (PERM_ID, OBJ_ID, VER_NBR, PERM_TMPL_ID, NMSPC_CD,NM, DESC_TXT, ACTV_IND) values ('1207', '77BC20590A51319DE0404F8189D81207', 1, '40', 'KC-IP', 'Open PROPOSAL Log', 'Open a PROPOSAL Log', 'Y');
insert into KRIM_PERM_T (PERM_ID, OBJ_ID, VER_NBR, PERM_TMPL_ID, NMSPC_CD,NM, DESC_TXT, ACTV_IND) values ('1208', '77BC20590A51319DE0404F8189D81208', 1, '14', 'KC-IP', 'Cancel PROPOSAL Log', 'Cancel a PROPOSAL Log', 'Y');
insert into KRIM_PERM_T (PERM_ID, OBJ_ID, VER_NBR, PERM_TMPL_ID, NMSPC_CD,NM, DESC_TXT, ACTV_IND) values ('1209', '77BC20590A51319DE0404F8189D81209', 1, '10', 'KC-IP', 'Create Institutional Proposal', 'Initiate a new Institutional Proposal', 'Y');
insert into KRIM_PERM_T (PERM_ID, OBJ_ID, VER_NBR, PERM_TMPL_ID, NMSPC_CD,NM, DESC_TXT, ACTV_IND) values ('1210', '77BC20590A51319DE0404F8189D81210', 1, '16', 'KC-IP', 'Edit Institutional Proposal', 'Edit an Institutional Proposal', 'Y');
insert into KRIM_PERM_T (PERM_ID, OBJ_ID, VER_NBR, PERM_TMPL_ID, NMSPC_CD,NM, DESC_TXT, ACTV_IND) values ('1211', '77BC20590A51319DE0404F8189D81211', 1, '15', 'KC-IP', 'Save Institutional Proposal', 'Save an Institutional Proposal', 'Y');
insert into KRIM_PERM_T (PERM_ID, OBJ_ID, VER_NBR, PERM_TMPL_ID, NMSPC_CD,NM, DESC_TXT, ACTV_IND) values ('1212', '77BC20590A51319DE0404F8189D81212', 1, '5', 'KC-IP', 'Submit Institutional Proposal', 'Submit an Institutional Proposal', 'Y');
insert into KRIM_PERM_T (PERM_ID, OBJ_ID, VER_NBR, PERM_TMPL_ID, NMSPC_CD,NM, DESC_TXT, ACTV_IND) values ('1213', '77BC20590A51319DE0404F8189D81213', 1, '40', 'KC-IP', 'Open Institutional Proposal', 'Open an Institutional Proposal', 'Y');
insert into KRIM_PERM_T (PERM_ID, OBJ_ID, VER_NBR, PERM_TMPL_ID, NMSPC_CD,NM, DESC_TXT, ACTV_IND) values ('1214', '77BC20590A51319DE0404F8189D81214', 1, '14', 'KC-IP', 'Cancel Institutional Proposal', 'Cancel an Institutional Proposal', 'Y');
insert into KRIM_PERM_T values ('1215', '3b150223-5407-43e1-a807-f8f5ba0d031b', 1, '10', 'KC-IP', 'Create Intellectual Property Review', 'Initiate a new Intellectual Property Review', 'Y');
insert into KRIM_PERM_T values ('1216', '23ae6c8a-c4fa-4d92-ad8c-797ac2c179d7', 1, '16', 'KC-IP', 'Edit Intellectual Property Review', 'Edit a Intellectual Property Review', 'Y');
insert into KRIM_PERM_T values ('1217', '98d1945b-7efd-4963-aa19-d337f93c59be', 1, '15', 'KC-IP', 'Save Intellectual Property Review', 'Save a Intellectual Property Review', 'Y');
insert into KRIM_PERM_T values ('1218', '18e4551e-82b1-4d22-aa50-d12d6ea6b5ec', 1, '5', 'KC-IP', 'Submit Intellectual Property Review', 'Submit a Intellectual Property Review', 'Y');
insert into KRIM_PERM_T values ('1219', 'a9987df3-2a0b-4113-a77c-f0f7b036da0c', 1, '40', 'KC-IP', 'Open Intellectual Property Review', 'Open a Intellectual Property Review', 'Y');
insert into KRIM_PERM_T values ('1220', 'b563f28a-3694-466d-9f71-a40652e35677', 1, '14', 'KC-IP', 'Cancel Intellectual Property Review', 'Cancel a Intellectual Property Review', 'Y');
INSERT INTO KRIM_PERM_T (PERM_ID, PERM_TMPL_ID, NM, DESC_TXT, ACTV_IND, NMSPC_CD, OBJ_ID)  VALUES ('1221', '1030', 'Answer Protocol Questionnaire', null, 'Y', 'KC-PROTOCOL', '668e0a41-fbda-4378-86bc-9d08ded93efc');
insert into KRIM_PERM_T (PERM_ID, OBJ_ID, VER_NBR, PERM_TMPL_ID, NMSPC_CD, NM, DESC_TXT, ACTV_IND) values ('1222', '95F7D32053EF4F868C1612FA94FFF635', 1, '16', 'KC-PROTOCOL', 'Modify Correspondence Template', 'Modify Correspondence Template', 'Y');
insert into KRIM_PERM_T (PERM_ID, OBJ_ID, VER_NBR, PERM_TMPL_ID, NMSPC_CD,NM, DESC_TXT, ACTV_IND) values ('1223', 'F35D259D139C401EB7F74E94A8DFA3B7', 1, '40', 'KC-PROTOCOL', 'View Correspondence Template', 'View Correspondence Template', 'Y');
insert into KRIM_PERM_T (PERM_ID, OBJ_ID, VER_NBR, PERM_TMPL_ID, NMSPC_CD, NM, DESC_TXT, ACTV_IND) values ('1224', '95F7D32053EF4F868C1612FA94FFF636', 1, '16', 'KC-PROTOCOL', 'Modify Batch Correspondence Detail', 'Modify Batch Correspondence Detail', 'Y');
insert into KRIM_PERM_T (PERM_ID, OBJ_ID, VER_NBR, PERM_TMPL_ID, NMSPC_CD, NM, DESC_TXT, ACTV_IND) values ('1225', 'F35D259D139C401EB7F74E94A8DFA3B8', 1, '40', 'KC-PROTOCOL', 'View Batch Correspondence Detail', 'View Batch Correspondence Detail', 'Y');
INSERT INTO KRIM_PERM_T (PERM_ID, OBJ_ID, VER_NBR, PERM_TMPL_ID, NMSPC_CD, NM, DESC_TXT, ACTV_IND) VALUES('840','97469975-D110-9A65-5EE5-F21FD1BEB5B2', 1, '29', 'KR-BUS', 'Use Screen', 'Allows users to access the Configuration Viewer screen', 'Y');
INSERT INTO KRIM_PERM_T (PERM_ID, OBJ_ID, VER_NBR, PERM_TMPL_ID, NMSPC_CD, NM, DESC_TXT, ACTV_IND) values ('1228', 'F35D256D139C401EB6F74E94A8DFA3B8', 1, '1001', 'KC-PROTOCOL', 'Maintain Protocol Online Reviews', 'Maintain Protocol Online Reviews', 'Y');
INSERT INTO KRIM_PERM_T (PERM_ID, OBJ_ID, VER_NBR, PERM_TMPL_ID, NMSPC_CD, NM, DESC_TXT, ACTV_IND) values ('1226', '0ADFE172441D6320E0404F8189D85685', 1, '1000', 'KC-PROTOCOL', 'Maintain Protocol Online Review Comments', 'Maintain Protocol Online Review Comments', 'Y');
INSERT INTO KRIM_PERM_T (PERM_ID, OBJ_ID, VER_NBR, PERM_TMPL_ID, NMSPC_CD, NM, DESC_TXT, ACTV_IND) VALUES ('1227', '1CDFE172001D6320E0304F8189D85685', 1, '1001', 'KC-PROTOCOL', 'View Protocol Online Review Comments', 'View Protocol Online Review Comments', 'Y');
INSERT INTO KRIM_PERM_T (PERM_ID, OBJ_ID, VER_NBR, PERM_TMPL_ID, NMSPC_CD, NM, DESC_TXT, ACTV_IND) values ('1230', '95F7D32053EF46868C1612FA94FFF635', 1, '1002', 'KC-PROTOCOL', 'Perform Committee Actions', 'Perform committee actions', 'Y');


insert into KRIM_PERM_ATTR_DATA_T (ATTR_DATA_ID, OBJ_ID, VER_NBR, PERM_ID, KIM_TYP_ID, KIM_ATTR_DEFN_ID, ATTR_VAL) values ('1000', '66AC72A924E64E31977BECE28F7CB6A1', 1, '1000', '3', '13', 'ProposalDevelopmentDocument');
insert into KRIM_PERM_ATTR_DATA_T (ATTR_DATA_ID, OBJ_ID, VER_NBR, PERM_ID, KIM_TYP_ID, KIM_ATTR_DEFN_ID, ATTR_VAL) values ('1001', 'BCB0EA943AEA449C8DF59062246B8C58', 1, '1001', '3', '13', 'ProtocolDocument');
insert into KRIM_PERM_ATTR_DATA_T (ATTR_DATA_ID, OBJ_ID, VER_NBR, PERM_ID, KIM_TYP_ID, KIM_ATTR_DEFN_ID, ATTR_VAL) values ('1002', 'AEAC3B4C5D4F43B3B46FA2E1CA92A826', 1, '1002', '3', '13', 'CommitteeDocument');
insert into KRIM_PERM_ATTR_DATA_T (ATTR_DATA_ID, OBJ_ID, VER_NBR, PERM_ID, KIM_TYP_ID, KIM_ATTR_DEFN_ID, ATTR_VAL) values ('1003', '45F3E6D77F654D6AB6272C8BFC17EAF4', 1, '1003', '3', '13', 'AwardDocument');
insert into KRIM_PERM_ATTR_DATA_T (ATTR_DATA_ID, OBJ_ID, VER_NBR, PERM_ID, KIM_TYP_ID, KIM_ATTR_DEFN_ID, ATTR_VAL) values ('1004', '10DA4120D9C444D28D99EE698B24A192', 1, '1004', '3', '13', 'BudgetDocument');
insert into KRIM_PERM_ATTR_DATA_T (ATTR_DATA_ID, OBJ_ID, VER_NBR, PERM_ID, KIM_TYP_ID, KIM_ATTR_DEFN_ID, ATTR_VAL) values ('1005', '75027183DF1B4B03B1DFFD592AAB5D23', 1, '1005', '3', '13', 'ProposalDevelopmentDocument');
insert into KRIM_PERM_ATTR_DATA_T (ATTR_DATA_ID, OBJ_ID, VER_NBR, PERM_ID, KIM_TYP_ID, KIM_ATTR_DEFN_ID, ATTR_VAL) values ('1006', 'D5E9CAC1D8E14FD4919360652E215646', 1, '1006', '3', '13', 'ProtocolDocument');
insert into KRIM_PERM_ATTR_DATA_T (ATTR_DATA_ID, OBJ_ID, VER_NBR, PERM_ID, KIM_TYP_ID, KIM_ATTR_DEFN_ID, ATTR_VAL) values ('1007', '50203F290F6C40499F5F70E802BC2619', 1, '1007', '3', '13', 'BudgetDocument');
insert into KRIM_PERM_ATTR_DATA_T (ATTR_DATA_ID, OBJ_ID, VER_NBR, PERM_ID, KIM_TYP_ID, KIM_ATTR_DEFN_ID, ATTR_VAL) values ('1008', '9DE3B9DFA7C447A08335FEA11B80272F', 1, '1008', '1017', '1007', 'proposal');
insert into KRIM_PERM_ATTR_DATA_T (ATTR_DATA_ID, OBJ_ID, VER_NBR, PERM_ID, KIM_TYP_ID, KIM_ATTR_DEFN_ID, ATTR_VAL) values ('1009', '5CCE2A59ED98424CB458D05E283F96B3', 1, '1008', '1017', '13', 'ProposalDevelopmentDocument');
insert into KRIM_PERM_ATTR_DATA_T (ATTR_DATA_ID, OBJ_ID, VER_NBR, PERM_ID, KIM_TYP_ID, KIM_ATTR_DEFN_ID, ATTR_VAL) values ('1010', '8082C3F9974745AF956533C1487A53E3', 1, '1009', '1017', '1007', 'budget');
insert into KRIM_PERM_ATTR_DATA_T (ATTR_DATA_ID, OBJ_ID, VER_NBR, PERM_ID, KIM_TYP_ID, KIM_ATTR_DEFN_ID, ATTR_VAL) values ('1011', 'A9CC43A3BD8C4BBEAD9063112EBF010D', 1, '1009', '1017', '13', 'ProposalDevelopmentDocument');
insert into KRIM_PERM_ATTR_DATA_T (ATTR_DATA_ID, OBJ_ID, VER_NBR, PERM_ID, KIM_TYP_ID, KIM_ATTR_DEFN_ID, ATTR_VAL) values ('1012', '24C0E706F00A484F9F6D1ADB3BBAE7F7', 1, '1010', '1017', '1007', 'narrative');
insert into KRIM_PERM_ATTR_DATA_T (ATTR_DATA_ID, OBJ_ID, VER_NBR, PERM_ID, KIM_TYP_ID, KIM_ATTR_DEFN_ID, ATTR_VAL) values ('1013', '5452E94C4F2544BCB0C297D26A3AA3D0', 1, '1010', '1017', '13', 'ProposalDevelopmentDocument');
insert into KRIM_PERM_ATTR_DATA_T (ATTR_DATA_ID, OBJ_ID, VER_NBR, PERM_ID, KIM_TYP_ID, KIM_ATTR_DEFN_ID, ATTR_VAL) values ('1014', 'DAC6DFBAB91E4570A7448E1431F1A34A', 1, '1011', '1017', '1007', 'proposal_permissions');
insert into KRIM_PERM_ATTR_DATA_T (ATTR_DATA_ID, OBJ_ID, VER_NBR, PERM_ID, KIM_TYP_ID, KIM_ATTR_DEFN_ID, ATTR_VAL) values ('1015', 'F430E3B15CC04E6C9D250394E4EC13F0', 1, '1011', '1017', '13', 'ProposalDevelopmentDocument');
insert into KRIM_PERM_ATTR_DATA_T (ATTR_DATA_ID, OBJ_ID, VER_NBR, PERM_ID, KIM_TYP_ID, KIM_ATTR_DEFN_ID, ATTR_VAL) values ('1016', 'B17BDA348E184262A8D2F5E1C8F95F01', 1, '1012', '1017', '1007', 'protocol');
insert into KRIM_PERM_ATTR_DATA_T (ATTR_DATA_ID, OBJ_ID, VER_NBR, PERM_ID, KIM_TYP_ID, KIM_ATTR_DEFN_ID, ATTR_VAL) values ('1017', '8A6E7C9BB5304EB08D4AF6441D9A599D', 1, '1012', '1017', '13', 'ProtocolDocument');
insert into KRIM_PERM_ATTR_DATA_T (ATTR_DATA_ID, OBJ_ID, VER_NBR, PERM_ID, KIM_TYP_ID, KIM_ATTR_DEFN_ID, ATTR_VAL) values ('1018', 'CAE0E7473D5F4F70B4D053F7DACAE0B2', 1, '1013', '1017', '1007', 'protocol_permissions');
insert into KRIM_PERM_ATTR_DATA_T (ATTR_DATA_ID, OBJ_ID, VER_NBR, PERM_ID, KIM_TYP_ID, KIM_ATTR_DEFN_ID, ATTR_VAL) values ('1019', '5D51FA0B6E4F4710B5079674A29E7CF9', 1, '1013', '1017', '13', 'ProtocolDocument');
insert into KRIM_PERM_ATTR_DATA_T (ATTR_DATA_ID, OBJ_ID, VER_NBR, PERM_ID, KIM_TYP_ID, KIM_ATTR_DEFN_ID, ATTR_VAL) values ('1020', '0DEF4890656546D9BE8A6C7D124A8742', 1, '1014', '1017', '1007', 'committee');
insert into KRIM_PERM_ATTR_DATA_T (ATTR_DATA_ID, OBJ_ID, VER_NBR, PERM_ID, KIM_TYP_ID, KIM_ATTR_DEFN_ID, ATTR_VAL) values ('1021', 'C4981CB4A8EA4352A1102062F221D976', 1, '1014', '1017', '13', 'CommitteeDocument');
insert into KRIM_PERM_ATTR_DATA_T (ATTR_DATA_ID, OBJ_ID, VER_NBR, PERM_ID, KIM_TYP_ID, KIM_ATTR_DEFN_ID, ATTR_VAL) values ('1022', '1CC3B402D77949EEAC82DB5F231AAC9B', 1, '1015', '1017', '1007', 'schedule');
insert into KRIM_PERM_ATTR_DATA_T (ATTR_DATA_ID, OBJ_ID, VER_NBR, PERM_ID, KIM_TYP_ID, KIM_ATTR_DEFN_ID, ATTR_VAL) values ('1023', '6C5EFCA3B2F94610857884BE56343651', 1, '1015', '1017', '13', 'CommitteeDocument');
insert into KRIM_PERM_ATTR_DATA_T (ATTR_DATA_ID, OBJ_ID, VER_NBR, PERM_ID, KIM_TYP_ID, KIM_ATTR_DEFN_ID, ATTR_VAL) values ('1024', 'CA592F6C99634653B544C0176FDB030D', 1, '1016', '1017', '1007', 'members');
insert into KRIM_PERM_ATTR_DATA_T (ATTR_DATA_ID, OBJ_ID, VER_NBR, PERM_ID, KIM_TYP_ID, KIM_ATTR_DEFN_ID, ATTR_VAL) values ('1025', 'A040B83FF0664C919C48D74A2BA27573', 1, '1016', '1017', '13', 'CommitteeDocument');
insert into KRIM_PERM_ATTR_DATA_T (ATTR_DATA_ID, OBJ_ID, VER_NBR, PERM_ID, KIM_TYP_ID, KIM_ATTR_DEFN_ID, ATTR_VAL) values ('1026', '72CCC9B8697B42C08E6E66CEF4D377F4', 1, '1017', '1017', '1007', 'minutes');
insert into KRIM_PERM_ATTR_DATA_T (ATTR_DATA_ID, OBJ_ID, VER_NBR, PERM_ID, KIM_TYP_ID, KIM_ATTR_DEFN_ID, ATTR_VAL) values ('1027', 'B202216324D946D49F28B6D060AA7B9C', 1, '1017', '1017', '13', 'MeetingManagementDocument');
insert into KRIM_PERM_ATTR_DATA_T (ATTR_DATA_ID, OBJ_ID, VER_NBR, PERM_ID, KIM_TYP_ID, KIM_ATTR_DEFN_ID, ATTR_VAL) values ('1028', '51D5507FBD5545C5A694222D25C94EF8', 1, '1018', '1017', '1007', 'award');
insert into KRIM_PERM_ATTR_DATA_T (ATTR_DATA_ID, OBJ_ID, VER_NBR, PERM_ID, KIM_TYP_ID, KIM_ATTR_DEFN_ID, ATTR_VAL) values ('1029', 'B2DCE016F6DD4CBAA7A7640E0728C397', 1, '1018', '1017', '13', 'AwardDocument');
insert into KRIM_PERM_ATTR_DATA_T (ATTR_DATA_ID, OBJ_ID, VER_NBR, PERM_ID, KIM_TYP_ID, KIM_ATTR_DEFN_ID, ATTR_VAL) values ('1030', 'CCB10D7B2AAA463A9E4C282F6874F331', 1, '1019', '1017', '1007', 'award_budget');
insert into KRIM_PERM_ATTR_DATA_T (ATTR_DATA_ID, OBJ_ID, VER_NBR, PERM_ID, KIM_TYP_ID, KIM_ATTR_DEFN_ID, ATTR_VAL) values ('1031', '6D5CD9FCE0D8401EBE5D4CC884E2DC72', 1, '1019', '1017', '13', 'BudgetDocument');
insert into KRIM_PERM_ATTR_DATA_T (ATTR_DATA_ID, OBJ_ID, VER_NBR, PERM_ID, KIM_TYP_ID, KIM_ATTR_DEFN_ID, ATTR_VAL) values ('1032', 'F171979D76AD4E95A87159809C4092FD', 1, '1020', '1017', '1007', 'attachments');
insert into KRIM_PERM_ATTR_DATA_T (ATTR_DATA_ID, OBJ_ID, VER_NBR, PERM_ID, KIM_TYP_ID, KIM_ATTR_DEFN_ID, ATTR_VAL) values ('1033', '45D0A7B7BE0A4021A8E69F1158DFCF71', 1, '1020', '1017', '13', 'AwardDocument');
insert into KRIM_PERM_ATTR_DATA_T (ATTR_DATA_ID, OBJ_ID, VER_NBR, PERM_ID, KIM_TYP_ID, KIM_ATTR_DEFN_ID, ATTR_VAL) values ('1034', '3AA6216219AD4ABA8CD819307B7E5898', 1, '1021', '1017', '1007', 'proposal');
insert into KRIM_PERM_ATTR_DATA_T (ATTR_DATA_ID, OBJ_ID, VER_NBR, PERM_ID, KIM_TYP_ID, KIM_ATTR_DEFN_ID, ATTR_VAL) values ('1035', '1043A89267E54C8DB23666BF3DA4F0C4', 1, '1021', '1017', '13', 'ProposalDevelopmentDocument');
insert into KRIM_PERM_ATTR_DATA_T (ATTR_DATA_ID, OBJ_ID, VER_NBR, PERM_ID, KIM_TYP_ID, KIM_ATTR_DEFN_ID, ATTR_VAL) values ('1036', '3CBEC6477FDA4AE9A74D71143A88EDA6', 1, '1022', '1017', '1007', 'budget');
insert into KRIM_PERM_ATTR_DATA_T (ATTR_DATA_ID, OBJ_ID, VER_NBR, PERM_ID, KIM_TYP_ID, KIM_ATTR_DEFN_ID, ATTR_VAL) values ('1037', 'D58536B4D97D4ACD960EE51A005DF490', 1, '1022', '1017', '13', 'ProposalDevelopmentDocument');
insert into KRIM_PERM_ATTR_DATA_T (ATTR_DATA_ID, OBJ_ID, VER_NBR, PERM_ID, KIM_TYP_ID, KIM_ATTR_DEFN_ID, ATTR_VAL) values ('1038', '30397F89657F43899D88645E16772280', 1, '1023', '1017', '1007', 'narrative');
insert into KRIM_PERM_ATTR_DATA_T (ATTR_DATA_ID, OBJ_ID, VER_NBR, PERM_ID, KIM_TYP_ID, KIM_ATTR_DEFN_ID, ATTR_VAL) values ('1039', '297F26F77BAE427F8C45BCB076DF227B', 1, '1023', '1017', '13', 'ProposalDevelopmentDocument');
insert into KRIM_PERM_ATTR_DATA_T (ATTR_DATA_ID, OBJ_ID, VER_NBR, PERM_ID, KIM_TYP_ID, KIM_ATTR_DEFN_ID, ATTR_VAL) values ('1040', 'BF8D4B74DD8348F6AA0C75D8CF3BD96F', 1, '1024', '1017', '1007', 'protocol');
insert into KRIM_PERM_ATTR_DATA_T (ATTR_DATA_ID, OBJ_ID, VER_NBR, PERM_ID, KIM_TYP_ID, KIM_ATTR_DEFN_ID, ATTR_VAL) values ('1041', '6FBD6155DE4E4F03A011EC2269AFE119', 1, '1024', '1017', '13', 'ProtocolDocument');
insert into KRIM_PERM_ATTR_DATA_T (ATTR_DATA_ID, OBJ_ID, VER_NBR, PERM_ID, KIM_TYP_ID, KIM_ATTR_DEFN_ID, ATTR_VAL) values ('1042', '24AB8C56B75048B796B82D0AFC9B4048', 1, '1025', '1017', '1007', 'minutes');
insert into KRIM_PERM_ATTR_DATA_T (ATTR_DATA_ID, OBJ_ID, VER_NBR, PERM_ID, KIM_TYP_ID, KIM_ATTR_DEFN_ID, ATTR_VAL) values ('1043', '5EF948D242C845558A023880EEE27431', 1, '1025', '1017', '13', 'MeetingManagementDocument');
insert into KRIM_PERM_ATTR_DATA_T (ATTR_DATA_ID, OBJ_ID, VER_NBR, PERM_ID, KIM_TYP_ID, KIM_ATTR_DEFN_ID, ATTR_VAL) values ('1044', '042929D275D74FF09CD2EE77503599D5', 1, '1026', '1017', '1007', 'committee');
insert into KRIM_PERM_ATTR_DATA_T (ATTR_DATA_ID, OBJ_ID, VER_NBR, PERM_ID, KIM_TYP_ID, KIM_ATTR_DEFN_ID, ATTR_VAL) values ('1045', 'D44B17FC155E445883C5F1F92F47DBDA', 1, '1026', '1017', '13', 'CommitteeDocument');
insert into KRIM_PERM_ATTR_DATA_T (ATTR_DATA_ID, OBJ_ID, VER_NBR, PERM_ID, KIM_TYP_ID, KIM_ATTR_DEFN_ID, ATTR_VAL) values ('1046', 'DF476A4DCD88472F8011E1B181270EEA', 1, '1027', '1017', '1007', 'schedule');
insert into KRIM_PERM_ATTR_DATA_T (ATTR_DATA_ID, OBJ_ID, VER_NBR, PERM_ID, KIM_TYP_ID, KIM_ATTR_DEFN_ID, ATTR_VAL) values ('1047', 'BB9D4E1EDF074412A3597F2D4A656AB9', 1, '1027', '1017', '13', 'CommitteeDocument');
insert into KRIM_PERM_ATTR_DATA_T (ATTR_DATA_ID, OBJ_ID, VER_NBR, PERM_ID, KIM_TYP_ID, KIM_ATTR_DEFN_ID, ATTR_VAL) values ('1048', '3796E298F1D64EBE8B2C2B4EB904FE64', 1, '1028', '1017', '1007', 'agenda');
insert into KRIM_PERM_ATTR_DATA_T (ATTR_DATA_ID, OBJ_ID, VER_NBR, PERM_ID, KIM_TYP_ID, KIM_ATTR_DEFN_ID, ATTR_VAL) values ('1049', '07B8F1C2F2AA416982D33211C77101B0', 1, '1028', '1017', '13', 'MeetingManagementDocument');
insert into KRIM_PERM_ATTR_DATA_T (ATTR_DATA_ID, OBJ_ID, VER_NBR, PERM_ID, KIM_TYP_ID, KIM_ATTR_DEFN_ID, ATTR_VAL) values ('1050', '8C991D1756E54724A7A37EE7586F5FC9', 1, '1029', '1017', '1007', 'award');
insert into KRIM_PERM_ATTR_DATA_T (ATTR_DATA_ID, OBJ_ID, VER_NBR, PERM_ID, KIM_TYP_ID, KIM_ATTR_DEFN_ID, ATTR_VAL) values ('1051', 'EB75B8752F64418D9E57BAB6ACD1FC6D', 1, '1029', '1017', '13', 'AwardDocument');
insert into KRIM_PERM_ATTR_DATA_T (ATTR_DATA_ID, OBJ_ID, VER_NBR, PERM_ID, KIM_TYP_ID, KIM_ATTR_DEFN_ID, ATTR_VAL) values ('1052', '36A4415D0FE74179B9B34C0FBBF5F5F8', 1, '1030', '1017', '1007', 'award_budget');
insert into KRIM_PERM_ATTR_DATA_T (ATTR_DATA_ID, OBJ_ID, VER_NBR, PERM_ID, KIM_TYP_ID, KIM_ATTR_DEFN_ID, ATTR_VAL) values ('1053', '23FA33ECB83E4EB7A7A8FA2A85696CC9', 1, '1030', '1017', '13', 'BudgetDocument');
insert into KRIM_PERM_ATTR_DATA_T (ATTR_DATA_ID, OBJ_ID, VER_NBR, PERM_ID, KIM_TYP_ID, KIM_ATTR_DEFN_ID, ATTR_VAL) values ('1054', '181C18D45839440FA08CEB893BEBDF57', 1, '1031', '1017', '1007', 'attachments');
insert into KRIM_PERM_ATTR_DATA_T (ATTR_DATA_ID, OBJ_ID, VER_NBR, PERM_ID, KIM_TYP_ID, KIM_ATTR_DEFN_ID, ATTR_VAL) values ('1055', 'EC8CADEA6E644C419EDAD02E843BF910', 1, '1031', '1017', '13', 'AwardDocument');
insert into KRIM_PERM_ATTR_DATA_T (ATTR_DATA_ID, OBJ_ID, VER_NBR, PERM_ID, KIM_TYP_ID, KIM_ATTR_DEFN_ID, ATTR_VAL) values ('1056', '651C958E172749B7B098C6AC30DCD0A1', 1, '1032', '1018', '1008', 'alter_master_data');
insert into KRIM_PERM_ATTR_DATA_T (ATTR_DATA_ID, OBJ_ID, VER_NBR, PERM_ID, KIM_TYP_ID, KIM_ATTR_DEFN_ID, ATTR_VAL) values ('1057', 'BA381972519D4230A24FC38D903BD24D', 1, '1032', '1018', '13', 'ProposalDevelopmentDocument');
insert into KRIM_PERM_ATTR_DATA_T (ATTR_DATA_ID, OBJ_ID, VER_NBR, PERM_ID, KIM_TYP_ID, KIM_ATTR_DEFN_ID, ATTR_VAL) values ('1058', '83FECF9963CB480B81AA6685DB4FD584', 1, '1033', '1018', '1008', 'print');
insert into KRIM_PERM_ATTR_DATA_T (ATTR_DATA_ID, OBJ_ID, VER_NBR, PERM_ID, KIM_TYP_ID, KIM_ATTR_DEFN_ID, ATTR_VAL) values ('1059', 'B73FB9A8E87846D2900F58AC68EFA52D', 1, '1033', '1018', '13', 'ProposalDevelopmentDocument');
insert into KRIM_PERM_ATTR_DATA_T (ATTR_DATA_ID, OBJ_ID, VER_NBR, PERM_ID, KIM_TYP_ID, KIM_ATTR_DEFN_ID, ATTR_VAL) values ('1060', '425207170A034D739CB2A60A06B212BC', 1, '1034', '1018', '1008', 'certify');
insert into KRIM_PERM_ATTR_DATA_T (ATTR_DATA_ID, OBJ_ID, VER_NBR, PERM_ID, KIM_TYP_ID, KIM_ATTR_DEFN_ID, ATTR_VAL) values ('1061', '65B69FC857DE4883B9C15849187EBFB9', 1, '1034', '1018', '13', 'ProposalDevelopmentDocument');
insert into KRIM_PERM_ATTR_DATA_T (ATTR_DATA_ID, OBJ_ID, VER_NBR, PERM_ID, KIM_TYP_ID, KIM_ATTR_DEFN_ID, ATTR_VAL) values ('1062', 'D6AB414C556E4D148079A72DCA12B4AD', 1, '1035', '1018', '1008', 'submit_to_sponsor');
insert into KRIM_PERM_ATTR_DATA_T (ATTR_DATA_ID, OBJ_ID, VER_NBR, PERM_ID, KIM_TYP_ID, KIM_ATTR_DEFN_ID, ATTR_VAL) values ('1063', '939E2468ED1D4CF9AD2FB06E73E7FE1F', 1, '1035', '1018', '13', 'ProposalDevelopmentDocument');
insert into KRIM_PERM_ATTR_DATA_T (ATTR_DATA_ID, OBJ_ID, VER_NBR, PERM_ID, KIM_TYP_ID, KIM_ATTR_DEFN_ID, ATTR_VAL) values ('1064', 'FD4FEBF82084471EA0631F65598FB8FC', 1, '1036', '1018', '1008', 'add_viewer');
insert into KRIM_PERM_ATTR_DATA_T (ATTR_DATA_ID, OBJ_ID, VER_NBR, PERM_ID, KIM_TYP_ID, KIM_ATTR_DEFN_ID, ATTR_VAL) values ('1065', 'E2FA2FA1CB664D94858A47CD0AF252E3', 1, '1036', '1018', '13', 'ProposalDevelopmentDocument');
insert into KRIM_PERM_ATTR_DATA_T (ATTR_DATA_ID, OBJ_ID, VER_NBR, PERM_ID, KIM_TYP_ID, KIM_ATTR_DEFN_ID, ATTR_VAL) values ('1066', '1AF3FAF8DB0B4DEB90FCC13D84C70702', 1, '1037', '1018', '1008', 'create_ammendment');
insert into KRIM_PERM_ATTR_DATA_T (ATTR_DATA_ID, OBJ_ID, VER_NBR, PERM_ID, KIM_TYP_ID, KIM_ATTR_DEFN_ID, ATTR_VAL) values ('1067', 'EEE8DE50BD5B4CC5BF5212DDDB77FEE3', 1, '1037', '1018', '13', 'ProtocolDocument');
insert into KRIM_PERM_ATTR_DATA_T (ATTR_DATA_ID, OBJ_ID, VER_NBR, PERM_ID, KIM_TYP_ID, KIM_ATTR_DEFN_ID, ATTR_VAL) values ('1068', 'FEDC1874591C47FCAE30FA3C58C4E3A5', 1, '1038', '1018', '1008', 'create_renewal');
insert into KRIM_PERM_ATTR_DATA_T (ATTR_DATA_ID, OBJ_ID, VER_NBR, PERM_ID, KIM_TYP_ID, KIM_ATTR_DEFN_ID, ATTR_VAL) values ('1069', '5CE3D0126C254EB3B3BAB689410DDCAC', 1, '1038', '1018', '13', 'ProtocolDocument');
insert into KRIM_PERM_ATTR_DATA_T (ATTR_DATA_ID, OBJ_ID, VER_NBR, PERM_ID, KIM_TYP_ID, KIM_ATTR_DEFN_ID, ATTR_VAL) values ('1070', 'F795DC5205524D3589424C180BB585B5', 1, '1039', '1018', '1008', 'admin_correction');
insert into KRIM_PERM_ATTR_DATA_T (ATTR_DATA_ID, OBJ_ID, VER_NBR, PERM_ID, KIM_TYP_ID, KIM_ATTR_DEFN_ID, ATTR_VAL) values ('1071', '936B92C5D4CF4C3CA152D59FD81C60CC', 1, '1039', '1018', '13', 'ProtocolDocument');
insert into KRIM_PERM_ATTR_DATA_T (ATTR_DATA_ID, OBJ_ID, VER_NBR, PERM_ID, KIM_TYP_ID, KIM_ATTR_DEFN_ID, ATTR_VAL) values ('1072', 'B95466D4CCE74584AEC26515F81DB866', 1, '1040', '1018', '1008', 'modify_submission_details');
insert into KRIM_PERM_ATTR_DATA_T (ATTR_DATA_ID, OBJ_ID, VER_NBR, PERM_ID, KIM_TYP_ID, KIM_ATTR_DEFN_ID, ATTR_VAL) values ('1073', 'CA7E0F9FF8FF46F09CD12DC58C99135C', 1, '1040', '1018', '13', 'ProtocolDocument');
insert into KRIM_PERM_ATTR_DATA_T (ATTR_DATA_ID, OBJ_ID, VER_NBR, PERM_ID, KIM_TYP_ID, KIM_ATTR_DEFN_ID, ATTR_VAL) values ('1074', '5212EF26E9CE47C98B7617C784FF73EA', 1, '1041', '1018', '1008', 'notes');
insert into KRIM_PERM_ATTR_DATA_T (ATTR_DATA_ID, OBJ_ID, VER_NBR, PERM_ID, KIM_TYP_ID, KIM_ATTR_DEFN_ID, ATTR_VAL) values ('1075', '3FB94077CDAA40AC8AD5EB8CEF2C9707', 1, '1041', '1018', '13', 'ProtocolDocument');
insert into KRIM_PERM_ATTR_DATA_T (ATTR_DATA_ID, OBJ_ID, VER_NBR, PERM_ID, KIM_TYP_ID, KIM_ATTR_DEFN_ID, ATTR_VAL) values ('1076', '9C5F22CE08214664A5CF90C9FCDE6FE7', 1, '1042', '1018', '1008', 'view_restricted_notes');
insert into KRIM_PERM_ATTR_DATA_T (ATTR_DATA_ID, OBJ_ID, VER_NBR, PERM_ID, KIM_TYP_ID, KIM_ATTR_DEFN_ID, ATTR_VAL) values ('1077', '83DE56292B2B4D8884A41FA85049E058', 1, '1042', '1018', '13', 'ProtocolDocument');
insert into KRIM_PERM_ATTR_DATA_T (ATTR_DATA_ID, OBJ_ID, VER_NBR, PERM_ID, KIM_TYP_ID, KIM_ATTR_DEFN_ID, ATTR_VAL) values ('1078', '059109D1270F404590610DC07F618FFC', 1, '1043', '1018', '1008', 'generate_agenda');
insert into KRIM_PERM_ATTR_DATA_T (ATTR_DATA_ID, OBJ_ID, VER_NBR, PERM_ID, KIM_TYP_ID, KIM_ATTR_DEFN_ID, ATTR_VAL) values ('1079', '012DB09FC01A4AD5BBFC628742A48A3E', 1, '1043', '1018', '13', 'MeetingManagementDocument');
insert into KRIM_PERM_ATTR_DATA_T (ATTR_DATA_ID, OBJ_ID, VER_NBR, PERM_ID, KIM_TYP_ID, KIM_ATTR_DEFN_ID, ATTR_VAL) values ('1080', '175201A21CEB49F5BE66EBDF6B7431B2', 1, '1044', '1018', '1008', 'generate_minutes');
insert into KRIM_PERM_ATTR_DATA_T (ATTR_DATA_ID, OBJ_ID, VER_NBR, PERM_ID, KIM_TYP_ID, KIM_ATTR_DEFN_ID, ATTR_VAL) values ('1081', 'D5F27F8BC0E042FCAE47B2376046374A', 1, '1044', '1018', '13', 'MeetingManagementDocument');
insert into KRIM_PERM_ATTR_DATA_T (ATTR_DATA_ID, OBJ_ID, VER_NBR, PERM_ID, KIM_TYP_ID, KIM_ATTR_DEFN_ID, ATTR_VAL) values ('1082', '046A3A9878C849AF851BE70C03E95D2D', 1, '1045', '1018', '1008', 'generate_schedule');
insert into KRIM_PERM_ATTR_DATA_T (ATTR_DATA_ID, OBJ_ID, VER_NBR, PERM_ID, KIM_TYP_ID, KIM_ATTR_DEFN_ID, ATTR_VAL) values ('1083', '3E9805D2EFDC48A3A7C59457924DF5DD', 1, '1045', '1018', '13', 'CommitteeDocument');
insert into KRIM_PERM_ATTR_DATA_T (ATTR_DATA_ID, OBJ_ID, VER_NBR, PERM_ID, KIM_TYP_ID, KIM_ATTR_DEFN_ID, ATTR_VAL) values ('1084', '7AB4C2703EFF42D692EF68AAE73DF63C', 1, '1046', '1018', '1008', 'view_member_details');
insert into KRIM_PERM_ATTR_DATA_T (ATTR_DATA_ID, OBJ_ID, VER_NBR, PERM_ID, KIM_TYP_ID, KIM_ATTR_DEFN_ID, ATTR_VAL) values ('1085', '73477EA5A6AC4CA4BB1FF01D320084E9', 1, '1046', '1018', '13', 'CommitteeDocument');
insert into KRIM_PERM_ATTR_DATA_T (ATTR_DATA_ID, OBJ_ID, VER_NBR, PERM_ID, KIM_TYP_ID, KIM_ATTR_DEFN_ID, ATTR_VAL) values ('1086', '65052A3A24424C558A22BDD4AD8D80EA', 1, '1047', '1018', '1008', 'post_award_budget');
insert into KRIM_PERM_ATTR_DATA_T (ATTR_DATA_ID, OBJ_ID, VER_NBR, PERM_ID, KIM_TYP_ID, KIM_ATTR_DEFN_ID, ATTR_VAL) values ('1087', '5F9FB7380FFD467AA2957BC234A7463F', 1, '1047', '1018', '13', 'BudgetDocument');
insert into KRIM_PERM_ATTR_DATA_T (ATTR_DATA_ID, OBJ_ID, VER_NBR, PERM_ID, KIM_TYP_ID, KIM_ATTR_DEFN_ID, ATTR_VAL) values ('1088', '520C8800A45A46E6855721C16EC7A574', 1, '1048', '1018', '13', 'ProtocolDocument');
insert into KRIM_PERM_ATTR_DATA_T (ATTR_DATA_ID, OBJ_ID, VER_NBR, PERM_ID, KIM_TYP_ID, KIM_ATTR_DEFN_ID, ATTR_VAL) values ('1089', 'EFEE62BB345F4C1CA2F014EF5556F371', 1, '1049', '1018', '13', 'ProposalDevelopmentDocument');
insert into KRIM_PERM_ATTR_DATA_T (ATTR_DATA_ID, OBJ_ID, VER_NBR, PERM_ID, KIM_TYP_ID, KIM_ATTR_DEFN_ID, ATTR_VAL) values ('1090', 'D80DC07375D4474D84B0D28EE001CDAB', 1, '1050', '1018', '13', 'ProtocolDocument');
insert into KRIM_PERM_ATTR_DATA_T (ATTR_DATA_ID, OBJ_ID, VER_NBR, PERM_ID, KIM_TYP_ID, KIM_ATTR_DEFN_ID, ATTR_VAL) values ('1091', 'AC50EBC8642943F2ADE85761BC12A0A5', 1, '1051', '1018', '13', 'BudgetDocument');
insert into KRIM_PERM_ATTR_DATA_T (ATTR_DATA_ID, OBJ_ID, VER_NBR, PERM_ID, KIM_TYP_ID, KIM_ATTR_DEFN_ID, ATTR_VAL) values ('1092', '77BC20590A4F319DE0404F8189D80DB4', 1, '1199', '3', '13', 'QuestionMaintenanceDocument');
insert into KRIM_PERM_ATTR_DATA_T (ATTR_DATA_ID, OBJ_ID, VER_NBR, PERM_ID, KIM_TYP_ID, KIM_ATTR_DEFN_ID, ATTR_VAL) values ('1093', '77BC20590A52319DE0404F8189D80DB4', 1, '1200', '3', '13', 'QuestionMaintenanceDocument');
insert into KRIM_PERM_ATTR_DATA_T (ATTR_DATA_ID, OBJ_ID, VER_NBR, PERM_ID, KIM_TYP_ID, KIM_ATTR_DEFN_ID, ATTR_VAL) values ('181', '5B4F09744A25EF33E0404F8189D84F24', 1, '140', '12', '2', 'org.kuali.rice.kew.documentoperation.web.DocumentOperationAction');
insert into KRIM_PERM_ATTR_DATA_T (ATTR_DATA_ID, OBJ_ID, VER_NBR, PERM_ID, KIM_TYP_ID, KIM_ATTR_DEFN_ID, ATTR_VAL) values ('183', '5B4F09744A27EF33E0404F8189D84F24', 1, '141', '12', '2', 'org.kuali.rice.ksb.security.admin.web.JavaSecurityManagementAction');
insert into KRIM_PERM_ATTR_DATA_T (ATTR_DATA_ID, OBJ_ID, VER_NBR, PERM_ID, KIM_TYP_ID, KIM_ATTR_DEFN_ID, ATTR_VAL) values ('185', '5B4F09744A29EF33E0404F8189D84F24', 1, '142', '12', '2', 'org.kuali.rice.ksb.messaging.web.MessageQueueAction');
insert into KRIM_PERM_ATTR_DATA_T (ATTR_DATA_ID, OBJ_ID, VER_NBR, PERM_ID, KIM_TYP_ID, KIM_ATTR_DEFN_ID, ATTR_VAL) values ('187', '5B4F09744A2BEF33E0404F8189D84F24', 1, '143', '12', '2', 'org.kuali.rice.ksb.messaging.web.ServiceRegistryAction');
insert into KRIM_PERM_ATTR_DATA_T (ATTR_DATA_ID, OBJ_ID, VER_NBR, PERM_ID, KIM_TYP_ID, KIM_ATTR_DEFN_ID, ATTR_VAL) values ('189', '5B4F09744A2DEF33E0404F8189D84F24', 1, '144', '12', '2', 'org.kuali.rice.ksb.messaging.web.ThreadPoolAction');
insert into KRIM_PERM_ATTR_DATA_T (ATTR_DATA_ID, OBJ_ID, VER_NBR, PERM_ID, KIM_TYP_ID, KIM_ATTR_DEFN_ID, ATTR_VAL) values ('191', '5B4F09744A2FEF33E0404F8189D84F24', 1, '145', '12', '2', 'org.kuali.rice.ksb.messaging.web.QuartzQueueAction');
insert into KRIM_PERM_ATTR_DATA_T (ATTR_DATA_ID, OBJ_ID, VER_NBR, PERM_ID, KIM_TYP_ID, KIM_ATTR_DEFN_ID, ATTR_VAL) values ('193', '5B4F09744A31EF33E0404F8189D84F24', 1, '147', '3', '13', 'RiceDocument');
insert into KRIM_PERM_ATTR_DATA_T (ATTR_DATA_ID, OBJ_ID, VER_NBR, PERM_ID, KIM_TYP_ID, KIM_ATTR_DEFN_ID, ATTR_VAL) values ('194', '5B4F09744A32EF33E0404F8189D84F24', 1, '148', '3', '13', 'RiceDocument');
insert into KRIM_PERM_ATTR_DATA_T (ATTR_DATA_ID, OBJ_ID, VER_NBR, PERM_ID, KIM_TYP_ID, KIM_ATTR_DEFN_ID, ATTR_VAL) values ('195', '5B4F09744A33EF33E0404F8189D84F24', 1, '149', '3', '13', 'RiceDocument');
insert into KRIM_PERM_ATTR_DATA_T (ATTR_DATA_ID, OBJ_ID, VER_NBR, PERM_ID, KIM_TYP_ID, KIM_ATTR_DEFN_ID, ATTR_VAL) values ('196', '5B4F09744A34EF33E0404F8189D84F24', 1, '150', '18', '4', 'KR*');
insert into KRIM_PERM_ATTR_DATA_T (ATTR_DATA_ID, OBJ_ID, VER_NBR, PERM_ID, KIM_TYP_ID, KIM_ATTR_DEFN_ID, ATTR_VAL) values ('197', '5B4F09744A35EF33E0404F8189D84F24', 1, '151', '19', '4', 'KR*');
insert into KRIM_PERM_ATTR_DATA_T (ATTR_DATA_ID, OBJ_ID, VER_NBR, PERM_ID, KIM_TYP_ID, KIM_ATTR_DEFN_ID, ATTR_VAL) values ('198', '5B4F09744A36EF33E0404F8189D84F24', 1, '152', '20', '4', 'KR*');
insert into KRIM_PERM_ATTR_DATA_T (ATTR_DATA_ID, OBJ_ID, VER_NBR, PERM_ID, KIM_TYP_ID, KIM_ATTR_DEFN_ID, ATTR_VAL) values ('199', '5B4F09744A37EF33E0404F8189D84F24', 1, '153', '22', '17', 'Person');
insert into KRIM_PERM_ATTR_DATA_T (ATTR_DATA_ID, OBJ_ID, VER_NBR, PERM_ID, KIM_TYP_ID, KIM_ATTR_DEFN_ID, ATTR_VAL) values ('200', '5B4F09744A38EF33E0404F8189D84F24', 1, '154', '22', '17', 'System');
insert into KRIM_PERM_ATTR_DATA_T (ATTR_DATA_ID, OBJ_ID, VER_NBR, PERM_ID, KIM_TYP_ID, KIM_ATTR_DEFN_ID, ATTR_VAL) values ('201', '5B4F09744A39EF33E0404F8189D84F24', 1, '155', '21', '4', 'KR*');
insert into KRIM_PERM_ATTR_DATA_T (ATTR_DATA_ID, OBJ_ID, VER_NBR, PERM_ID, KIM_TYP_ID, KIM_ATTR_DEFN_ID, ATTR_VAL) values ('211', '5B4F09744A43EF33E0404F8189D84F24', 1, '161', '10', '4', 'KR*');
insert into KRIM_PERM_ATTR_DATA_T (ATTR_DATA_ID, OBJ_ID, VER_NBR, PERM_ID, KIM_TYP_ID, KIM_ATTR_DEFN_ID, ATTR_VAL) values ('213', '5B4F09744A45EF33E0404F8189D84F24', 1, '162', '10', '4', 'KR*');
insert into KRIM_PERM_ATTR_DATA_T (ATTR_DATA_ID, OBJ_ID, VER_NBR, PERM_ID, KIM_TYP_ID, KIM_ATTR_DEFN_ID, ATTR_VAL) values ('204', '5B4F09744A39EF33E0404F8189D84F26', 1, '834', '18', '4', 'KUALI');
insert into KRIM_PERM_ATTR_DATA_T (ATTR_DATA_ID, OBJ_ID, VER_NBR, PERM_ID, KIM_TYP_ID, KIM_ATTR_DEFN_ID, ATTR_VAL) values ('216', '5B4F09744A48EF33E0404F8189D84F24', 1, '163', '16', '4', 'KR*');
insert into KRIM_PERM_ATTR_DATA_T (ATTR_DATA_ID, OBJ_ID, VER_NBR, PERM_ID, KIM_TYP_ID, KIM_ATTR_DEFN_ID, ATTR_VAL) values ('217', '5B4F09744A49EF33E0404F8189D84F24', 1, '164', '15', '4', 'KR*');
insert into KRIM_PERM_ATTR_DATA_T (ATTR_DATA_ID, OBJ_ID, VER_NBR, PERM_ID, KIM_TYP_ID, KIM_ATTR_DEFN_ID, ATTR_VAL) values ('218', '5B4F09744A4AEF33E0404F8189D84F24', 1, '165', '3', '13', 'RiceDocument');
insert into KRIM_PERM_ATTR_DATA_T (ATTR_DATA_ID, OBJ_ID, VER_NBR, PERM_ID, KIM_TYP_ID, KIM_ATTR_DEFN_ID, ATTR_VAL) values ('219', '5B4F09744A4BEF33E0404F8189D84F24', 1, '166', '12', '4', 'KR*');
insert into KRIM_PERM_ATTR_DATA_T (ATTR_DATA_ID, OBJ_ID, VER_NBR, PERM_ID, KIM_TYP_ID, KIM_ATTR_DEFN_ID, ATTR_VAL) values ('220', '5B4F09744A4CEF33E0404F8189D84F24', 1, '167', '8', '13', 'KualiDocument');
insert into KRIM_PERM_ATTR_DATA_T (ATTR_DATA_ID, OBJ_ID, VER_NBR, PERM_ID, KIM_TYP_ID, KIM_ATTR_DEFN_ID, ATTR_VAL) values ('221', '5B4F09744A4DEF33E0404F8189D84F24', 1, '168', '3', '13', 'KualiDocument');
insert into KRIM_PERM_ATTR_DATA_T (ATTR_DATA_ID, OBJ_ID, VER_NBR, PERM_ID, KIM_TYP_ID, KIM_ATTR_DEFN_ID, ATTR_VAL) values ('222', '5B4F09744A4EEF33E0404F8189D84F24', 1, '290', '8', '13', 'RiceDocument');
insert into KRIM_PERM_ATTR_DATA_T (ATTR_DATA_ID, OBJ_ID, VER_NBR, PERM_ID, KIM_TYP_ID, KIM_ATTR_DEFN_ID, ATTR_VAL) values ('223', '5B4F09744A4FEF33E0404F8189D84F24', 1, '170', '4', '14', 'A');
insert into KRIM_PERM_ATTR_DATA_T (ATTR_DATA_ID, OBJ_ID, VER_NBR, PERM_ID, KIM_TYP_ID, KIM_ATTR_DEFN_ID, ATTR_VAL) values ('225', '5B4F09744A51EF33E0404F8189D84F24', 1, '172', '4', '14', 'F');
insert into KRIM_PERM_ATTR_DATA_T (ATTR_DATA_ID, OBJ_ID, VER_NBR, PERM_ID, KIM_TYP_ID, KIM_ATTR_DEFN_ID, ATTR_VAL) values ('226', '5B4F09744A52EF33E0404F8189D84F24', 1, '173', '4', '14', 'K');
insert into KRIM_PERM_ATTR_DATA_T (ATTR_DATA_ID, OBJ_ID, VER_NBR, PERM_ID, KIM_TYP_ID, KIM_ATTR_DEFN_ID, ATTR_VAL) values ('237', '5B4F09744A5DEF33E0404F8189D84F24', 1, '180', '8', '13', 'KualiDocument');
insert into KRIM_PERM_ATTR_DATA_T (ATTR_DATA_ID, OBJ_ID, VER_NBR, PERM_ID, KIM_TYP_ID, KIM_ATTR_DEFN_ID, ATTR_VAL) values ('238', '5B4F09744A5EEF33E0404F8189D84F24', 1, '180', '8', '16', 'PreRoute');
insert into KRIM_PERM_ATTR_DATA_T (ATTR_DATA_ID, OBJ_ID, VER_NBR, PERM_ID, KIM_TYP_ID, KIM_ATTR_DEFN_ID, ATTR_VAL) values ('239', '5B4F09744A5FEF33E0404F8189D84F24', 1, '181', '8', '13', 'KualiDocument');
insert into KRIM_PERM_ATTR_DATA_T (ATTR_DATA_ID, OBJ_ID, VER_NBR, PERM_ID, KIM_TYP_ID, KIM_ATTR_DEFN_ID, ATTR_VAL) values ('240', '5B4F09744A60EF33E0404F8189D84F24', 1, '181', '8', '15', 'R');
insert into KRIM_PERM_ATTR_DATA_T (ATTR_DATA_ID, OBJ_ID, VER_NBR, PERM_ID, KIM_TYP_ID, KIM_ATTR_DEFN_ID, ATTR_VAL) values ('243', '5B4F09744A63EF33E0404F8189D84F24', 1, '183', '11', '5', 'KimPrincipalImpl');
insert into KRIM_PERM_ATTR_DATA_T (ATTR_DATA_ID, OBJ_ID, VER_NBR, PERM_ID, KIM_TYP_ID, KIM_ATTR_DEFN_ID, ATTR_VAL) values ('244', '5B4F09744A64EF33E0404F8189D84F24', 1, '183', '11', '6', 'password');
insert into KRIM_PERM_ATTR_DATA_T (ATTR_DATA_ID, OBJ_ID, VER_NBR, PERM_ID, KIM_TYP_ID, KIM_ATTR_DEFN_ID, ATTR_VAL) values ('249', '5B6013B3AD121A9CE0404F8189D87094', 1, '167', '8', '16', 'PreRoute');
insert into KRIM_PERM_ATTR_DATA_T (ATTR_DATA_ID, OBJ_ID, VER_NBR, PERM_ID, KIM_TYP_ID, KIM_ATTR_DEFN_ID, ATTR_VAL) values ('376', '606763510FC496D3E0404F8189D857A2', 1, '259', '9', '13', 'KualiDocument');
insert into KRIM_PERM_ATTR_DATA_T (ATTR_DATA_ID, OBJ_ID, VER_NBR, PERM_ID, KIM_TYP_ID, KIM_ATTR_DEFN_ID, ATTR_VAL) values ('379', '606763510FC796D3E0404F8189D857A2', 1, '261', '9', '13', 'KualiDocument');
insert into KRIM_PERM_ATTR_DATA_T (ATTR_DATA_ID, OBJ_ID, VER_NBR, PERM_ID, KIM_TYP_ID, KIM_ATTR_DEFN_ID, ATTR_VAL) values ('384', '606763510FCE96D3E0404F8189D857A2', 1, '264', '59', '13', 'RiceDocument');
insert into KRIM_PERM_ATTR_DATA_T (ATTR_DATA_ID, OBJ_ID, VER_NBR, PERM_ID, KIM_TYP_ID, KIM_ATTR_DEFN_ID, ATTR_VAL) values ('385', '606763510FCF96D3E0404F8189D857A2', 1, '264', '59', '8', 'false');
insert into KRIM_PERM_ATTR_DATA_T (ATTR_DATA_ID, OBJ_ID, VER_NBR, PERM_ID, KIM_TYP_ID, KIM_ATTR_DEFN_ID, ATTR_VAL) values ('701', 'A207FBACC3764793896D0D769F6DBBFF', 1, '701', '10', '5', 'RuleTemplate');
insert into KRIM_PERM_ATTR_DATA_T (ATTR_DATA_ID, OBJ_ID, VER_NBR, PERM_ID, KIM_TYP_ID, KIM_ATTR_DEFN_ID, ATTR_VAL) values ('702', '37F35D51EE714A8B8A66802F89626C50', 1, '702', '10', '5', 'EDocLiteStyle');
insert into KRIM_PERM_ATTR_DATA_T (ATTR_DATA_ID, OBJ_ID, VER_NBR, PERM_ID, KIM_TYP_ID, KIM_ATTR_DEFN_ID, ATTR_VAL) values ('703', '950DE6A28C144A9B87CA2CFD9FF337C8', 1, '703', '10', '5', 'EDocLiteDefinition');
insert into KRIM_PERM_ATTR_DATA_T (ATTR_DATA_ID, OBJ_ID, VER_NBR, PERM_ID, KIM_TYP_ID, KIM_ATTR_DEFN_ID, ATTR_VAL) values ('707', 'D270B9BA7E494507AD0B5D184AB13479', 1, '707', '10', '5', 'RuleAttribute');
insert into KRIM_PERM_ATTR_DATA_T (ATTR_DATA_ID, OBJ_ID, VER_NBR, PERM_ID, KIM_TYP_ID, KIM_ATTR_DEFN_ID, ATTR_VAL) values ('714', '5BEE5EF7C03348D49125B0E87F764F28', 1, '714', '10', '5', 'PessimisticLock');
insert into KRIM_PERM_ATTR_DATA_T (ATTR_DATA_ID, OBJ_ID, VER_NBR, PERM_ID, KIM_TYP_ID, KIM_ATTR_DEFN_ID, ATTR_VAL) values ('719', '45EEFA6F23FD4015B927D1D19F482888', 1, '719', '10', '5', 'ParameterDetailType');
insert into KRIM_PERM_ATTR_DATA_T (ATTR_DATA_ID, OBJ_ID, VER_NBR, PERM_ID, KIM_TYP_ID, KIM_ATTR_DEFN_ID, ATTR_VAL) values ('720', 'FFF2C6639C6041F1B148AA9901C8A1F7', 1, '720', '10', '5', 'ParameterNamespace');
insert into KRIM_PERM_ATTR_DATA_T (ATTR_DATA_ID, OBJ_ID, VER_NBR, PERM_ID, KIM_TYP_ID, KIM_ATTR_DEFN_ID, ATTR_VAL) values ('721', '6D489E39C0BC4890803E3A5F412297BE', 1, '721', '10', '5', 'ParameterType');
insert into KRIM_PERM_ATTR_DATA_T (ATTR_DATA_ID, OBJ_ID, VER_NBR, PERM_ID, KIM_TYP_ID, KIM_ATTR_DEFN_ID, ATTR_VAL) values ('751', 'A3142D53EC1541BE92223181852C37CF', 1, '701', '10', '4', 'KR-WKFLW');
insert into KRIM_PERM_ATTR_DATA_T (ATTR_DATA_ID, OBJ_ID, VER_NBR, PERM_ID, KIM_TYP_ID, KIM_ATTR_DEFN_ID, ATTR_VAL) values ('752', '6250F01B4CA243FCBA64A93FE4EAFE83', 1, '702', '10', '4', 'KR-WKFLW');
insert into KRIM_PERM_ATTR_DATA_T (ATTR_DATA_ID, OBJ_ID, VER_NBR, PERM_ID, KIM_TYP_ID, KIM_ATTR_DEFN_ID, ATTR_VAL) values ('753', 'E0F57E480CF646A585BC92E91AB5FB1D', 1, '703', '10', '4', 'KR-WKFLW');
insert into KRIM_PERM_ATTR_DATA_T (ATTR_DATA_ID, OBJ_ID, VER_NBR, PERM_ID, KIM_TYP_ID, KIM_ATTR_DEFN_ID, ATTR_VAL) values ('757', '266BD230C3AA40EB9FC8079FBB960DF0', 1, '707', '10', '4', 'KR-WKFLW');
insert into KRIM_PERM_ATTR_DATA_T (ATTR_DATA_ID, OBJ_ID, VER_NBR, PERM_ID, KIM_TYP_ID, KIM_ATTR_DEFN_ID, ATTR_VAL) values ('764', '2FF0786F86D845F097688A5F83ACF0A7', 1, '714', '10', '4', 'KR-NS');
insert into KRIM_PERM_ATTR_DATA_T (ATTR_DATA_ID, OBJ_ID, VER_NBR, PERM_ID, KIM_TYP_ID, KIM_ATTR_DEFN_ID, ATTR_VAL) values ('768', '160C75C4C8A3411D8856A50F38487EB2', 1, '719', '10', '4', 'KR-NS');
insert into KRIM_PERM_ATTR_DATA_T (ATTR_DATA_ID, OBJ_ID, VER_NBR, PERM_ID, KIM_TYP_ID, KIM_ATTR_DEFN_ID, ATTR_VAL) values ('769', '992DE7BE4C3C46F8AEDBE7925CBEE6B3', 1, '720', '10', '4', 'KR-NS');
insert into KRIM_PERM_ATTR_DATA_T (ATTR_DATA_ID, OBJ_ID, VER_NBR, PERM_ID, KIM_TYP_ID, KIM_ATTR_DEFN_ID, ATTR_VAL) values ('770', '330AAEB4459F4A34BBF8FECEA9E23404', 1, '721', '10', '4', 'KR-NS');
insert into KRIM_PERM_ATTR_DATA_T (ATTR_DATA_ID, OBJ_ID, VER_NBR, PERM_ID, KIM_TYP_ID, KIM_ATTR_DEFN_ID, ATTR_VAL) values ('800', '606763510FD296D3E0404F8189D857A2', 1, '801', '10', '4', 'KR-WKFLW');
insert into KRIM_PERM_ATTR_DATA_T (ATTR_DATA_ID, OBJ_ID, VER_NBR, PERM_ID, KIM_TYP_ID, KIM_ATTR_DEFN_ID, ATTR_VAL) values ('801', '606763510FD396D3E0404F8189D857A2', 1, '801', '10', '5', 'RuleTemplate');
insert into KRIM_PERM_ATTR_DATA_T (ATTR_DATA_ID, OBJ_ID, VER_NBR, PERM_ID, KIM_TYP_ID, KIM_ATTR_DEFN_ID, ATTR_VAL) values ('802', '606763510FD596D3E0404F8189D857A2', 1, '802', '10', '4', 'KR-WKFLW');
insert into KRIM_PERM_ATTR_DATA_T (ATTR_DATA_ID, OBJ_ID, VER_NBR, PERM_ID, KIM_TYP_ID, KIM_ATTR_DEFN_ID, ATTR_VAL) values ('803', '606763510FD696D3E0404F8189D857A2', 1, '802', '10', '5', 'EDocLiteStyle');
insert into KRIM_PERM_ATTR_DATA_T (ATTR_DATA_ID, OBJ_ID, VER_NBR, PERM_ID, KIM_TYP_ID, KIM_ATTR_DEFN_ID, ATTR_VAL) values ('804', '606763510FD896D3E0404F8189D857A2', 1, '803', '10', '4', 'KR-WKFLW');
insert into KRIM_PERM_ATTR_DATA_T (ATTR_DATA_ID, OBJ_ID, VER_NBR, PERM_ID, KIM_TYP_ID, KIM_ATTR_DEFN_ID, ATTR_VAL) values ('805', '606763510FD996D3E0404F8189D857A2', 1, '803', '10', '5', 'EDocLiteDefinition');
insert into KRIM_PERM_ATTR_DATA_T (ATTR_DATA_ID, OBJ_ID, VER_NBR, PERM_ID, KIM_TYP_ID, KIM_ATTR_DEFN_ID, ATTR_VAL) values ('806', '606763510FDB96D3E0404F8189D857A2', 1, '807', '10', '4', 'KR-WKFLW');
insert into KRIM_PERM_ATTR_DATA_T (ATTR_DATA_ID, OBJ_ID, VER_NBR, PERM_ID, KIM_TYP_ID, KIM_ATTR_DEFN_ID, ATTR_VAL) values ('807', '606763510FDC96D3E0404F8189D857A2', 1, '807', '10', '5', 'RuleAttribute');
insert into KRIM_PERM_ATTR_DATA_T (ATTR_DATA_ID, OBJ_ID, VER_NBR, PERM_ID, KIM_TYP_ID, KIM_ATTR_DEFN_ID, ATTR_VAL) values ('814', '606763510FE396D3E0404F8189D857A2', 1, '814', '10', '5', 'PessimisticLock');
insert into KRIM_PERM_ATTR_DATA_T (ATTR_DATA_ID, OBJ_ID, VER_NBR, PERM_ID, KIM_TYP_ID, KIM_ATTR_DEFN_ID, ATTR_VAL) values ('819', '606763510FE696D3E0404F8189D857A2', 1, '819', '10', '5', 'ParameterDetailType');
insert into KRIM_PERM_ATTR_DATA_T (ATTR_DATA_ID, OBJ_ID, VER_NBR, PERM_ID, KIM_TYP_ID, KIM_ATTR_DEFN_ID, ATTR_VAL) values ('820', '606763510FE996D3E0404F8189D857A2', 1, '820', '10', '5', 'ParameterNamespace');
insert into KRIM_PERM_ATTR_DATA_T (ATTR_DATA_ID, OBJ_ID, VER_NBR, PERM_ID, KIM_TYP_ID, KIM_ATTR_DEFN_ID, ATTR_VAL) values ('821', '606763510FEC96D3E0404F8189D857A2', 1, '821', '10', '5', 'ParameterType');
insert into KRIM_PERM_ATTR_DATA_T (ATTR_DATA_ID, OBJ_ID, VER_NBR, PERM_ID, KIM_TYP_ID, KIM_ATTR_DEFN_ID, ATTR_VAL) values ('864', '606763510FE296D3E0404F8189D857A2', 1, '814', '10', '4', 'KR-NS');
insert into KRIM_PERM_ATTR_DATA_T (ATTR_DATA_ID, OBJ_ID, VER_NBR, PERM_ID, KIM_TYP_ID, KIM_ATTR_DEFN_ID, ATTR_VAL) values ('868', '606763510FE596D3E0404F8189D857A2', 1, '819', '10', '4', 'KR-NS');
insert into KRIM_PERM_ATTR_DATA_T (ATTR_DATA_ID, OBJ_ID, VER_NBR, PERM_ID, KIM_TYP_ID, KIM_ATTR_DEFN_ID, ATTR_VAL) values ('869', '606763510FE896D3E0404F8189D857A2', 1, '820', '10', '4', 'KR-NS');
insert into KRIM_PERM_ATTR_DATA_T (ATTR_DATA_ID, OBJ_ID, VER_NBR, PERM_ID, KIM_TYP_ID, KIM_ATTR_DEFN_ID, ATTR_VAL) values ('870', '606763510FEB96D3E0404F8189D857A2', 1, '821', '10', '4', 'KR-NS');
insert into KRIM_PERM_ATTR_DATA_T (ATTR_DATA_ID, OBJ_ID, VER_NBR, PERM_ID, KIM_TYP_ID, KIM_ATTR_DEFN_ID, ATTR_VAL) values ('873', '606763510FF396D3E0404F8189D857A2', 1, '265', '12', '4', 'KR-WKFLW');
insert into KRIM_PERM_ATTR_DATA_T (ATTR_DATA_ID, OBJ_ID, VER_NBR, PERM_ID, KIM_TYP_ID, KIM_ATTR_DEFN_ID, ATTR_VAL) values ('874', '606763510FF496D3E0404F8189D857A2', 1, '265', '12', '2', 'org.kuali.rice.kew.batch.web.IngesterAction');
insert into KRIM_PERM_ATTR_DATA_T (ATTR_DATA_ID, OBJ_ID, VER_NBR, PERM_ID, KIM_TYP_ID, KIM_ATTR_DEFN_ID, ATTR_VAL) values ('432', '6314CC58CF5AB7B5E0404F8189D84439', 1, '306', '11', '6', 'taxId');
insert into KRIM_PERM_ATTR_DATA_T (ATTR_DATA_ID, OBJ_ID, VER_NBR, PERM_ID, KIM_TYP_ID, KIM_ATTR_DEFN_ID, ATTR_VAL) values ('478', '662384B381BA67A1E0404F8189D868A6', 1, '332', '5', '13', 'KualiDocument');
insert into KRIM_PERM_ATTR_DATA_T (ATTR_DATA_ID, OBJ_ID, VER_NBR, PERM_ID, KIM_TYP_ID, KIM_ATTR_DEFN_ID, ATTR_VAL) values ('479', '662384B381BB67A1E0404F8189D868A6', 1, '332', '5', '14', 'F');
insert into KRIM_PERM_ATTR_DATA_T (ATTR_DATA_ID, OBJ_ID, VER_NBR, PERM_ID, KIM_TYP_ID, KIM_ATTR_DEFN_ID, ATTR_VAL) values ('480', '662384B381BE67A1E0404F8189D868A6', 1, '333', '5', '13', 'KualiDocument');
insert into KRIM_PERM_ATTR_DATA_T (ATTR_DATA_ID, OBJ_ID, VER_NBR, PERM_ID, KIM_TYP_ID, KIM_ATTR_DEFN_ID, ATTR_VAL) values ('481', '662384B381BF67A1E0404F8189D868A6', 1, '333', '5', '14', 'K');
insert into KRIM_PERM_ATTR_DATA_T (ATTR_DATA_ID, OBJ_ID, VER_NBR, PERM_ID, KIM_TYP_ID, KIM_ATTR_DEFN_ID, ATTR_VAL) values ('482', '662384B381C267A1E0404F8189D868A6', 1, '334', '5', '13', 'KualiDocument');
insert into KRIM_PERM_ATTR_DATA_T (ATTR_DATA_ID, OBJ_ID, VER_NBR, PERM_ID, KIM_TYP_ID, KIM_ATTR_DEFN_ID, ATTR_VAL) values ('483', '662384B381C367A1E0404F8189D868A6', 1, '334', '5', '14', 'A');
insert into KRIM_PERM_ATTR_DATA_T (ATTR_DATA_ID, OBJ_ID, VER_NBR, PERM_ID, KIM_TYP_ID, KIM_ATTR_DEFN_ID, ATTR_VAL) values ('203', '5B4F09744A39EF33E0404F8189D84F25', 1, '833', '21', '4', 'KUALI');
insert into KRIM_PERM_ATTR_DATA_T (ATTR_DATA_ID, OBJ_ID, VER_NBR, PERM_ID, KIM_TYP_ID, KIM_ATTR_DEFN_ID, ATTR_VAL) values ('205', '5B4F09744A39EF33E0404F8189D84F27', 1, '835', '19', '4', 'KUALI');
insert into KRIM_PERM_ATTR_DATA_T (ATTR_DATA_ID, OBJ_ID, VER_NBR, PERM_ID, KIM_TYP_ID, KIM_ATTR_DEFN_ID, ATTR_VAL) values ('206', '5B4F09744A39EF33E0404F8189D84F28', 1, '836', '20', '4', 'KUALI');
insert into KRIM_PERM_ATTR_DATA_T (ATTR_DATA_ID, OBJ_ID, VER_NBR, PERM_ID, KIM_TYP_ID, KIM_ATTR_DEFN_ID, ATTR_VAL) values ('431', '6314CC58CF59B7B5E0404F8189D84439', 1, '306', '11', '5', 'IdentityManagementPersonDocument');
insert into KRIM_PERM_ATTR_DATA_T (ATTR_DATA_ID, OBJ_ID, VER_NBR, PERM_ID, KIM_TYP_ID, KIM_ATTR_DEFN_ID, ATTR_VAL) values ('1147', '6314CC58CF59B7B5E0404F8189D81147', 1, '1201', '1013', '13', 'QuestionnaireMaintenanceDocument');
insert into KRIM_PERM_ATTR_DATA_T (ATTR_DATA_ID, OBJ_ID, VER_NBR, PERM_ID, KIM_TYP_ID, KIM_ATTR_DEFN_ID, ATTR_VAL) values ('1148', '6314CC58CF59B7B5E0404F8189D81148', 1, '1202', '1013', '13', 'QuestionnaireMaintenanceDocument');
insert into KRIM_PERM_ATTR_DATA_T (ATTR_DATA_ID, OBJ_ID, VER_NBR, PERM_ID, KIM_TYP_ID, KIM_ATTR_DEFN_ID, ATTR_VAL) values ('1149', '6314CC58CF59B7B5E0404F8189D81149', 1, (select PERM_ID from KRIM_PERM_T where NM='Create PROPOSAL Log'), '3', '13', 'ProposalLogMaintenanceDocument');
insert into KRIM_PERM_ATTR_DATA_T (ATTR_DATA_ID, OBJ_ID, VER_NBR, PERM_ID, KIM_TYP_ID, KIM_ATTR_DEFN_ID, ATTR_VAL) values ('1150', '6314CC58CF59B7B5E0404F8189D81150', 1, (select PERM_ID from KRIM_PERM_T where NM='Edit PROPOSAL Log'), '3', '13', 'ProposalLogMaintenanceDocument');
insert into KRIM_PERM_ATTR_DATA_T (ATTR_DATA_ID, OBJ_ID, VER_NBR, PERM_ID, KIM_TYP_ID, KIM_ATTR_DEFN_ID, ATTR_VAL) values ('1151', '6314CC58CF59B7B5E0404F8189D81151', 1, (select PERM_ID from KRIM_PERM_T where NM='Save PROPOSAL Log'), '3', '13', 'ProposalLogMaintenanceDocument');
insert into KRIM_PERM_ATTR_DATA_T (ATTR_DATA_ID, OBJ_ID, VER_NBR, PERM_ID, KIM_TYP_ID, KIM_ATTR_DEFN_ID, ATTR_VAL) values ('1152', '6314CC58CF59B7B5E0404F8189D81152', 1, (select PERM_ID from KRIM_PERM_T where NM='Submit PROPOSAL Log'), '3', '13', 'ProposalLogMaintenanceDocument');
insert into KRIM_PERM_ATTR_DATA_T (ATTR_DATA_ID, OBJ_ID, VER_NBR, PERM_ID, KIM_TYP_ID, KIM_ATTR_DEFN_ID, ATTR_VAL) values ('1153', '6314CC58CF59B7B5E0404F8189D81153', 1, (select PERM_ID from KRIM_PERM_T where NM='Open PROPOSAL Log'), '3', '13', 'ProposalLogMaintenanceDocument');
insert into KRIM_PERM_ATTR_DATA_T (ATTR_DATA_ID, OBJ_ID, VER_NBR, PERM_ID, KIM_TYP_ID, KIM_ATTR_DEFN_ID, ATTR_VAL) values ('1154', '6314CC58CF59B7B5E0404F8189D81154', 1, (select PERM_ID from KRIM_PERM_T where NM='Cancel PROPOSAL Log'), '3', '13', 'ProposalLogMaintenanceDocument');
insert into KRIM_PERM_ATTR_DATA_T (ATTR_DATA_ID, OBJ_ID, VER_NBR, PERM_ID, KIM_TYP_ID, KIM_ATTR_DEFN_ID, ATTR_VAL) values ('1155', '6314CC58CF59B7B5E0404F8189D81155', 1, (select PERM_ID from KRIM_PERM_T where NM='Create Institutional Proposal'), '3', '13', 'InstitutionalProposalDocument');
insert into KRIM_PERM_ATTR_DATA_T (ATTR_DATA_ID, OBJ_ID, VER_NBR, PERM_ID, KIM_TYP_ID, KIM_ATTR_DEFN_ID, ATTR_VAL) values ('1156', '6314CC58CF59B7B5E0404F8189D81156', 1, (select PERM_ID from KRIM_PERM_T where NM='Edit Institutional Proposal'), '3', '13', 'InstitutionalProposalDocument');
insert into KRIM_PERM_ATTR_DATA_T (ATTR_DATA_ID, OBJ_ID, VER_NBR, PERM_ID, KIM_TYP_ID, KIM_ATTR_DEFN_ID, ATTR_VAL) values ('1157', '6314CC58CF59B7B5E0404F8189D81157', 1, (select PERM_ID from KRIM_PERM_T where NM='Save Institutional Proposal'), '3', '13', 'InstitutionalProposalDocument');
insert into KRIM_PERM_ATTR_DATA_T (ATTR_DATA_ID, OBJ_ID, VER_NBR, PERM_ID, KIM_TYP_ID, KIM_ATTR_DEFN_ID, ATTR_VAL) values ('1158', '6314CC58CF59B7B5E0404F8189D81158', 1, (select PERM_ID from KRIM_PERM_T where NM='Submit Institutional Proposal'), '3', '13', 'InstitutionalProposalDocument');
insert into KRIM_PERM_ATTR_DATA_T (ATTR_DATA_ID, OBJ_ID, VER_NBR, PERM_ID, KIM_TYP_ID, KIM_ATTR_DEFN_ID, ATTR_VAL) values ('1159', '6314CC58CF59B7B5E0404F8189D81159', 1, (select PERM_ID from KRIM_PERM_T where NM='Open Institutional Proposal'), '3', '13', 'InstitutionalProposalDocument');
insert into KRIM_PERM_ATTR_DATA_T (ATTR_DATA_ID, OBJ_ID, VER_NBR, PERM_ID, KIM_TYP_ID, KIM_ATTR_DEFN_ID, ATTR_VAL) values ('1160', '6314CC58CF59B7B5E0404F8189D81160', 1, (select PERM_ID from KRIM_PERM_T where NM='Cancel Institutional Proposal'), '3', '13', 'InstitutionalProposalDocument');
insert into KRIM_PERM_ATTR_DATA_T values (2012, 'a1afb39c-9a50-48de-9932-a6cd2a900551', 1, (select PERM_ID from KRIM_PERM_T where NM='Create Intellectual Property Review'), '3', '13', 'IntellectualPropertyReviewMaintenanceDocument');
insert into KRIM_PERM_ATTR_DATA_T values (2013, 'ec479ba0-9b20-4ac4-ad36-5795b0dbda2d', 1, (select PERM_ID from KRIM_PERM_T where NM='Edit Intellectual Property Review'), '3', '13', 'IntellectualPropertyReviewMaintenanceDocument');
insert into KRIM_PERM_ATTR_DATA_T values (2014, 'f161ec0f-303c-4aa5-ba31-8de832d7e9b8', 1, (select PERM_ID from KRIM_PERM_T where NM='Save Intellectual Property Review'), '3', '13', 'IntellectualPropertyReviewMaintenanceDocument');
insert into KRIM_PERM_ATTR_DATA_T values (2015, 'e8522a56-2534-491a-9b42-cf9b101e513f', 1, (select PERM_ID from KRIM_PERM_T where NM='Submit Intellectual Property Review'), '3', '13', 'IntellectualPropertyReviewMaintenanceDocument');
insert into KRIM_PERM_ATTR_DATA_T values (2016, '85481325-2791-4a65-b785-9dd15aae8899', 1, (select PERM_ID from KRIM_PERM_T where NM='Open Intellectual Property Review'), '3', '13', 'IntellectualPropertyReviewMaintenanceDocument');
insert into KRIM_PERM_ATTR_DATA_T values (2017, '3c389a25-95b1-415d-b4dc-c9fe7ee7039b', 1, (select PERM_ID from KRIM_PERM_T where NM='Cancel Intellectual Property Review'), '3', '13', 'IntellectualPropertyReviewMaintenanceDocument');
INSERT INTO KRIM_PERM_ATTR_DATA_T (ATTR_DATA_ID, OBJ_ID, VER_NBR, PERM_ID, KIM_TYP_ID, KIM_ATTR_DEFN_ID, ATTR_VAL) VALUES('1162', 'a917753f-e969-4784-8ff1-3e032148b9f7', '1', '1221', '3', '13', 'ProtocolDocument') ;
insert into KRIM_PERM_ATTR_DATA_T (ATTR_DATA_ID, OBJ_ID, VER_NBR, PERM_ID, KIM_TYP_ID, KIM_ATTR_DEFN_ID, ATTR_VAL) values ('1163', '1222', 1, '1222', '1013', '13', 'ProtocolCorrespondenceTemplateMaintenanceDocument');
insert into KRIM_PERM_ATTR_DATA_T (ATTR_DATA_ID, OBJ_ID, VER_NBR, PERM_ID, KIM_TYP_ID, KIM_ATTR_DEFN_ID, ATTR_VAL) values ('1164', '1223', 1, '1223', '1013', '13', 'ProtocolCorrespondenceTemplateMaintenanceDocument');
insert into KRIM_PERM_ATTR_DATA_T (ATTR_DATA_ID, OBJ_ID, VER_NBR, PERM_ID, KIM_TYP_ID, KIM_ATTR_DEFN_ID, ATTR_VAL) values ('1165', '6314CC58CF59B7B5E0404F8189D81170', 1, '1224', '3', '13', 'BatchCorrespondenceDetailMaintenanceDocument');
insert into KRIM_PERM_ATTR_DATA_T (ATTR_DATA_ID, OBJ_ID, VER_NBR, PERM_ID, KIM_TYP_ID, KIM_ATTR_DEFN_ID, ATTR_VAL) values ('1166', '6314CC58CF59B7B5E0404F8189D81171', 1, '1225', '3', '13', 'BatchCorrespondenceDetailMaintenanceDocument');
INSERT INTO KRIM_PERM_ATTR_DATA_T (ATTR_DATA_ID, OBJ_ID, VER_NBR, PERM_ID, KIM_TYP_ID, KIM_ATTR_DEFN_ID, ATTR_VAL) VALUES('880', 'ECCB8A6C-A0DA-5311-6A57-40F743EA334C', 1, '840', '12', '2','org.kuali.rice.ksb.messaging.web.ConfigViewerAction');
INSERT INTO KRIM_PERM_ATTR_DATA_T ( ATTR_DATA_ID, OBJ_ID, VER_NBR, PERM_ID, KIM_TYP_ID, KIM_ATTR_DEFN_ID, ATTR_VAL ) VALUES ( '2019','1CDFE172441D6320E0404F8189D85680', 1, '1228', '1017', '13', 'ProtocolDocument');
INSERT INTO KRIM_PERM_ATTR_DATA_T ( ATTR_DATA_ID, OBJ_ID, VER_NBR, PERM_ID, KIM_TYP_ID, KIM_ATTR_DEFN_ID, ATTR_VAL ) VALUES ( '2020', '1CDFE172441D6320E0404F8089D85685', 1, '1228', '1017','1007','onlineReviews');
INSERT INTO KRIM_PERM_ATTR_DATA_T ( ATTR_DATA_ID, OBJ_ID, VER_NBR, PERM_ID, KIM_TYP_ID, KIM_ATTR_DEFN_ID, ATTR_VAL ) VALUES ( '2021', '1BDFE172441D6320E0404F8189D85685', 1,  '1226', '1017', '13', 'ProtocolOnlineReviewDocument');
INSERT INTO KRIM_PERM_ATTR_DATA_T ( ATTR_DATA_ID, OBJ_ID, VER_NBR, PERM_ID, KIM_TYP_ID, KIM_ATTR_DEFN_ID, ATTR_VAL ) VALUES ( '2022', '1CDFE172441D6320E0404F8189D85685', 1, '1226', '1017', '1007', 'reviewComments');
INSERT INTO KRIM_PERM_ATTR_DATA_T ( ATTR_DATA_ID, OBJ_ID, VER_NBR, PERM_ID, KIM_TYP_ID, KIM_ATTR_DEFN_ID, ATTR_VAL ) VALUES ( '1300', '1CDFE172011D6320E0304F8189D85685', 1, '1227', '1017', '13', 'ProtocolDocument');
INSERT INTO KRIM_PERM_ATTR_DATA_T ( ATTR_DATA_ID, OBJ_ID, VER_NBR, PERM_ID, KIM_TYP_ID, KIM_ATTR_DEFN_ID, ATTR_VAL ) VALUES ( '1301', '1CDFE172021D6320E0304F8189D85685', 1,'1227', '1017', '1007', 'reviewComments');
insert into KRIM_PERM_ATTR_DATA_T (ATTR_DATA_ID, OBJ_ID, VER_NBR, PERM_ID, KIM_TYP_ID, KIM_ATTR_DEFN_ID, ATTR_VAL) values ('1306', '63194C58CF59B7A2E0404F8189D81170', 1, '1230', '3', '13', 'CommitteeDocument');

--**************************************************************************************************************************************************
--*************************************************** MEMBERS(GROUPS, ROLES, PRIMCIPALS)-TO-ROLES & ATTRIBUTE DATA-TO-MEMBERS-TO-ROLES **************
--**************************************************************************************************************************************************

insert into KRIM_ROLE_MBR_T (ROLE_MBR_ID, VER_NBR, OBJ_ID, ROLE_ID, MBR_ID, MBR_TYP_CD, ACTV_FRM_DT, ACTV_TO_DT, LAST_UPDT_DT) values ('1490', 1, '847B746162AB4699BA6C070F2BED4635', '1114', (SELECT PRNCPL_ID FROM KRIM_PRNCPL_T WHERE PRNCPL_NM = 'quickstart'), 'P', null, null, to_date('2009-10-07 15:41:46','YYYY-MM-DD HH24:MI:SS'));
insert into KRIM_ROLE_MBR_T (ROLE_MBR_ID, VER_NBR, OBJ_ID, ROLE_ID, MBR_ID, MBR_TYP_CD, ACTV_FRM_DT, ACTV_TO_DT, LAST_UPDT_DT) values ('1491', 1, '25D73E277FD649CB85B0E512552A6DEC', '1114', (SELECT PRNCPL_ID FROM KRIM_PRNCPL_T WHERE PRNCPL_NM = 'quickstart'), 'P', null, null, to_date('2009-10-07 15:41:46','YYYY-MM-DD HH24:MI:SS'));
insert into KRIM_ROLE_MBR_T (ROLE_MBR_ID, VER_NBR, OBJ_ID, ROLE_ID, MBR_ID, MBR_TYP_CD, ACTV_FRM_DT, ACTV_TO_DT, LAST_UPDT_DT) values ('1492', 1, '01A9D779841D4BF2B79E350461970FBA', '1114', (SELECT PRNCPL_ID FROM KRIM_PRNCPL_T WHERE PRNCPL_NM = 'quickstart'), 'P', null, null, to_date('2009-10-07 15:41:46','YYYY-MM-DD HH24:MI:SS'));
insert into KRIM_ROLE_MBR_T (ROLE_MBR_ID, VER_NBR, OBJ_ID, ROLE_ID, MBR_ID, MBR_TYP_CD, ACTV_FRM_DT, ACTV_TO_DT, LAST_UPDT_DT) values ('1508', 1, '68100CE8A36A417CA5FD063425892A8F', '1114', '10000000001', 'P', null, null, to_date('2009-10-07 15:41:46','YYYY-MM-DD HH24:MI:SS'));
insert into KRIM_ROLE_MBR_T (ROLE_MBR_ID, VER_NBR, OBJ_ID, ROLE_ID, MBR_ID, MBR_TYP_CD, ACTV_FRM_DT, ACTV_TO_DT, LAST_UPDT_DT) values ('1509', 1, '423F61CCA13D4AC69AD42ECF4099EDC4', '1114', '10000000001', 'P', null, null, to_date('2009-10-07 15:41:46','YYYY-MM-DD HH24:MI:SS'));
insert into KRIM_ROLE_MBR_T (ROLE_MBR_ID, VER_NBR, OBJ_ID, ROLE_ID, MBR_ID, MBR_TYP_CD, ACTV_FRM_DT, ACTV_TO_DT, LAST_UPDT_DT) values ('1510', 1, '89A7C8074B584F9C980A61726C62499E', '1114', '10000000001', 'P', null, null, to_date('2009-10-07 15:41:46','YYYY-MM-DD HH24:MI:SS'));
insert into KRIM_ROLE_MBR_T (ROLE_MBR_ID, VER_NBR, OBJ_ID, ROLE_ID, MBR_ID, MBR_TYP_CD, ACTV_FRM_DT, ACTV_TO_DT, LAST_UPDT_DT) values ('1524', 1, '5BF21772693642AC8EE9A6A086F34476', '1114', '10000000001', 'P', null, null, to_date('2009-10-07 15:41:46','YYYY-MM-DD HH24:MI:SS'));
insert into KRIM_ROLE_MBR_T (ROLE_MBR_ID, VER_NBR, OBJ_ID, ROLE_ID, MBR_ID, MBR_TYP_CD, ACTV_FRM_DT, ACTV_TO_DT, LAST_UPDT_DT) values ('1545', 1, 'CC41524234B2489FAAC0E673579CCCA8', '1126', '10000000001', 'P', null, null, to_date('2009-10-07 15:41:46','YYYY-MM-DD HH24:MI:SS'));
insert into KRIM_ROLE_MBR_T (ROLE_MBR_ID, VER_NBR, OBJ_ID, ROLE_ID, MBR_ID, MBR_TYP_CD, ACTV_FRM_DT, ACTV_TO_DT, LAST_UPDT_DT) values ('1293', 1, '17499E17140149819ACC9860D4F70B83', '1109', '10000000001', 'P', null, null, to_date('2009-10-07 15:26:10','YYYY-MM-DD HH24:MI:SS'));
insert into KRIM_ROLE_MBR_T (ROLE_MBR_ID, VER_NBR, OBJ_ID, ROLE_ID, MBR_ID, MBR_TYP_CD, ACTV_FRM_DT, ACTV_TO_DT, LAST_UPDT_DT) values ('1563', 1, '054DAD9010964D87AB9A3114F7DA18DF', '1114', '10000000001', 'P', null, null, to_date('2009-11-01 19:41:44','YYYY-MM-DD HH24:MI:SS'));
insert into KRIM_ROLE_MBR_T (ROLE_MBR_ID, VER_NBR, OBJ_ID, ROLE_ID, MBR_ID, MBR_TYP_CD, ACTV_FRM_DT, ACTV_TO_DT, LAST_UPDT_DT) values ('1564', 1, 'A5CB50A052444119B4F6AFF605140F55', '1114', '10000000001', 'P', null, null, to_date('2009-11-01 19:41:44','YYYY-MM-DD HH24:MI:SS'));
insert into KRIM_ROLE_MBR_T (ROLE_MBR_ID, VER_NBR, OBJ_ID, ROLE_ID, MBR_ID, MBR_TYP_CD, ACTV_FRM_DT, ACTV_TO_DT, LAST_UPDT_DT) values ('1565', 1, '06F2296D80C149A2AD51177B5DF5D646', '1114', '10000000001', 'P', null, null, to_date('2009-11-01 19:41:44','YYYY-MM-DD HH24:MI:SS'));
insert into KRIM_ROLE_MBR_T (ROLE_MBR_ID, VER_NBR, OBJ_ID, ROLE_ID, MBR_ID, MBR_TYP_CD, ACTV_FRM_DT, ACTV_TO_DT, LAST_UPDT_DT) values ('1574', 1, 'BB373D18C2C04ACE8394ECAD5DFFBFEE', '1114', '10000000001', 'P', null, null, to_date('2009-11-01 19:41:44','YYYY-MM-DD HH24:MI:SS'));
insert into KRIM_ROLE_MBR_T (ROLE_MBR_ID, VER_NBR, OBJ_ID, ROLE_ID, MBR_ID, MBR_TYP_CD, ACTV_FRM_DT, ACTV_TO_DT, LAST_UPDT_DT) values ('1581', 1, '80314909F2DA47348EF2492CBD3339FC', '1126', '10000000001', 'P', null, null, to_date('2009-11-01 19:41:44','YYYY-MM-DD HH24:MI:SS'));
insert into KRIM_ROLE_MBR_T (ROLE_MBR_ID, VER_NBR, OBJ_ID, ROLE_ID, MBR_ID, MBR_TYP_CD, ACTV_FRM_DT, ACTV_TO_DT, LAST_UPDT_DT) values ('1511', 1, '70E11F8A746F4931BC94D2B03A2F2776', '1114', '10000000003', 'P', null, null, to_date('2009-10-07 15:41:46','YYYY-MM-DD HH24:MI:SS'));
insert into KRIM_ROLE_MBR_T (ROLE_MBR_ID, VER_NBR, OBJ_ID, ROLE_ID, MBR_ID, MBR_TYP_CD, ACTV_FRM_DT, ACTV_TO_DT, LAST_UPDT_DT) values ('1512', 1, 'BBC6AAF14B95497C84D978182674690B', '1114', '10000000006', 'P', null, null, to_date('2009-10-07 15:41:46','YYYY-MM-DD HH24:MI:SS'));
insert into KRIM_ROLE_MBR_T (ROLE_MBR_ID, VER_NBR, OBJ_ID, ROLE_ID, MBR_ID, MBR_TYP_CD, ACTV_FRM_DT, ACTV_TO_DT, LAST_UPDT_DT) values ('1513', 1, '3E9847111B134C5DA165466B13310EE9', '1114', '10000000005', 'P', null, null, to_date('2009-10-07 15:41:46','YYYY-MM-DD HH24:MI:SS'));
insert into KRIM_ROLE_MBR_T (ROLE_MBR_ID, VER_NBR, OBJ_ID, ROLE_ID, MBR_ID, MBR_TYP_CD, ACTV_FRM_DT, ACTV_TO_DT, LAST_UPDT_DT) values ('1514', 1, 'D0C454AAD6A240CE87E9105A41A32E6A', '1114', '10000000005', 'P', null, null, to_date('2009-10-07 15:41:46','YYYY-MM-DD HH24:MI:SS'));
insert into KRIM_ROLE_MBR_T (ROLE_MBR_ID, VER_NBR, OBJ_ID, ROLE_ID, MBR_ID, MBR_TYP_CD, ACTV_FRM_DT, ACTV_TO_DT, LAST_UPDT_DT) values ('1515', 1, 'E217F5447AAF4985AA10930EFDB6FDBE', '1114', '10000000005', 'P', null, null, to_date('2009-10-07 15:41:46','YYYY-MM-DD HH24:MI:SS'));
insert into KRIM_ROLE_MBR_T (ROLE_MBR_ID, VER_NBR, OBJ_ID, ROLE_ID, MBR_ID, MBR_TYP_CD, ACTV_FRM_DT, ACTV_TO_DT, LAST_UPDT_DT) values ('1516', 1, '633094B27F6549718E5E70C4DE36940A', '1114', '10000000004', 'P', null, null, to_date('2009-10-07 15:41:46','YYYY-MM-DD HH24:MI:SS'));
insert into KRIM_ROLE_MBR_T (ROLE_MBR_ID, VER_NBR, OBJ_ID, ROLE_ID, MBR_ID, MBR_TYP_CD, ACTV_FRM_DT, ACTV_TO_DT, LAST_UPDT_DT) values ('1518', 1, 'EE7179CC31644C98B186586A6B6958E1', '1114', (SELECT PRNCPL_ID FROM KRIM_PRNCPL_T WHERE PRNCPL_NM = 'quickstart'), 'P', null, null, to_date('2009-10-07 15:41:46','YYYY-MM-DD HH24:MI:SS'));
insert into KRIM_ROLE_MBR_T (ROLE_MBR_ID, VER_NBR, OBJ_ID, ROLE_ID, MBR_ID, MBR_TYP_CD, ACTV_FRM_DT, ACTV_TO_DT, LAST_UPDT_DT) values ('1540', 1, '76EC3CC14F7A4FFDA3778939ACDAFD3B', '1121', (SELECT PRNCPL_ID FROM KRIM_PRNCPL_T WHERE PRNCPL_NM = 'quickstart'), 'P', null, null, to_date('2009-10-07 15:41:46','YYYY-MM-DD HH24:MI:SS'));
insert into KRIM_ROLE_MBR_T (ROLE_MBR_ID, VER_NBR, OBJ_ID, ROLE_ID, MBR_ID, MBR_TYP_CD, ACTV_FRM_DT, ACTV_TO_DT, LAST_UPDT_DT) values ('1541', 1, 'C2FB26B2EE524DC3A02AC9EE02BF82D6', '1121', (SELECT PRNCPL_ID FROM KRIM_PRNCPL_T WHERE PRNCPL_NM = 'quickstart'), 'P', null, null, to_date('2009-10-07 15:41:46','YYYY-MM-DD HH24:MI:SS'));
insert into KRIM_ROLE_MBR_T (ROLE_MBR_ID, VER_NBR, OBJ_ID, ROLE_ID, MBR_ID, MBR_TYP_CD, ACTV_FRM_DT, ACTV_TO_DT, LAST_UPDT_DT) values ('1542', 1, 'DE19E738327F4BFF8768E7F40E59B079', '1121', (SELECT PRNCPL_ID FROM KRIM_PRNCPL_T WHERE PRNCPL_NM = 'quickstart'), 'P', null, null, to_date('2009-10-07 15:41:46','YYYY-MM-DD HH24:MI:SS'));
insert into KRIM_ROLE_MBR_T (ROLE_MBR_ID, VER_NBR, OBJ_ID, ROLE_ID, MBR_ID, MBR_TYP_CD, ACTV_FRM_DT, ACTV_TO_DT, LAST_UPDT_DT) values ('1543', 1, '795A2B4B912C42D39D12B54E2E74808C', '1122', (SELECT PRNCPL_ID FROM KRIM_PRNCPL_T WHERE PRNCPL_NM = 'quickstart'), 'P', null, null, to_date('2009-10-07 15:41:46','YYYY-MM-DD HH24:MI:SS'));
insert into KRIM_ROLE_MBR_T (ROLE_MBR_ID, VER_NBR, OBJ_ID, ROLE_ID, MBR_ID, MBR_TYP_CD, ACTV_FRM_DT, ACTV_TO_DT, LAST_UPDT_DT) values ('1544', 1, '036372D2615640A5B152C777202E975D', '1125', (SELECT PRNCPL_ID FROM KRIM_PRNCPL_T WHERE PRNCPL_NM = 'quickstart'), 'P', null, null, to_date('2009-10-07 15:41:46','YYYY-MM-DD HH24:MI:SS'));
insert into KRIM_ROLE_MBR_T (ROLE_MBR_ID, VER_NBR, OBJ_ID, ROLE_ID, MBR_ID, MBR_TYP_CD, ACTV_FRM_DT, ACTV_TO_DT, LAST_UPDT_DT) values ('1546', 1, 'FBFEC988421B4A208B71B99D6D8E0824', '1130', (SELECT PRNCPL_ID FROM KRIM_PRNCPL_T WHERE PRNCPL_NM = 'quickstart'), 'P', null, null, to_date('2009-10-07 15:41:46','YYYY-MM-DD HH24:MI:SS'));
insert into KRIM_ROLE_MBR_T (ROLE_MBR_ID, VER_NBR, OBJ_ID, ROLE_ID, MBR_ID, MBR_TYP_CD, ACTV_FRM_DT, ACTV_TO_DT, LAST_UPDT_DT) values ('1289', 1, '36B89E91B9DA4E8AB49B3980B77CAB27', '1103', '10000000058', 'P', null, null, to_date('2009-10-07 15:26:09','YYYY-MM-DD HH24:MI:SS'));
insert into KRIM_ROLE_MBR_T (ROLE_MBR_ID, VER_NBR, OBJ_ID, ROLE_ID, MBR_ID, MBR_TYP_CD, ACTV_FRM_DT, ACTV_TO_DT, LAST_UPDT_DT) values ('1292', 1, '5A40BA81572644E7B6E1266DD9272346', '1109', (SELECT PRNCPL_ID FROM KRIM_PRNCPL_T WHERE PRNCPL_NM = 'quickstart'), 'P', null, null, to_date('2009-10-07 15:26:10','YYYY-MM-DD HH24:MI:SS'));
insert into KRIM_ROLE_MBR_T (ROLE_MBR_ID, VER_NBR, OBJ_ID, ROLE_ID, MBR_ID, MBR_TYP_CD, ACTV_FRM_DT, ACTV_TO_DT, LAST_UPDT_DT) values ('1294', 1, '8316FBE5B46E44ED8EC37E4E94728C14', '1109', '10000000003', 'P', null, null, to_date('2009-10-07 15:26:10','YYYY-MM-DD HH24:MI:SS'));
insert into KRIM_ROLE_MBR_T (ROLE_MBR_ID, VER_NBR, OBJ_ID, ROLE_ID, MBR_ID, MBR_TYP_CD, ACTV_FRM_DT, ACTV_TO_DT, LAST_UPDT_DT) values ('1295', 1, 'AD86C8B168744D8EA6EE99540813CE5B', '1109', '10000000004', 'P', null, null, to_date('2009-10-07 15:26:10','YYYY-MM-DD HH24:MI:SS'));
insert into KRIM_ROLE_MBR_T (ROLE_MBR_ID, VER_NBR, OBJ_ID, ROLE_ID, MBR_ID, MBR_TYP_CD, ACTV_FRM_DT, ACTV_TO_DT, LAST_UPDT_DT) values ('1296', 1, '2E322FD6271B465B9B470AE462275D58', '1109', '10000000005', 'P', null, null, to_date('2009-10-07 15:26:10','YYYY-MM-DD HH24:MI:SS'));
insert into KRIM_ROLE_MBR_T (ROLE_MBR_ID, VER_NBR, OBJ_ID, ROLE_ID, MBR_ID, MBR_TYP_CD, ACTV_FRM_DT, ACTV_TO_DT, LAST_UPDT_DT) values ('1297', 1, 'F915FCA79D274F22A4392B19C9F34B1E', '1109', '10000000006', 'P', null, null, to_date('2009-10-07 15:26:10','YYYY-MM-DD HH24:MI:SS'));
insert into KRIM_ROLE_MBR_T (ROLE_MBR_ID, VER_NBR, OBJ_ID, ROLE_ID, MBR_ID, MBR_TYP_CD, ACTV_FRM_DT, ACTV_TO_DT, LAST_UPDT_DT) values ('1283', 1, 'D0B057F8E7B949EFA94AE8CDA47DE41B', '63', '10000000060', 'P', null, null, to_date('2008-12-08 12:00:00','YYYY-MM-DD HH24:MI:SS'));
insert into KRIM_ROLE_MBR_T (ROLE_MBR_ID, VER_NBR, OBJ_ID, ROLE_ID, MBR_ID, MBR_TYP_CD, ACTV_FRM_DT, ACTV_TO_DT, LAST_UPDT_DT) values ('1282', 1, '5B4B421E43857717E0404F8189D821F7', '90', '1', 'P', null, null, null);
insert into KRIM_ROLE_MBR_T (role_mbr_id, ver_nbr, obj_id, role_id, mbr_id, mbr_typ_cd,LAST_UPDT_DT)  values ('1284', 1, '9cdfa0bd-9e89-49ea-9b9e-d502b8f0ec28', (select ROLE_ID from KRIM_ROLE_T where ROLE_NM='Institutional PROPOSAL Maintainer'), (select PRNCPL_ID from KRIM_PRNCPL_T where PRNCPL_NM='quickstart'), 'P',to_date('2010-03-10 12:00:00','YYYY-MM-DD HH24:MI:SS'));
insert into KRIM_ROLE_MBR_T (ROLE_MBR_ID, VER_NBR, OBJ_ID, ROLE_ID, MBR_ID, MBR_TYP_CD, ACTV_FRM_DT, ACTV_TO_DT, LAST_UPDT_DT) values ('1560', 1, 'C10BFC3DA54F41C7B3870574BBF587EF', '1114', (SELECT PRNCPL_ID FROM KRIM_PRNCPL_T WHERE PRNCPL_NM = 'quickstart'), 'P', null, null, to_date('2009-11-01 19:41:44','YYYY-MM-DD HH24:MI:SS'));
insert into KRIM_ROLE_MBR_T (ROLE_MBR_ID, VER_NBR, OBJ_ID, ROLE_ID, MBR_ID, MBR_TYP_CD, ACTV_FRM_DT, ACTV_TO_DT, LAST_UPDT_DT) values ('1561', 1, 'FA80C332CA7F455288202D987053923C', '1114', (SELECT PRNCPL_ID FROM KRIM_PRNCPL_T WHERE PRNCPL_NM = 'quickstart'), 'P', null, null, to_date('2009-11-01 19:41:44','YYYY-MM-DD HH24:MI:SS'));
insert into KRIM_ROLE_MBR_T (ROLE_MBR_ID, VER_NBR, OBJ_ID, ROLE_ID, MBR_ID, MBR_TYP_CD, ACTV_FRM_DT, ACTV_TO_DT, LAST_UPDT_DT) values ('1562', 1, '888231658CF044338A9FC667FBBC72C4', '1114', (SELECT PRNCPL_ID FROM KRIM_PRNCPL_T WHERE PRNCPL_NM = 'quickstart'), 'P', null, null, to_date('2009-11-01 19:41:44','YYYY-MM-DD HH24:MI:SS'));
insert into KRIM_ROLE_MBR_T (ROLE_MBR_ID, VER_NBR, OBJ_ID, ROLE_ID, MBR_ID, MBR_TYP_CD, ACTV_FRM_DT, ACTV_TO_DT, LAST_UPDT_DT) values ('1566', 1, '0C0F411FA1734A388ADF0519ED9DABF5', '1114', '10000000003', 'P', null, null, to_date('2009-11-01 19:41:44','YYYY-MM-DD HH24:MI:SS'));
insert into KRIM_ROLE_MBR_T (ROLE_MBR_ID, VER_NBR, OBJ_ID, ROLE_ID, MBR_ID, MBR_TYP_CD, ACTV_FRM_DT, ACTV_TO_DT, LAST_UPDT_DT) values ('1567', 1, 'A9EE2D977B5C47798C33F476D4EDFEBF', '1114', '10000000006', 'P', null, null, to_date('2009-11-01 19:41:44','YYYY-MM-DD HH24:MI:SS'));
insert into KRIM_ROLE_MBR_T (ROLE_MBR_ID, VER_NBR, OBJ_ID, ROLE_ID, MBR_ID, MBR_TYP_CD, ACTV_FRM_DT, ACTV_TO_DT, LAST_UPDT_DT) values ('1568', 1, '2CEE18C1CCFD41B58F1016DEFA4C469A', '1114', '10000000005', 'P', null, null, to_date('2009-11-01 19:41:44','YYYY-MM-DD HH24:MI:SS'));
insert into KRIM_ROLE_MBR_T (ROLE_MBR_ID, VER_NBR, OBJ_ID, ROLE_ID, MBR_ID, MBR_TYP_CD, ACTV_FRM_DT, ACTV_TO_DT, LAST_UPDT_DT) values ('1569', 1, '7DBF29B069E24DC8957E4BF84A8D2FAF', '1114', '10000000005', 'P', null, null, to_date('2009-11-01 19:41:44','YYYY-MM-DD HH24:MI:SS'));
insert into KRIM_ROLE_MBR_T (ROLE_MBR_ID, VER_NBR, OBJ_ID, ROLE_ID, MBR_ID, MBR_TYP_CD, ACTV_FRM_DT, ACTV_TO_DT, LAST_UPDT_DT) values ('1570', 1, 'ABB52556B8994494BB4AF79FC1261FEA', '1114', '10000000005', 'P', null, null, to_date('2009-11-01 19:41:44','YYYY-MM-DD HH24:MI:SS'));
insert into KRIM_ROLE_MBR_T (ROLE_MBR_ID, VER_NBR, OBJ_ID, ROLE_ID, MBR_ID, MBR_TYP_CD, ACTV_FRM_DT, ACTV_TO_DT, LAST_UPDT_DT) values ('1571', 1, 'AA135C8CA1BA41B180B6ADC94527E0E4', '1114', '10000000004', 'P', null, null, to_date('2009-11-01 19:41:44','YYYY-MM-DD HH24:MI:SS'));
insert into KRIM_ROLE_MBR_T (ROLE_MBR_ID, VER_NBR, OBJ_ID, ROLE_ID, MBR_ID, MBR_TYP_CD, ACTV_FRM_DT, ACTV_TO_DT, LAST_UPDT_DT) values ('1573', 1, 'A4A4FD39BF7F49F5B831DA1E16859011', '1114', (SELECT PRNCPL_ID FROM KRIM_PRNCPL_T WHERE PRNCPL_NM = 'quickstart'), 'P', null, null, to_date('2009-11-01 19:41:44','YYYY-MM-DD HH24:MI:SS'));
insert into KRIM_ROLE_MBR_T (ROLE_MBR_ID, VER_NBR, OBJ_ID, ROLE_ID, MBR_ID, MBR_TYP_CD, ACTV_FRM_DT, ACTV_TO_DT, LAST_UPDT_DT) values ('1575', 1, 'CAAEEB3252824294AE502631DEA0EE61', '1121', (SELECT PRNCPL_ID FROM KRIM_PRNCPL_T WHERE PRNCPL_NM = 'quickstart'), 'P', null, null, to_date('2009-11-01 19:41:44','YYYY-MM-DD HH24:MI:SS'));
insert into KRIM_ROLE_MBR_T (ROLE_MBR_ID, VER_NBR, OBJ_ID, ROLE_ID, MBR_ID, MBR_TYP_CD, ACTV_FRM_DT, ACTV_TO_DT, LAST_UPDT_DT) values ('1576', 1, '0309772432C3472E939C5764D26C6330', '1121', (SELECT PRNCPL_ID FROM KRIM_PRNCPL_T WHERE PRNCPL_NM = 'quickstart'), 'P', null, null, to_date('2009-11-01 19:41:44','YYYY-MM-DD HH24:MI:SS'));
insert into KRIM_ROLE_MBR_T (ROLE_MBR_ID, VER_NBR, OBJ_ID, ROLE_ID, MBR_ID, MBR_TYP_CD, ACTV_FRM_DT, ACTV_TO_DT, LAST_UPDT_DT) values ('1577', 1, '9A848B7DFEAC40ACA36A1F8EF1BD3E62', '1121', (SELECT PRNCPL_ID FROM KRIM_PRNCPL_T WHERE PRNCPL_NM = 'quickstart'), 'P', null, null, to_date('2009-11-01 19:41:44','YYYY-MM-DD HH24:MI:SS'));
insert into KRIM_ROLE_MBR_T (ROLE_MBR_ID, VER_NBR, OBJ_ID, ROLE_ID, MBR_ID, MBR_TYP_CD, ACTV_FRM_DT, ACTV_TO_DT, LAST_UPDT_DT) values ('1578', 1, '59C232B35F374C0EB225FEEE3BDD2425', '1122', (SELECT PRNCPL_ID FROM KRIM_PRNCPL_T WHERE PRNCPL_NM = 'quickstart'), 'P', null, null, to_date('2009-11-01 19:41:44','YYYY-MM-DD HH24:MI:SS'));
insert into KRIM_ROLE_MBR_T (ROLE_MBR_ID, VER_NBR, OBJ_ID, ROLE_ID, MBR_ID, MBR_TYP_CD, ACTV_FRM_DT, ACTV_TO_DT, LAST_UPDT_DT) values ('1579', 1, '756E0C2AA16340C3A98664068CC33775', '1125', (SELECT PRNCPL_ID FROM KRIM_PRNCPL_T WHERE PRNCPL_NM = 'quickstart'), 'P', null, null, to_date('2009-11-01 19:41:44','YYYY-MM-DD HH24:MI:SS'));
insert into KRIM_ROLE_MBR_T (ROLE_MBR_ID, VER_NBR, OBJ_ID, ROLE_ID, MBR_ID, MBR_TYP_CD, ACTV_FRM_DT, ACTV_TO_DT, LAST_UPDT_DT) values ('1580', 1, 'B05C982FF5414F5DBDDBB663A1740E66', '1130', (SELECT PRNCPL_ID FROM KRIM_PRNCPL_T WHERE PRNCPL_NM = 'quickstart'), 'P', null, null, to_date('2009-11-01 19:41:44','YYYY-MM-DD HH24:MI:SS'));
insert into KRIM_ROLE_MBR_T (ROLE_MBR_ID, VER_NBR, OBJ_ID, ROLE_ID, MBR_ID, MBR_TYP_CD, ACTV_FRM_DT, ACTV_TO_DT, LAST_UPDT_DT) values ('1590', 1, 'ecdf964e-fdd5-4b0e-b703-686eafae965a', '1122', (SELECT PRNCPL_ID FROM KRIM_PRNCPL_T WHERE PRNCPL_NM = 'chew'), 'P', null, null, to_date('2010-01-28 12:00:00','YYYY-MM-DD HH24:MI:SS'));
insert into KRIM_ROLE_MBR_T (ROLE_MBR_ID, VER_NBR, OBJ_ID, ROLE_ID, MBR_ID, MBR_TYP_CD, ACTV_FRM_DT, ACTV_TO_DT, LAST_UPDT_DT) values ('1591', 1, '63026ea0-3793-4822-8dda-3a3c1299a77c', '1125', (SELECT PRNCPL_ID FROM KRIM_PRNCPL_T WHERE PRNCPL_NM = 'chew'), 'P', null, null, to_date('2010-01-28 12:00:00','YYYY-MM-DD HH24:MI:SS'));
insert into KRIM_ROLE_MBR_T (ROLE_MBR_ID, VER_NBR, OBJ_ID, ROLE_ID, MBR_ID, MBR_TYP_CD, ACTV_FRM_DT, ACTV_TO_DT, LAST_UPDT_DT) values ('1592', 1, 'a7acefe9-e1fb-4459-aa8b-e9d9e4f58bf4', '1120', (SELECT PRNCPL_ID FROM KRIM_PRNCPL_T WHERE PRNCPL_NM = 'quickstart'), 'P', null, null, to_date('2010-01-28 12:00:00','YYYY-MM-DD HH24:MI:SS'));
insert into KRIM_ROLE_MBR_T (ROLE_MBR_ID, VER_NBR, OBJ_ID, ROLE_ID, MBR_ID, MBR_TYP_CD, ACTV_FRM_DT, ACTV_TO_DT, LAST_UPDT_DT) values ('1600', 1, '0eea48a7-d5be-44db-8980-819d0111ebb9', (SELECT ROLE_ID FROM KRIM_ROLE_T WHERE ROLE_NM = 'Technical Administrator'), (SELECT PRNCPL_ID FROM KRIM_PRNCPL_T WHERE PRNCPL_NM = 'quickstart'), 'P', null, null, to_date('2009-10-07 15:41:46','YYYY-MM-DD HH24:MI:SS'));
insert into KRIM_ROLE_MBR_T (ROLE_MBR_ID, VER_NBR, OBJ_ID, ROLE_ID, MBR_ID, MBR_TYP_CD, ACTV_FRM_DT, ACTV_TO_DT, LAST_UPDT_DT) values ('1601', 1, 'd79b99e5-3e1b-4748-b3a5-d18f09883232', '1130', (SELECT PRNCPL_ID FROM KRIM_PRNCPL_T WHERE PRNCPL_NM = 'jtester'), 'P', null, null, to_date('2010-01-28 12:00:00','YYYY-MM-DD HH24:MI:SS'));
insert into KRIM_ROLE_MBR_T (ROLE_MBR_ID, VER_NBR, OBJ_ID, ROLE_ID, MBR_ID, MBR_TYP_CD, ACTV_FRM_DT, ACTV_TO_DT, LAST_UPDT_DT) values ('1602', 1, '79d88989-cc52-4b99-aa1e-0b0ab50c6f67', '1130', (SELECT PRNCPL_ID FROM KRIM_PRNCPL_T WHERE PRNCPL_NM = 'majors'), 'P', null, null, to_date('2010-01-28 12:00:00','YYYY-MM-DD HH24:MI:SS'));
insert into KRIM_ROLE_MBR_T (ROLE_MBR_ID, VER_NBR, OBJ_ID, ROLE_ID, MBR_ID, MBR_TYP_CD, ACTV_FRM_DT, ACTV_TO_DT, LAST_UPDT_DT) values ('1604', 1, 'ed5cc7b2-8fb9-4294-8ffe-f74c7ed82279', '1130', (SELECT PRNCPL_ID FROM KRIM_PRNCPL_T WHERE PRNCPL_NM = 'oblood'), 'P', null, null, to_date('2010-01-28 12:00:00','YYYY-MM-DD HH24:MI:SS'));

insert into KRIM_ROLE_MBR_ATTR_DATA_T (ATTR_DATA_ID, OBJ_ID, VER_NBR, ROLE_MBR_ID, KIM_TYP_ID, KIM_ATTR_DEFN_ID, ATTR_VAL) values ('1321', 'E26D3E301AC8473294D4580DD1FDE87A', 1, '1490', '1013', '1005', '000001');
insert into KRIM_ROLE_MBR_ATTR_DATA_T (ATTR_DATA_ID, OBJ_ID, VER_NBR, ROLE_MBR_ID, KIM_TYP_ID, KIM_ATTR_DEFN_ID, ATTR_VAL) values ('1322', '725F285038ED460CBB831E370712706C', 1, '1490', '1013', '1006', 'N');
insert into KRIM_ROLE_MBR_ATTR_DATA_T (ATTR_DATA_ID, OBJ_ID, VER_NBR, ROLE_MBR_ID, KIM_TYP_ID, KIM_ATTR_DEFN_ID, ATTR_VAL) values ('1323', '63E71E674B7D4B65B849DB3AEAD4B8A4', 1, '1491', '1013', '1005', 'BL-IIDC');
insert into KRIM_ROLE_MBR_ATTR_DATA_T (ATTR_DATA_ID, OBJ_ID, VER_NBR, ROLE_MBR_ID, KIM_TYP_ID, KIM_ATTR_DEFN_ID, ATTR_VAL) values ('1324', '77C1DA9BAA314FAD88A89C014E53C0D4', 1, '1491', '1013', '1006', 'N');
insert into KRIM_ROLE_MBR_ATTR_DATA_T (ATTR_DATA_ID, OBJ_ID, VER_NBR, ROLE_MBR_ID, KIM_TYP_ID, KIM_ATTR_DEFN_ID, ATTR_VAL) values ('1325', '070BBED387DF43EFB1E10DF2CAF24696', 1, '1492', '1013', '1005', 'IN-CARD');
insert into KRIM_ROLE_MBR_ATTR_DATA_T (ATTR_DATA_ID, OBJ_ID, VER_NBR, ROLE_MBR_ID, KIM_TYP_ID, KIM_ATTR_DEFN_ID, ATTR_VAL) values ('1326', '1203323D78224B598FD7289CF78F1612', 1, '1492', '1013', '1006', 'N');
insert into KRIM_ROLE_MBR_ATTR_DATA_T (ATTR_DATA_ID, OBJ_ID, VER_NBR, ROLE_MBR_ID, KIM_TYP_ID, KIM_ATTR_DEFN_ID, ATTR_VAL) values ('1327', 'A456E69BF7034C8AACA2644CBCDC6FDC', 1, '1493', '1013', '1005', '000001');
insert into KRIM_ROLE_MBR_ATTR_DATA_T (ATTR_DATA_ID, OBJ_ID, VER_NBR, ROLE_MBR_ID, KIM_TYP_ID, KIM_ATTR_DEFN_ID, ATTR_VAL) values ('1328', '470A8E43E4924FC897A82EA36EFA2C30', 1, '1493', '1013', '1006', 'N');
insert into KRIM_ROLE_MBR_ATTR_DATA_T (ATTR_DATA_ID, OBJ_ID, VER_NBR, ROLE_MBR_ID, KIM_TYP_ID, KIM_ATTR_DEFN_ID, ATTR_VAL) values ('1329', '0D35E87B109A4860A6146B50B4F21D55', 1, '1494', '1013', '1005', 'BL-IIDC');
insert into KRIM_ROLE_MBR_ATTR_DATA_T (ATTR_DATA_ID, OBJ_ID, VER_NBR, ROLE_MBR_ID, KIM_TYP_ID, KIM_ATTR_DEFN_ID, ATTR_VAL) values ('1330', 'D8E64FE2368E438DB00356B138ADD49D', 1, '1494', '1013', '1006', 'N');
insert into KRIM_ROLE_MBR_ATTR_DATA_T (ATTR_DATA_ID, OBJ_ID, VER_NBR, ROLE_MBR_ID, KIM_TYP_ID, KIM_ATTR_DEFN_ID, ATTR_VAL) values ('1331', '6F01459BBB944245A06A9C691F2F2174', 1, '1495', '1013', '1005', 'IN-CARD');
insert into KRIM_ROLE_MBR_ATTR_DATA_T (ATTR_DATA_ID, OBJ_ID, VER_NBR, ROLE_MBR_ID, KIM_TYP_ID, KIM_ATTR_DEFN_ID, ATTR_VAL) values ('1332', 'E6CD72218CF041D18348A1709B965DAB', 1, '1495', '1013', '1006', 'N');
insert into KRIM_ROLE_MBR_ATTR_DATA_T (ATTR_DATA_ID, OBJ_ID, VER_NBR, ROLE_MBR_ID, KIM_TYP_ID, KIM_ATTR_DEFN_ID, ATTR_VAL) values ('1333', '3F817D8232B749389B12414115757D0D', 1, '1496', '1013', '1005', '000001');
insert into KRIM_ROLE_MBR_ATTR_DATA_T (ATTR_DATA_ID, OBJ_ID, VER_NBR, ROLE_MBR_ID, KIM_TYP_ID, KIM_ATTR_DEFN_ID, ATTR_VAL) values ('1334', '42C6150CE14541BAA61E488D162BC7FA', 1, '1496', '1013', '1006', 'N');
insert into KRIM_ROLE_MBR_ATTR_DATA_T (ATTR_DATA_ID, OBJ_ID, VER_NBR, ROLE_MBR_ID, KIM_TYP_ID, KIM_ATTR_DEFN_ID, ATTR_VAL) values ('1335', '2E5DB88E50FC41AEA4117DD5A1B968F1', 1, '1497', '1013', '1005', 'BL-IIDC');
insert into KRIM_ROLE_MBR_ATTR_DATA_T (ATTR_DATA_ID, OBJ_ID, VER_NBR, ROLE_MBR_ID, KIM_TYP_ID, KIM_ATTR_DEFN_ID, ATTR_VAL) values ('1336', '4D4B26E61FEA49CF9FFE00C775E17A8C', 1, '1497', '1013', '1006', 'N');
insert into KRIM_ROLE_MBR_ATTR_DATA_T (ATTR_DATA_ID, OBJ_ID, VER_NBR, ROLE_MBR_ID, KIM_TYP_ID, KIM_ATTR_DEFN_ID, ATTR_VAL) values ('1337', '208ECF2639234A3AA8CB67D6595EB9E9', 1, '1498', '1013', '1005', 'IN-CARD');
insert into KRIM_ROLE_MBR_ATTR_DATA_T (ATTR_DATA_ID, OBJ_ID, VER_NBR, ROLE_MBR_ID, KIM_TYP_ID, KIM_ATTR_DEFN_ID, ATTR_VAL) values ('1338', '66CCE555ACF84DDA8F0680831CAC9636', 1, '1498', '1013', '1006', 'N');
insert into KRIM_ROLE_MBR_ATTR_DATA_T (ATTR_DATA_ID, OBJ_ID, VER_NBR, ROLE_MBR_ID, KIM_TYP_ID, KIM_ATTR_DEFN_ID, ATTR_VAL) values ('1339', 'EC4A7E8C89DA4D33AACA20013A0450D5', 1, '1499', '1013', '1005', '000001');
insert into KRIM_ROLE_MBR_ATTR_DATA_T (ATTR_DATA_ID, OBJ_ID, VER_NBR, ROLE_MBR_ID, KIM_TYP_ID, KIM_ATTR_DEFN_ID, ATTR_VAL) values ('1340', 'FE6742A369A74836892EB64608CE51A8', 1, '1499', '1013', '1006', 'N');
insert into KRIM_ROLE_MBR_ATTR_DATA_T (ATTR_DATA_ID, OBJ_ID, VER_NBR, ROLE_MBR_ID, KIM_TYP_ID, KIM_ATTR_DEFN_ID, ATTR_VAL) values ('1341', 'FE86425D4AB34B07B5E85BDBAA4D1C68', 1, '1500', '1013', '1005', 'BL-IIDC');
insert into KRIM_ROLE_MBR_ATTR_DATA_T (ATTR_DATA_ID, OBJ_ID, VER_NBR, ROLE_MBR_ID, KIM_TYP_ID, KIM_ATTR_DEFN_ID, ATTR_VAL) values ('1342', '978683FA4CC246BDA10116CF64AD452A', 1, '1500', '1013', '1006', 'N');
insert into KRIM_ROLE_MBR_ATTR_DATA_T (ATTR_DATA_ID, OBJ_ID, VER_NBR, ROLE_MBR_ID, KIM_TYP_ID, KIM_ATTR_DEFN_ID, ATTR_VAL) values ('1343', '5AC3D06C064944648452632EA2ADAC4E', 1, '1501', '1013', '1005', 'IN-CARD');
insert into KRIM_ROLE_MBR_ATTR_DATA_T (ATTR_DATA_ID, OBJ_ID, VER_NBR, ROLE_MBR_ID, KIM_TYP_ID, KIM_ATTR_DEFN_ID, ATTR_VAL) values ('1344', '4B3617AF58F943B39656AD7BA0946BD4', 1, '1501', '1013', '1006', 'N');
insert into KRIM_ROLE_MBR_ATTR_DATA_T (ATTR_DATA_ID, OBJ_ID, VER_NBR, ROLE_MBR_ID, KIM_TYP_ID, KIM_ATTR_DEFN_ID, ATTR_VAL) values ('1345', '752A88B4A0B7418D9CB680EEB70DE944', 1, '1502', '1013', '1005', '000001');
insert into KRIM_ROLE_MBR_ATTR_DATA_T (ATTR_DATA_ID, OBJ_ID, VER_NBR, ROLE_MBR_ID, KIM_TYP_ID, KIM_ATTR_DEFN_ID, ATTR_VAL) values ('1346', 'C8540670EB21458F86134BC5373CC270', 1, '1502', '1013', '1006', 'N');
insert into KRIM_ROLE_MBR_ATTR_DATA_T (ATTR_DATA_ID, OBJ_ID, VER_NBR, ROLE_MBR_ID, KIM_TYP_ID, KIM_ATTR_DEFN_ID, ATTR_VAL) values ('1347', '093FD10CF0D94D288AA5C7A676E147E0', 1, '1503', '1013', '1005', 'BL-IIDC');
insert into KRIM_ROLE_MBR_ATTR_DATA_T (ATTR_DATA_ID, OBJ_ID, VER_NBR, ROLE_MBR_ID, KIM_TYP_ID, KIM_ATTR_DEFN_ID, ATTR_VAL) values ('1348', '9C943907E5224DF8A4DE26DA689E36A1', 1, '1503', '1013', '1006', 'N');
insert into KRIM_ROLE_MBR_ATTR_DATA_T (ATTR_DATA_ID, OBJ_ID, VER_NBR, ROLE_MBR_ID, KIM_TYP_ID, KIM_ATTR_DEFN_ID, ATTR_VAL) values ('1349', 'F1B050EE1EA24C08B5649E986A540509', 1, '1504', '1013', '1005', 'IN-CARD');
insert into KRIM_ROLE_MBR_ATTR_DATA_T (ATTR_DATA_ID, OBJ_ID, VER_NBR, ROLE_MBR_ID, KIM_TYP_ID, KIM_ATTR_DEFN_ID, ATTR_VAL) values ('1350', '4198C15A0A6A417AAA951734F763A731', 1, '1504', '1013', '1006', 'N');
insert into KRIM_ROLE_MBR_ATTR_DATA_T (ATTR_DATA_ID, OBJ_ID, VER_NBR, ROLE_MBR_ID, KIM_TYP_ID, KIM_ATTR_DEFN_ID, ATTR_VAL) values ('1351', 'D5F317AD75D042A888E63BAA28C8AB3A', 1, '1505', '1013', '1005', '000001');
insert into KRIM_ROLE_MBR_ATTR_DATA_T (ATTR_DATA_ID, OBJ_ID, VER_NBR, ROLE_MBR_ID, KIM_TYP_ID, KIM_ATTR_DEFN_ID, ATTR_VAL) values ('1352', 'C5566B069C6740259C808A33B078F667', 1, '1505', '1013', '1006', 'N');
insert into KRIM_ROLE_MBR_ATTR_DATA_T (ATTR_DATA_ID, OBJ_ID, VER_NBR, ROLE_MBR_ID, KIM_TYP_ID, KIM_ATTR_DEFN_ID, ATTR_VAL) values ('1353', 'A12A453F5C5B495FA32BF43266BE522F', 1, '1506', '1013', '1005', 'BL-IIDC');
insert into KRIM_ROLE_MBR_ATTR_DATA_T (ATTR_DATA_ID, OBJ_ID, VER_NBR, ROLE_MBR_ID, KIM_TYP_ID, KIM_ATTR_DEFN_ID, ATTR_VAL) values ('1354', '774D3C15B1024FA5AA5FC1E1DC5417C8', 1, '1506', '1013', '1006', 'N');
insert into KRIM_ROLE_MBR_ATTR_DATA_T (ATTR_DATA_ID, OBJ_ID, VER_NBR, ROLE_MBR_ID, KIM_TYP_ID, KIM_ATTR_DEFN_ID, ATTR_VAL) values ('1355', '4B10FBFE52A64E16BFDF6658E90B964B', 1, '1507', '1013', '1005', 'IN-CARD');
insert into KRIM_ROLE_MBR_ATTR_DATA_T (ATTR_DATA_ID, OBJ_ID, VER_NBR, ROLE_MBR_ID, KIM_TYP_ID, KIM_ATTR_DEFN_ID, ATTR_VAL) values ('1356', '693770F30C784579860C9F024CC880FE', 1, '1507', '1013', '1006', 'N');
insert into KRIM_ROLE_MBR_ATTR_DATA_T (ATTR_DATA_ID, OBJ_ID, VER_NBR, ROLE_MBR_ID, KIM_TYP_ID, KIM_ATTR_DEFN_ID, ATTR_VAL) values ('1357', '519E82488813480F8F0FF8A7C5C918DE', 1, '1508', '1013', '1005', '000001');
insert into KRIM_ROLE_MBR_ATTR_DATA_T (ATTR_DATA_ID, OBJ_ID, VER_NBR, ROLE_MBR_ID, KIM_TYP_ID, KIM_ATTR_DEFN_ID, ATTR_VAL) values ('1358', '3A2E9A46828E42C9B92B0F11CD50FB46', 1, '1508', '1013', '1006', 'N');
insert into KRIM_ROLE_MBR_ATTR_DATA_T (ATTR_DATA_ID, OBJ_ID, VER_NBR, ROLE_MBR_ID, KIM_TYP_ID, KIM_ATTR_DEFN_ID, ATTR_VAL) values ('1359', 'D524148A4B7B4DF392207FCAD8CA05EF', 1, '1509', '1013', '1005', 'BL-IIDC');
insert into KRIM_ROLE_MBR_ATTR_DATA_T (ATTR_DATA_ID, OBJ_ID, VER_NBR, ROLE_MBR_ID, KIM_TYP_ID, KIM_ATTR_DEFN_ID, ATTR_VAL) values ('1360', 'BCC484277A63461B86AC59310DEC69C9', 1, '1509', '1013', '1006', 'N');
insert into KRIM_ROLE_MBR_ATTR_DATA_T (ATTR_DATA_ID, OBJ_ID, VER_NBR, ROLE_MBR_ID, KIM_TYP_ID, KIM_ATTR_DEFN_ID, ATTR_VAL) values ('1361', '5FF39D2C3E72474190C7232203742F5F', 1, '1510', '1013', '1005', 'IN-CARD');
insert into KRIM_ROLE_MBR_ATTR_DATA_T (ATTR_DATA_ID, OBJ_ID, VER_NBR, ROLE_MBR_ID, KIM_TYP_ID, KIM_ATTR_DEFN_ID, ATTR_VAL) values ('1362', '532C24AE3FB14FCAA08D7A2F9D5FA933', 1, '1510', '1013', '1006', 'N');
insert into KRIM_ROLE_MBR_ATTR_DATA_T (ATTR_DATA_ID, OBJ_ID, VER_NBR, ROLE_MBR_ID, KIM_TYP_ID, KIM_ATTR_DEFN_ID, ATTR_VAL) values ('1363', 'D01E86B52B644B71BEBAFCDD4C65B916', 1, '1511', '1013', '1005', '000001');
insert into KRIM_ROLE_MBR_ATTR_DATA_T (ATTR_DATA_ID, OBJ_ID, VER_NBR, ROLE_MBR_ID, KIM_TYP_ID, KIM_ATTR_DEFN_ID, ATTR_VAL) values ('1364', 'F88D74719FD8458BA3A8FECC2828929E', 1, '1511', '1013', '1006', 'N');
insert into KRIM_ROLE_MBR_ATTR_DATA_T (ATTR_DATA_ID, OBJ_ID, VER_NBR, ROLE_MBR_ID, KIM_TYP_ID, KIM_ATTR_DEFN_ID, ATTR_VAL) values ('1365', '3FC595CA77B841C996D3BEAF12A0A7C0', 1, '1512', '1013', '1005', '000001');
insert into KRIM_ROLE_MBR_ATTR_DATA_T (ATTR_DATA_ID, OBJ_ID, VER_NBR, ROLE_MBR_ID, KIM_TYP_ID, KIM_ATTR_DEFN_ID, ATTR_VAL) values ('1366', 'AE5CE79AFC23453BBBEB9E6DD24F9227', 1, '1512', '1013', '1006', 'N');
insert into KRIM_ROLE_MBR_ATTR_DATA_T (ATTR_DATA_ID, OBJ_ID, VER_NBR, ROLE_MBR_ID, KIM_TYP_ID, KIM_ATTR_DEFN_ID, ATTR_VAL) values ('1367', '2F0F12ABB5B14949B3CADC27A3750659', 1, '1513', '1013', '1005', 'BL-IIDC');
insert into KRIM_ROLE_MBR_ATTR_DATA_T (ATTR_DATA_ID, OBJ_ID, VER_NBR, ROLE_MBR_ID, KIM_TYP_ID, KIM_ATTR_DEFN_ID, ATTR_VAL) values ('1368', '20E1C1231AD54E48B1B6E567821F9D6A', 1, '1513', '1013', '1006', 'N');
insert into KRIM_ROLE_MBR_ATTR_DATA_T (ATTR_DATA_ID, OBJ_ID, VER_NBR, ROLE_MBR_ID, KIM_TYP_ID, KIM_ATTR_DEFN_ID, ATTR_VAL) values ('1369', 'F5EB0CFDB276459799E2DF02BD1F975F', 1, '1514', '1013', '1005', 'IN-MDEP');
insert into KRIM_ROLE_MBR_ATTR_DATA_T (ATTR_DATA_ID, OBJ_ID, VER_NBR, ROLE_MBR_ID, KIM_TYP_ID, KIM_ATTR_DEFN_ID, ATTR_VAL) values ('1370', 'A6A5DCC732A4490CA99155D5F42A5F39', 1, '1514', '1013', '1006', 'N');
insert into KRIM_ROLE_MBR_ATTR_DATA_T (ATTR_DATA_ID, OBJ_ID, VER_NBR, ROLE_MBR_ID, KIM_TYP_ID, KIM_ATTR_DEFN_ID, ATTR_VAL) values ('1371', '82719820BC34450EAF744E5BDA34B059', 1, '1515', '1013', '1005', 'IN-PED');
insert into KRIM_ROLE_MBR_ATTR_DATA_T (ATTR_DATA_ID, OBJ_ID, VER_NBR, ROLE_MBR_ID, KIM_TYP_ID, KIM_ATTR_DEFN_ID, ATTR_VAL) values ('1372', 'F07DCBF9CA6C40D7B174CF962F77CA75', 1, '1515', '1013', '1006', 'N');
insert into KRIM_ROLE_MBR_ATTR_DATA_T (ATTR_DATA_ID, OBJ_ID, VER_NBR, ROLE_MBR_ID, KIM_TYP_ID, KIM_ATTR_DEFN_ID, ATTR_VAL) values ('1373', '63FD7003BEDF469391ED774B1108E01D', 1, '1516', '1013', '1005', 'BL-BL');
insert into KRIM_ROLE_MBR_ATTR_DATA_T (ATTR_DATA_ID, OBJ_ID, VER_NBR, ROLE_MBR_ID, KIM_TYP_ID, KIM_ATTR_DEFN_ID, ATTR_VAL) values ('1374', 'B14A09BFD5A64C54A14FEFDF0F32BD7C', 1, '1516', '1013', '1006', 'N');
insert into KRIM_ROLE_MBR_ATTR_DATA_T (ATTR_DATA_ID, OBJ_ID, VER_NBR, ROLE_MBR_ID, KIM_TYP_ID, KIM_ATTR_DEFN_ID, ATTR_VAL) values ('1375', '1EA737BCAD4348BF8B8B748CEB2DDB78', 1, '1517', '1013', '1005', 'IN-MED');
insert into KRIM_ROLE_MBR_ATTR_DATA_T (ATTR_DATA_ID, OBJ_ID, VER_NBR, ROLE_MBR_ID, KIM_TYP_ID, KIM_ATTR_DEFN_ID, ATTR_VAL) values ('1376', 'E0EA237FB89E4BA0906542F316AD5AB6', 1, '1517', '1013', '1006', 'N');
insert into KRIM_ROLE_MBR_ATTR_DATA_T (ATTR_DATA_ID, OBJ_ID, VER_NBR, ROLE_MBR_ID, KIM_TYP_ID, KIM_ATTR_DEFN_ID, ATTR_VAL) values ('1377', 'ACBEED76469B450BBA799B57510C4BB8', 1, '1518', '1013', '1005', 'IN-CARR');
insert into KRIM_ROLE_MBR_ATTR_DATA_T (ATTR_DATA_ID, OBJ_ID, VER_NBR, ROLE_MBR_ID, KIM_TYP_ID, KIM_ATTR_DEFN_ID, ATTR_VAL) values ('1378', '7485C7EC1E034C05B3444C5D8EE12166', 1, '1518', '1013', '1006', 'N');
insert into KRIM_ROLE_MBR_ATTR_DATA_T (ATTR_DATA_ID, OBJ_ID, VER_NBR, ROLE_MBR_ID, KIM_TYP_ID, KIM_ATTR_DEFN_ID, ATTR_VAL) values ('1379', '17CF6A7262CB4DC49CE6E26F97301294', 1, '1519', '1013', '1005', 'IN-CARR');
insert into KRIM_ROLE_MBR_ATTR_DATA_T (ATTR_DATA_ID, OBJ_ID, VER_NBR, ROLE_MBR_ID, KIM_TYP_ID, KIM_ATTR_DEFN_ID, ATTR_VAL) values ('1380', 'C478D5382DE648C2BAD771AFACAC0FEA', 1, '1519', '1013', '1006', 'N');
insert into KRIM_ROLE_MBR_ATTR_DATA_T (ATTR_DATA_ID, OBJ_ID, VER_NBR, ROLE_MBR_ID, KIM_TYP_ID, KIM_ATTR_DEFN_ID, ATTR_VAL) values ('1381', '15AD81068CB94CC4AD64CA00894E0BEA', 1, '1520', '1013', '1005', 'IN-CARR');
insert into KRIM_ROLE_MBR_ATTR_DATA_T (ATTR_DATA_ID, OBJ_ID, VER_NBR, ROLE_MBR_ID, KIM_TYP_ID, KIM_ATTR_DEFN_ID, ATTR_VAL) values ('1382', 'DB402890176B41298F5F00F17D330D2E', 1, '1520', '1013', '1006', 'N');
insert into KRIM_ROLE_MBR_ATTR_DATA_T (ATTR_DATA_ID, OBJ_ID, VER_NBR, ROLE_MBR_ID, KIM_TYP_ID, KIM_ATTR_DEFN_ID, ATTR_VAL) values ('1383', '7C1D2819FB024B71B21C4D80C35BECE9', 1, '1521', '1013', '1005', 'IN-CARR');
insert into KRIM_ROLE_MBR_ATTR_DATA_T (ATTR_DATA_ID, OBJ_ID, VER_NBR, ROLE_MBR_ID, KIM_TYP_ID, KIM_ATTR_DEFN_ID, ATTR_VAL) values ('1384', '233E65C5ACA24874BEA5B38AB676CE73', 1, '1521', '1013', '1006', 'N');
insert into KRIM_ROLE_MBR_ATTR_DATA_T (ATTR_DATA_ID, OBJ_ID, VER_NBR, ROLE_MBR_ID, KIM_TYP_ID, KIM_ATTR_DEFN_ID, ATTR_VAL) values ('1385', '7EB1F1FBBE024274929FC72008A62488', 1, '1522', '1013', '1005', 'IN-CARR');
insert into KRIM_ROLE_MBR_ATTR_DATA_T (ATTR_DATA_ID, OBJ_ID, VER_NBR, ROLE_MBR_ID, KIM_TYP_ID, KIM_ATTR_DEFN_ID, ATTR_VAL) values ('1386', '8AA8459BBB974F549D1C5D91839F30A6', 1, '1522', '1013', '1006', 'N');
insert into KRIM_ROLE_MBR_ATTR_DATA_T (ATTR_DATA_ID, OBJ_ID, VER_NBR, ROLE_MBR_ID, KIM_TYP_ID, KIM_ATTR_DEFN_ID, ATTR_VAL) values ('1387', '49657D5AA6E44C9A95E1A4F67FA921B7', 1, '1523', '1013', '1005', 'IN-CARR');
insert into KRIM_ROLE_MBR_ATTR_DATA_T (ATTR_DATA_ID, OBJ_ID, VER_NBR, ROLE_MBR_ID, KIM_TYP_ID, KIM_ATTR_DEFN_ID, ATTR_VAL) values ('1388', '53F4154D7C2F4E62BB2C43DAA6F59E74', 1, '1523', '1013', '1006', 'N');
insert into KRIM_ROLE_MBR_ATTR_DATA_T (ATTR_DATA_ID, OBJ_ID, VER_NBR, ROLE_MBR_ID, KIM_TYP_ID, KIM_ATTR_DEFN_ID, ATTR_VAL) values ('1389', 'DF45F3784D494199B4489C2EE81D619C', 1, '1524', '1013', '1005', 'IN-CARR');
insert into KRIM_ROLE_MBR_ATTR_DATA_T (ATTR_DATA_ID, OBJ_ID, VER_NBR, ROLE_MBR_ID, KIM_TYP_ID, KIM_ATTR_DEFN_ID, ATTR_VAL) values ('1390', '5D699A7B7A2B486684E24BBB0C8773B9', 1, '1524', '1013', '1006', 'N');
insert into KRIM_ROLE_MBR_ATTR_DATA_T (ATTR_DATA_ID, OBJ_ID, VER_NBR, ROLE_MBR_ID, KIM_TYP_ID, KIM_ATTR_DEFN_ID, ATTR_VAL) values ('1391', 'BEB444A1F0824F26898F5D45E8C0E33C', 1, '1525', '1013', '1005', 'BL-IIDC');
insert into KRIM_ROLE_MBR_ATTR_DATA_T (ATTR_DATA_ID, OBJ_ID, VER_NBR, ROLE_MBR_ID, KIM_TYP_ID, KIM_ATTR_DEFN_ID, ATTR_VAL) values ('1392', 'CD1C2D059F03426E874DDFD188A0FAE6', 1, '1525', '1013', '1006', 'N');
insert into KRIM_ROLE_MBR_ATTR_DATA_T (ATTR_DATA_ID, OBJ_ID, VER_NBR, ROLE_MBR_ID, KIM_TYP_ID, KIM_ATTR_DEFN_ID, ATTR_VAL) values ('1393', 'CDCC4B015A594984A331FA046B71FF33', 1, '1526', '1013', '1005', 'IN-CARD');
insert into KRIM_ROLE_MBR_ATTR_DATA_T (ATTR_DATA_ID, OBJ_ID, VER_NBR, ROLE_MBR_ID, KIM_TYP_ID, KIM_ATTR_DEFN_ID, ATTR_VAL) values ('1394', 'EBBDBDF44B484DB7B645EC2002B887C3', 1, '1526', '1013', '1006', 'Y');
insert into KRIM_ROLE_MBR_ATTR_DATA_T (ATTR_DATA_ID, OBJ_ID, VER_NBR, ROLE_MBR_ID, KIM_TYP_ID, KIM_ATTR_DEFN_ID, ATTR_VAL) values ('1395', '4610A35917E14E358D88E02C02974745', 1, '1527', '1013', '1005', '000001');
insert into KRIM_ROLE_MBR_ATTR_DATA_T (ATTR_DATA_ID, OBJ_ID, VER_NBR, ROLE_MBR_ID, KIM_TYP_ID, KIM_ATTR_DEFN_ID, ATTR_VAL) values ('1396', '78A5EAFD8B094CAC9FF56A9B3AD04941', 1, '1527', '1013', '1006', 'N');
insert into KRIM_ROLE_MBR_ATTR_DATA_T (ATTR_DATA_ID, OBJ_ID, VER_NBR, ROLE_MBR_ID, KIM_TYP_ID, KIM_ATTR_DEFN_ID, ATTR_VAL) values ('1397', '1F616C38124A48FBB4EA0F2A7DB82357', 1, '1528', '1013', '1005', 'BL-IIDC');
insert into KRIM_ROLE_MBR_ATTR_DATA_T (ATTR_DATA_ID, OBJ_ID, VER_NBR, ROLE_MBR_ID, KIM_TYP_ID, KIM_ATTR_DEFN_ID, ATTR_VAL) values ('1398', '77865D0BE1E94028B62A38B16C2969BC', 1, '1528', '1013', '1006', 'N');
insert into KRIM_ROLE_MBR_ATTR_DATA_T (ATTR_DATA_ID, OBJ_ID, VER_NBR, ROLE_MBR_ID, KIM_TYP_ID, KIM_ATTR_DEFN_ID, ATTR_VAL) values ('1399', '7CECBB75EB2E4A1F8CE825D4C6FE1A24', 1, '1529', '1013', '1005', 'IN-CARD');
insert into KRIM_ROLE_MBR_ATTR_DATA_T (ATTR_DATA_ID, OBJ_ID, VER_NBR, ROLE_MBR_ID, KIM_TYP_ID, KIM_ATTR_DEFN_ID, ATTR_VAL) values ('1400', '935D996A3BC844B1B4F2554242000289', 1, '1529', '1013', '1006', 'Y');
insert into KRIM_ROLE_MBR_ATTR_DATA_T (ATTR_DATA_ID, OBJ_ID, VER_NBR, ROLE_MBR_ID, KIM_TYP_ID, KIM_ATTR_DEFN_ID, ATTR_VAL) values ('1401', 'CA80DD534A274FC68FC8D03607B69FA2', 1, '1530', '1013', '1005', '000001');
insert into KRIM_ROLE_MBR_ATTR_DATA_T (ATTR_DATA_ID, OBJ_ID, VER_NBR, ROLE_MBR_ID, KIM_TYP_ID, KIM_ATTR_DEFN_ID, ATTR_VAL) values ('1402', '58E9EEFEAA5F472BBB556F73CD0EBC1B', 1, '1530', '1013', '1006', 'N');
insert into KRIM_ROLE_MBR_ATTR_DATA_T (ATTR_DATA_ID, OBJ_ID, VER_NBR, ROLE_MBR_ID, KIM_TYP_ID, KIM_ATTR_DEFN_ID, ATTR_VAL) values ('1403', '06C0A91DA51843648C0D7DCFD9C60F68', 1, '1531', '1013', '1005', 'BL-IIDC');
insert into KRIM_ROLE_MBR_ATTR_DATA_T (ATTR_DATA_ID, OBJ_ID, VER_NBR, ROLE_MBR_ID, KIM_TYP_ID, KIM_ATTR_DEFN_ID, ATTR_VAL) values ('1404', '152F127B8F784CAB90C306FE1D5A96A2', 1, '1531', '1013', '1006', 'N');
insert into KRIM_ROLE_MBR_ATTR_DATA_T (ATTR_DATA_ID, OBJ_ID, VER_NBR, ROLE_MBR_ID, KIM_TYP_ID, KIM_ATTR_DEFN_ID, ATTR_VAL) values ('1405', '5CEAF077BDB04FA4A91E4C3480E564BF', 1, '1532', '1013', '1005', 'IN-CARD');
insert into KRIM_ROLE_MBR_ATTR_DATA_T (ATTR_DATA_ID, OBJ_ID, VER_NBR, ROLE_MBR_ID, KIM_TYP_ID, KIM_ATTR_DEFN_ID, ATTR_VAL) values ('1406', '5F5126C4AFBF4D10950859492EE9C910', 1, '1532', '1013', '1006', 'Y');
insert into KRIM_ROLE_MBR_ATTR_DATA_T (ATTR_DATA_ID, OBJ_ID, VER_NBR, ROLE_MBR_ID, KIM_TYP_ID, KIM_ATTR_DEFN_ID, ATTR_VAL) values ('1407', '4224F5BC27D24C65AD99C888C950E4D8', 1, '1533', '1013', '1005', '000001');
insert into KRIM_ROLE_MBR_ATTR_DATA_T (ATTR_DATA_ID, OBJ_ID, VER_NBR, ROLE_MBR_ID, KIM_TYP_ID, KIM_ATTR_DEFN_ID, ATTR_VAL) values ('1408', 'E366BDE5D0CF461181D8F18295D378E3', 1, '1533', '1013', '1006', 'N');
insert into KRIM_ROLE_MBR_ATTR_DATA_T (ATTR_DATA_ID, OBJ_ID, VER_NBR, ROLE_MBR_ID, KIM_TYP_ID, KIM_ATTR_DEFN_ID, ATTR_VAL) values ('1409', 'C84D179936CE41DDADC7F715B529ECD7', 1, '1534', '1013', '1005', 'BL-IIDC');
insert into KRIM_ROLE_MBR_ATTR_DATA_T (ATTR_DATA_ID, OBJ_ID, VER_NBR, ROLE_MBR_ID, KIM_TYP_ID, KIM_ATTR_DEFN_ID, ATTR_VAL) values ('1410', '53C599C4D6534601980886E7353093BA', 1, '1534', '1013', '1006', 'N');
insert into KRIM_ROLE_MBR_ATTR_DATA_T (ATTR_DATA_ID, OBJ_ID, VER_NBR, ROLE_MBR_ID, KIM_TYP_ID, KIM_ATTR_DEFN_ID, ATTR_VAL) values ('1411', '2C9F7B8BDCA74B7892DFAEF4DCECF819', 1, '1535', '1013', '1005', 'IN-CARD');
insert into KRIM_ROLE_MBR_ATTR_DATA_T (ATTR_DATA_ID, OBJ_ID, VER_NBR, ROLE_MBR_ID, KIM_TYP_ID, KIM_ATTR_DEFN_ID, ATTR_VAL) values ('1412', 'B7227B45D36249B18E271FB267662561', 1, '1535', '1013', '1006', 'Y');
insert into KRIM_ROLE_MBR_ATTR_DATA_T (ATTR_DATA_ID, OBJ_ID, VER_NBR, ROLE_MBR_ID, KIM_TYP_ID, KIM_ATTR_DEFN_ID, ATTR_VAL) values ('1413', '3ACD42D60EF64657B693E8AF9681669E', 1, '1536', '1013', '1005', '000001');
insert into KRIM_ROLE_MBR_ATTR_DATA_T (ATTR_DATA_ID, OBJ_ID, VER_NBR, ROLE_MBR_ID, KIM_TYP_ID, KIM_ATTR_DEFN_ID, ATTR_VAL) values ('1414', 'D1964B2C7FBE41C38BAEB5E4494EBE62', 1, '1536', '1013', '1006', 'N');
insert into KRIM_ROLE_MBR_ATTR_DATA_T (ATTR_DATA_ID, OBJ_ID, VER_NBR, ROLE_MBR_ID, KIM_TYP_ID, KIM_ATTR_DEFN_ID, ATTR_VAL) values ('1415', 'BAD6D61D24914BD2B6FD868693463EC2', 1, '1537', '1013', '1005', 'BL-IIDC');
insert into KRIM_ROLE_MBR_ATTR_DATA_T (ATTR_DATA_ID, OBJ_ID, VER_NBR, ROLE_MBR_ID, KIM_TYP_ID, KIM_ATTR_DEFN_ID, ATTR_VAL) values ('1416', '8E71F257166841E38FD753BE46612D53', 1, '1537', '1013', '1006', 'N');
insert into KRIM_ROLE_MBR_ATTR_DATA_T (ATTR_DATA_ID, OBJ_ID, VER_NBR, ROLE_MBR_ID, KIM_TYP_ID, KIM_ATTR_DEFN_ID, ATTR_VAL) values ('1417', '764C9BA9645A4534830763FE33261FF0', 1, '1538', '1013', '1005', 'IN-CARD');
insert into KRIM_ROLE_MBR_ATTR_DATA_T (ATTR_DATA_ID, OBJ_ID, VER_NBR, ROLE_MBR_ID, KIM_TYP_ID, KIM_ATTR_DEFN_ID, ATTR_VAL) values ('1418', '44C7AF64B9A843EDA63A6531A3F4F04E', 1, '1538', '1013', '1006', 'Y');
insert into KRIM_ROLE_MBR_ATTR_DATA_T (ATTR_DATA_ID, OBJ_ID, VER_NBR, ROLE_MBR_ID, KIM_TYP_ID, KIM_ATTR_DEFN_ID, ATTR_VAL) values ('1419', '61C095A09FDF4687A704C025B3A0CEA7', 1, '1539', '1013', '1005', '000001');
insert into KRIM_ROLE_MBR_ATTR_DATA_T (ATTR_DATA_ID, OBJ_ID, VER_NBR, ROLE_MBR_ID, KIM_TYP_ID, KIM_ATTR_DEFN_ID, ATTR_VAL) values ('1420', 'FB1AA645D57B4A77A7C0C944F6DA0EE2', 1, '1539', '1013', '1006', 'N');
insert into KRIM_ROLE_MBR_ATTR_DATA_T (ATTR_DATA_ID, OBJ_ID, VER_NBR, ROLE_MBR_ID, KIM_TYP_ID, KIM_ATTR_DEFN_ID, ATTR_VAL) values ('1421', '86A87D0201B54F5C9C53BF921EDA5627', 1, '1540', '1013', '1005', '000001');
insert into KRIM_ROLE_MBR_ATTR_DATA_T (ATTR_DATA_ID, OBJ_ID, VER_NBR, ROLE_MBR_ID, KIM_TYP_ID, KIM_ATTR_DEFN_ID, ATTR_VAL) values ('1422', 'CE6640370D144AF89B8028BDE79625DD', 1, '1540', '1013', '1006', 'N');
insert into KRIM_ROLE_MBR_ATTR_DATA_T (ATTR_DATA_ID, OBJ_ID, VER_NBR, ROLE_MBR_ID, KIM_TYP_ID, KIM_ATTR_DEFN_ID, ATTR_VAL) values ('1423', '3ACEDD2EAF554B98A37A9D5400D81DDF', 1, '1541', '1013', '1005', 'BL-IIDC');
insert into KRIM_ROLE_MBR_ATTR_DATA_T (ATTR_DATA_ID, OBJ_ID, VER_NBR, ROLE_MBR_ID, KIM_TYP_ID, KIM_ATTR_DEFN_ID, ATTR_VAL) values ('1424', '4F5AC889CD4E447EA2BC9DCC02AE9193', 1, '1541', '1013', '1006', 'N');
insert into KRIM_ROLE_MBR_ATTR_DATA_T (ATTR_DATA_ID, OBJ_ID, VER_NBR, ROLE_MBR_ID, KIM_TYP_ID, KIM_ATTR_DEFN_ID, ATTR_VAL) values ('1425', '351ECD144ABC47FDA01BE8198A562F33', 1, '1542', '1013', '1005', 'IN-CARD');
insert into KRIM_ROLE_MBR_ATTR_DATA_T (ATTR_DATA_ID, OBJ_ID, VER_NBR, ROLE_MBR_ID, KIM_TYP_ID, KIM_ATTR_DEFN_ID, ATTR_VAL) values ('1426', '1814977D5705476E9AB4491893ACE3AF', 1, '1542', '1013', '1006', 'N');
insert into KRIM_ROLE_MBR_ATTR_DATA_T (ATTR_DATA_ID, OBJ_ID, VER_NBR, ROLE_MBR_ID, KIM_TYP_ID, KIM_ATTR_DEFN_ID, ATTR_VAL) values ('1427', '4C3B106B285E45EC856450734E265294', 1, '1543', '1013', '1005', '000001');
insert into KRIM_ROLE_MBR_ATTR_DATA_T (ATTR_DATA_ID, OBJ_ID, VER_NBR, ROLE_MBR_ID, KIM_TYP_ID, KIM_ATTR_DEFN_ID, ATTR_VAL) values ('1428', 'BEB286ABC6DB458883396368344A19A4', 1, '1543', '1013', '1006', 'Y');
insert into KRIM_ROLE_MBR_ATTR_DATA_T (ATTR_DATA_ID, OBJ_ID, VER_NBR, ROLE_MBR_ID, KIM_TYP_ID, KIM_ATTR_DEFN_ID, ATTR_VAL) values ('1429', '76943C2B89F343C7B2B81472E8E30673', 1, '1544', '1013', '1005', '000001');
insert into KRIM_ROLE_MBR_ATTR_DATA_T (ATTR_DATA_ID, OBJ_ID, VER_NBR, ROLE_MBR_ID, KIM_TYP_ID, KIM_ATTR_DEFN_ID, ATTR_VAL) values ('1430', '4B007E3C88144851897DCCAF1DCEBC59', 1, '1544', '1013', '1006', 'Y');
insert into KRIM_ROLE_MBR_ATTR_DATA_T (ATTR_DATA_ID, OBJ_ID, VER_NBR, ROLE_MBR_ID, KIM_TYP_ID, KIM_ATTR_DEFN_ID, ATTR_VAL) values ('1016', '6945209017D74D4F81B34D309A932F7C', 1, '1291', '1012', '1005', 'BL-IIDC');
insert into KRIM_ROLE_MBR_ATTR_DATA_T (ATTR_DATA_ID, OBJ_ID, VER_NBR, ROLE_MBR_ID, KIM_TYP_ID, KIM_ATTR_DEFN_ID, ATTR_VAL) values ('1431', '05726E8A497448E7888C3B187DBA5D32', 1, '1545', '1013', '1005', '000001');
insert into KRIM_ROLE_MBR_ATTR_DATA_T (ATTR_DATA_ID, OBJ_ID, VER_NBR, ROLE_MBR_ID, KIM_TYP_ID, KIM_ATTR_DEFN_ID, ATTR_VAL) values ('1432', '353F3EC332534AF197D70868BB3425B1', 1, '1545', '1013', '1006', 'N');
insert into KRIM_ROLE_MBR_ATTR_DATA_T (ATTR_DATA_ID, OBJ_ID, VER_NBR, ROLE_MBR_ID, KIM_TYP_ID, KIM_ATTR_DEFN_ID, ATTR_VAL) values ('1433', '3F011048BADD4B60932847E74561FF2D', 1, '1546', '1013', '1005', '000001');
insert into KRIM_ROLE_MBR_ATTR_DATA_T (ATTR_DATA_ID, OBJ_ID, VER_NBR, ROLE_MBR_ID, KIM_TYP_ID, KIM_ATTR_DEFN_ID, ATTR_VAL) values ('1434', 'E4C3EB75430C4BC68154C152CEC1B815', 1, '1546', '1013', '1006', 'Y');
insert into KRIM_ROLE_MBR_ATTR_DATA_T (ATTR_DATA_ID, OBJ_ID, VER_NBR, ROLE_MBR_ID, KIM_TYP_ID, KIM_ATTR_DEFN_ID, ATTR_VAL) values ('1435', 'eb451be0-86b4-4c70-906e-a209682a4c49', 1, '1590', '1013', '1005', '000001');
insert into KRIM_ROLE_MBR_ATTR_DATA_T (ATTR_DATA_ID, OBJ_ID, VER_NBR, ROLE_MBR_ID, KIM_TYP_ID, KIM_ATTR_DEFN_ID, ATTR_VAL) values ('1436', '076a0769-4414-4338-8488-9dbb6bb9e530', 1, '1590', '1013', '1006', 'Y');
insert into KRIM_ROLE_MBR_ATTR_DATA_T (ATTR_DATA_ID, OBJ_ID, VER_NBR, ROLE_MBR_ID, KIM_TYP_ID, KIM_ATTR_DEFN_ID, ATTR_VAL) values ('1437', 'cdc1320f-ed85-4eb3-83d8-01362a1a9199', 1, '1591', '1013', '1005', '000001');
insert into KRIM_ROLE_MBR_ATTR_DATA_T (ATTR_DATA_ID, OBJ_ID, VER_NBR, ROLE_MBR_ID, KIM_TYP_ID, KIM_ATTR_DEFN_ID, ATTR_VAL) values ('1438', '19328eb7-9184-44a2-aa49-4bf3101890da', 1, '1591', '1013', '1006', 'Y');
insert into KRIM_ROLE_MBR_ATTR_DATA_T (ATTR_DATA_ID, OBJ_ID, VER_NBR, ROLE_MBR_ID, KIM_TYP_ID, KIM_ATTR_DEFN_ID, ATTR_VAL) values ('1029', 'EA604AC4C6BD419291CC8FADDD75C72B', 1, '1560', '1012', '1005', '000001');
insert into KRIM_ROLE_MBR_ATTR_DATA_T (ATTR_DATA_ID, OBJ_ID, VER_NBR, ROLE_MBR_ID, KIM_TYP_ID, KIM_ATTR_DEFN_ID, ATTR_VAL) values ('1030', 'D2F3BD4FE3AE43A48F7964A4E00D3698', 1, '1561', '1012', '1005', 'BL-IIDC');
insert into KRIM_ROLE_MBR_ATTR_DATA_T (ATTR_DATA_ID, OBJ_ID, VER_NBR, ROLE_MBR_ID, KIM_TYP_ID, KIM_ATTR_DEFN_ID, ATTR_VAL) values ('1031', '852F009FF7F7420595D7F3309EBBB340', 1, '1562', '1012', '1005', 'IN-CARD');
insert into KRIM_ROLE_MBR_ATTR_DATA_T (ATTR_DATA_ID, OBJ_ID, VER_NBR, ROLE_MBR_ID, KIM_TYP_ID, KIM_ATTR_DEFN_ID, ATTR_VAL) values ('1032', 'BE60C8A7164D429D88920E5BE98FF999', 1, '1563', '1012', '1005', '000001');
insert into KRIM_ROLE_MBR_ATTR_DATA_T (ATTR_DATA_ID, OBJ_ID, VER_NBR, ROLE_MBR_ID, KIM_TYP_ID, KIM_ATTR_DEFN_ID, ATTR_VAL) values ('1033', 'DCE3CE16E4564DB5A02B5679442BD84E', 1, '1564', '1012', '1005', 'BL-IIDC');
insert into KRIM_ROLE_MBR_ATTR_DATA_T (ATTR_DATA_ID, OBJ_ID, VER_NBR, ROLE_MBR_ID, KIM_TYP_ID, KIM_ATTR_DEFN_ID, ATTR_VAL) values ('1034', '78E0D1C6CDD4438D85BE47A157FFB9BC', 1, '1565', '1012', '1005', 'IN-CARD');
insert into KRIM_ROLE_MBR_ATTR_DATA_T (ATTR_DATA_ID, OBJ_ID, VER_NBR, ROLE_MBR_ID, KIM_TYP_ID, KIM_ATTR_DEFN_ID, ATTR_VAL) values ('1035', '0C2EA71BD7F545D2BFC3A4C4C60A6622', 1, '1566', '1012', '1005', '000001');
insert into KRIM_ROLE_MBR_ATTR_DATA_T (ATTR_DATA_ID, OBJ_ID, VER_NBR, ROLE_MBR_ID, KIM_TYP_ID, KIM_ATTR_DEFN_ID, ATTR_VAL) values ('1036', '7F838E8732834D899C1CE3B766FCB1AB', 1, '1567', '1012', '1005', '000001');
insert into KRIM_ROLE_MBR_ATTR_DATA_T (ATTR_DATA_ID, OBJ_ID, VER_NBR, ROLE_MBR_ID, KIM_TYP_ID, KIM_ATTR_DEFN_ID, ATTR_VAL) values ('1037', '7CFB18C132EE47909AD1ACA544EF5904', 1, '1568', '1012', '1005', 'BL-IIDC');
insert into KRIM_ROLE_MBR_ATTR_DATA_T (ATTR_DATA_ID, OBJ_ID, VER_NBR, ROLE_MBR_ID, KIM_TYP_ID, KIM_ATTR_DEFN_ID, ATTR_VAL) values ('1038', '211848C165C8452CBE429440678867CD', 1, '1569', '1012', '1005', 'IN-MDEP');
insert into KRIM_ROLE_MBR_ATTR_DATA_T (ATTR_DATA_ID, OBJ_ID, VER_NBR, ROLE_MBR_ID, KIM_TYP_ID, KIM_ATTR_DEFN_ID, ATTR_VAL) values ('1039', '2AA1212EDEEB4E05855D6C3C8639C2C4', 1, '1570', '1012', '1005', 'IN-PED');
insert into KRIM_ROLE_MBR_ATTR_DATA_T (ATTR_DATA_ID, OBJ_ID, VER_NBR, ROLE_MBR_ID, KIM_TYP_ID, KIM_ATTR_DEFN_ID, ATTR_VAL) values ('1040', '4AB00164ABBD48468533A102818D9BDB', 1, '1571', '1012', '1005', 'BL-BL');
insert into KRIM_ROLE_MBR_ATTR_DATA_T (ATTR_DATA_ID, OBJ_ID, VER_NBR, ROLE_MBR_ID, KIM_TYP_ID, KIM_ATTR_DEFN_ID, ATTR_VAL) values ('1041', 'E4EF7713D711466B9DE15505FCDF2ED8', 1, '1572', '1012', '1005', 'IN-MED');
insert into KRIM_ROLE_MBR_ATTR_DATA_T (ATTR_DATA_ID, OBJ_ID, VER_NBR, ROLE_MBR_ID, KIM_TYP_ID, KIM_ATTR_DEFN_ID, ATTR_VAL) values ('1042', 'B892E843954144FA9CFAAAE6063C8E89', 1, '1573', '1012', '1005', 'IN-CARR');
insert into KRIM_ROLE_MBR_ATTR_DATA_T (ATTR_DATA_ID, OBJ_ID, VER_NBR, ROLE_MBR_ID, KIM_TYP_ID, KIM_ATTR_DEFN_ID, ATTR_VAL) values ('1043', 'EEF00DB3972843D298DF150FA69BD04F', 1, '1574', '1012', '1005', 'IN-CARR');
insert into KRIM_ROLE_MBR_ATTR_DATA_T (ATTR_DATA_ID, OBJ_ID, VER_NBR, ROLE_MBR_ID, KIM_TYP_ID, KIM_ATTR_DEFN_ID, ATTR_VAL) values ('1044', '9B4FE342DC9644109E908371ADBD0103', 1, '1575', '1013', '1005', '000001');
insert into KRIM_ROLE_MBR_ATTR_DATA_T (ATTR_DATA_ID, OBJ_ID, VER_NBR, ROLE_MBR_ID, KIM_TYP_ID, KIM_ATTR_DEFN_ID, ATTR_VAL) values ('1045', 'D23F9FE9BC3E477794EE27646A939C3E', 1, '1575', '1013', '1006', 'N');
insert into KRIM_ROLE_MBR_ATTR_DATA_T (ATTR_DATA_ID, OBJ_ID, VER_NBR, ROLE_MBR_ID, KIM_TYP_ID, KIM_ATTR_DEFN_ID, ATTR_VAL) values ('1046', 'C84C0E3AF7EE4CD6B9BA15CDE84261A0', 1, '1576', '1013', '1005', 'BL-IIDC');
insert into KRIM_ROLE_MBR_ATTR_DATA_T (ATTR_DATA_ID, OBJ_ID, VER_NBR, ROLE_MBR_ID, KIM_TYP_ID, KIM_ATTR_DEFN_ID, ATTR_VAL) values ('1047', '7CD2C1F14DE14500A7AA1818426788CB', 1, '1576', '1013', '1006', 'N');
insert into KRIM_ROLE_MBR_ATTR_DATA_T (ATTR_DATA_ID, OBJ_ID, VER_NBR, ROLE_MBR_ID, KIM_TYP_ID, KIM_ATTR_DEFN_ID, ATTR_VAL) values ('1048', '1F4751CE1EC6428FA3B94690F1BDCB0A', 1, '1577', '1013', '1005', 'IN-CARD');
insert into KRIM_ROLE_MBR_ATTR_DATA_T (ATTR_DATA_ID, OBJ_ID, VER_NBR, ROLE_MBR_ID, KIM_TYP_ID, KIM_ATTR_DEFN_ID, ATTR_VAL) values ('1049', 'D8D27B6C682F4571A92A5ECC70E4B977', 1, '1577', '1013', '1006', 'N');
insert into KRIM_ROLE_MBR_ATTR_DATA_T (ATTR_DATA_ID, OBJ_ID, VER_NBR, ROLE_MBR_ID, KIM_TYP_ID, KIM_ATTR_DEFN_ID, ATTR_VAL) values ('1050', 'B7221EF365BF44778659860966D73207', 1, '1578', '1013', '1005', '000001');
insert into KRIM_ROLE_MBR_ATTR_DATA_T (ATTR_DATA_ID, OBJ_ID, VER_NBR, ROLE_MBR_ID, KIM_TYP_ID, KIM_ATTR_DEFN_ID, ATTR_VAL) values ('1051', 'FEB4F422585245D2AFDE5EA35E3FE2A2', 1, '1578', '1013', '1006', 'Y');
insert into KRIM_ROLE_MBR_ATTR_DATA_T (ATTR_DATA_ID, OBJ_ID, VER_NBR, ROLE_MBR_ID, KIM_TYP_ID, KIM_ATTR_DEFN_ID, ATTR_VAL) values ('1052', 'FB71242E1B1B4189AC8C99425C8716C6', 1, '1579', '1013', '1005', '000001');
insert into KRIM_ROLE_MBR_ATTR_DATA_T (ATTR_DATA_ID, OBJ_ID, VER_NBR, ROLE_MBR_ID, KIM_TYP_ID, KIM_ATTR_DEFN_ID, ATTR_VAL) values ('1053', '9B291412D02240239932421F224A72D1', 1, '1579', '1013', '1006', 'Y');
insert into KRIM_ROLE_MBR_ATTR_DATA_T (ATTR_DATA_ID, OBJ_ID, VER_NBR, ROLE_MBR_ID, KIM_TYP_ID, KIM_ATTR_DEFN_ID, ATTR_VAL) values ('1054', 'CE432236E5D94B8E88B5D1539093A7A3', 1, '1580', '1013', '1005', '000001');
insert into KRIM_ROLE_MBR_ATTR_DATA_T (ATTR_DATA_ID, OBJ_ID, VER_NBR, ROLE_MBR_ID, KIM_TYP_ID, KIM_ATTR_DEFN_ID, ATTR_VAL) values ('1055', 'F5AA3D5DE4B149369001955A34C0D21E', 1, '1580', '1013', '1006', 'Y');
insert into KRIM_ROLE_MBR_ATTR_DATA_T (ATTR_DATA_ID, OBJ_ID, VER_NBR, ROLE_MBR_ID, KIM_TYP_ID, KIM_ATTR_DEFN_ID, ATTR_VAL) values ('1056', 'B21B83CFBAF94C6FA3568F5A5202D79C', 1, '1581', '1013', '1005', '000001');
insert into KRIM_ROLE_MBR_ATTR_DATA_T (ATTR_DATA_ID, OBJ_ID, VER_NBR, ROLE_MBR_ID, KIM_TYP_ID, KIM_ATTR_DEFN_ID, ATTR_VAL) values ('1057', '234BDE9A732A43DFB64402532CB686BF', 1, '1581', '1013', '1006', 'N');
insert into KRIM_ROLE_MBR_ATTR_DATA_T (ATTR_DATA_ID, OBJ_ID, VER_NBR, ROLE_MBR_ID, KIM_TYP_ID, KIM_ATTR_DEFN_ID, ATTR_VAL) values ('1058', 'b2e7545e-7534-4e0c-8a89-b56bd7fe97ef', 1, (select ROLE_MBR_ID from KRIM_ROLE_MBR_T where ROLE_ID='1120' and MBR_ID='10000000001'), '1013', '1005', 'N');
insert into KRIM_ROLE_MBR_ATTR_DATA_T (ATTR_DATA_ID, OBJ_ID, VER_NBR, ROLE_MBR_ID, KIM_TYP_ID, KIM_ATTR_DEFN_ID, ATTR_VAL) values ('1059', 'b86c9bb1-11d9-4651-8361-99dec5a2480b', 1, (select ROLE_MBR_ID from KRIM_ROLE_MBR_T where ROLE_ID='1120' and MBR_ID='10000000001'), '1013', '1006', 'N');
insert into KRIM_ROLE_MBR_ATTR_DATA_T  values ('1060', '01c22ac6-dff1-4ba1-ab18-6024b1e47350', 1, (select ROLE_MBR_ID from KRIM_ROLE_MBR_T where ROLE_ID=(select ROLE_ID from KRIM_ROLE_T where ROLE_NM='Institutional PROPOSAL Maintainer') and MBR_ID=(select PRNCPL_ID from KRIM_PRNCPL_T where PRNCPL_NM='quickstart')), '1013', '1005', '000001');
insert into KRIM_ROLE_MBR_ATTR_DATA_T  values ('1061', 'f3c9e8c9-fa5a-4b49-8982-b449e9acd5ba', 1, (select ROLE_MBR_ID from KRIM_ROLE_MBR_T where ROLE_ID=(select ROLE_ID from KRIM_ROLE_T where ROLE_NM='Institutional PROPOSAL Maintainer') and MBR_ID=(select PRNCPL_ID from KRIM_PRNCPL_T where PRNCPL_NM='quickstart')), '1013', '1006', 'Y');


--**************************************************************************************************************************************************
--*************************************************** PERMISSIONS-TO-ROLES *************************************************************************
--**************************************************************************************************************************************************

insert into KRIM_ROLE_PERM_T (ROLE_PERM_ID, OBJ_ID, VER_NBR, ROLE_ID, PERM_ID, ACTV_IND) values ('10002', '77BC20590A50319DE0404F8189D80DB4', 1, '1119', '1199', 'Y');
insert into KRIM_ROLE_PERM_T (ROLE_PERM_ID, OBJ_ID, VER_NBR, ROLE_ID, PERM_ID, ACTV_IND) values ('10003', '77BC20590A53319DE0404F8189D80DB4', 1, '1120', '1200', 'Y');
insert into KRIM_ROLE_PERM_T (ROLE_PERM_ID, OBJ_ID, VER_NBR, ROLE_ID, PERM_ID, ACTV_IND) values ('10004', 'A5D1A7D09E7D412085A6F59FA72BE834', 1, '1114', '1000', 'Y');
insert into KRIM_ROLE_PERM_T (ROLE_PERM_ID, OBJ_ID, VER_NBR, ROLE_ID, PERM_ID, ACTV_IND) values ('10005', 'E5E25615EBB5454DBD55D930AF9E3D63', 1, '1115', '1008', 'Y');
insert into KRIM_ROLE_PERM_T (ROLE_PERM_ID, OBJ_ID, VER_NBR, ROLE_ID, PERM_ID, ACTV_IND) values ('10006', 'D6C953768CFB42ABA5350724D9C1496F', 1, '1115', '1021', 'Y');
insert into KRIM_ROLE_PERM_T (ROLE_PERM_ID, OBJ_ID, VER_NBR, ROLE_ID, PERM_ID, ACTV_IND) values ('10007', '4C8F98FD69844EA291238BC2E32A87F6', 1, '1115', '1010', 'Y');
insert into KRIM_ROLE_PERM_T (ROLE_PERM_ID, OBJ_ID, VER_NBR, ROLE_ID, PERM_ID, ACTV_IND) values ('10008', '90BF899809334D389DB580FF9C58CB4C', 1, '1115', '1023', 'Y');
insert into KRIM_ROLE_PERM_T (ROLE_PERM_ID, OBJ_ID, VER_NBR, ROLE_ID, PERM_ID, ACTV_IND) values ('10009', '3A2EBAB2BF0A4201A57F8DD62A504236', 1, '1115', '1009', 'Y');
insert into KRIM_ROLE_PERM_T (ROLE_PERM_ID, OBJ_ID, VER_NBR, ROLE_ID, PERM_ID, ACTV_IND) values ('10010', 'E08C3D1580384A7DA7024761A7BBAACA', 1, '1115', '1022', 'Y');
insert into KRIM_ROLE_PERM_T (ROLE_PERM_ID, OBJ_ID, VER_NBR, ROLE_ID, PERM_ID, ACTV_IND) values ('10011', 'A599DDCA7A604B4ABE1737F2BEB25727', 1, '1115', '1011', 'Y');
insert into KRIM_ROLE_PERM_T (ROLE_PERM_ID, OBJ_ID, VER_NBR, ROLE_ID, PERM_ID, ACTV_IND) values ('10012', 'C93A44CF61EE4ABF98F979512ECC5791', 1, '1115', '1033', 'Y');
insert into KRIM_ROLE_PERM_T (ROLE_PERM_ID, OBJ_ID, VER_NBR, ROLE_ID, PERM_ID, ACTV_IND) values ('10013', '01F4B55BDB6646A5BC076C9B00B2EDC5', 1, '1115', '1034', 'Y');
insert into KRIM_ROLE_PERM_T (ROLE_PERM_ID, OBJ_ID, VER_NBR, ROLE_ID, PERM_ID, ACTV_IND) values ('10014', '69A77DCC02A44130892ABF7FE2669EB9', 1, '1115', '1005', 'Y');
insert into KRIM_ROLE_PERM_T (ROLE_PERM_ID, OBJ_ID, VER_NBR, ROLE_ID, PERM_ID, ACTV_IND) values ('10015', 'C7C35F40BD5A4141ABF7B870250C7F48', 1, '1115', '1036', 'Y');
insert into KRIM_ROLE_PERM_T (ROLE_PERM_ID, OBJ_ID, VER_NBR, ROLE_ID, PERM_ID, ACTV_IND) values ('10016', '8E5336F987A74C398F844626F91AE446', 1, '1116', '1008', 'Y');
insert into KRIM_ROLE_PERM_T (ROLE_PERM_ID, OBJ_ID, VER_NBR, ROLE_ID, PERM_ID, ACTV_IND) values ('10017', 'AD5EB04CA2064E58BD05D573E9542BA0', 1, '1116', '1021', 'Y');
insert into KRIM_ROLE_PERM_T (ROLE_PERM_ID, OBJ_ID, VER_NBR, ROLE_ID, PERM_ID, ACTV_IND) values ('10018', '243752809FD6460099820CA7A2E22D04', 1, '1116', '1010', 'Y');
insert into KRIM_ROLE_PERM_T (ROLE_PERM_ID, OBJ_ID, VER_NBR, ROLE_ID, PERM_ID, ACTV_IND) values ('10019', '342F2266BD2741A199FE163A42F2D813', 1, '1116', '1023', 'Y');
insert into KRIM_ROLE_PERM_T (ROLE_PERM_ID, OBJ_ID, VER_NBR, ROLE_ID, PERM_ID, ACTV_IND) values ('10020', '1D8F740207C445049CE4FD4D494EFFA9', 1, '1116', '1022', 'Y');
insert into KRIM_ROLE_PERM_T (ROLE_PERM_ID, OBJ_ID, VER_NBR, ROLE_ID, PERM_ID, ACTV_IND) values ('10021', '8AB1F65BDBB64C82943B92595397A475', 1, '1116', '1033', 'Y');
insert into KRIM_ROLE_PERM_T (ROLE_PERM_ID, OBJ_ID, VER_NBR, ROLE_ID, PERM_ID, ACTV_IND) values ('10022', 'C7C0AD1990B8421A92BC8E8DEF3834B4', 1, '1117', '1008', 'Y');
insert into KRIM_ROLE_PERM_T (ROLE_PERM_ID, OBJ_ID, VER_NBR, ROLE_ID, PERM_ID, ACTV_IND) values ('10023', '0EC0679410FD43EF98B9F9C13C6FF7C0', 1, '1117', '1021', 'Y');
insert into KRIM_ROLE_PERM_T (ROLE_PERM_ID, OBJ_ID, VER_NBR, ROLE_ID, PERM_ID, ACTV_IND) values ('10024', 'EE317A71245F44C6BEC42E5369A6641F', 1, '1117', '1023', 'Y');
insert into KRIM_ROLE_PERM_T (ROLE_PERM_ID, OBJ_ID, VER_NBR, ROLE_ID, PERM_ID, ACTV_IND) values ('10025', '706ACFF03AEA4C1CA09823BA0D989374', 1, '1117', '1009', 'Y');
insert into KRIM_ROLE_PERM_T (ROLE_PERM_ID, OBJ_ID, VER_NBR, ROLE_ID, PERM_ID, ACTV_IND) values ('10026', 'D963DBDF79454013803CF293BFE9B3F9', 1, '1117', '1022', 'Y');
insert into KRIM_ROLE_PERM_T (ROLE_PERM_ID, OBJ_ID, VER_NBR, ROLE_ID, PERM_ID, ACTV_IND) values ('10027', 'C998652248AC4231B5C1499106722489', 1, '1117', '1033', 'Y');
insert into KRIM_ROLE_PERM_T (ROLE_PERM_ID, OBJ_ID, VER_NBR, ROLE_ID, PERM_ID, ACTV_IND) values ('10028', '1D51ED7509D44967A8405A04B359083D', 1, '1118', '1021', 'Y');
insert into KRIM_ROLE_PERM_T (ROLE_PERM_ID, OBJ_ID, VER_NBR, ROLE_ID, PERM_ID, ACTV_IND) values ('10029', '78DD63A731D540CF8493F996EFB2F9EC', 1, '1118', '1023', 'Y');
insert into KRIM_ROLE_PERM_T (ROLE_PERM_ID, OBJ_ID, VER_NBR, ROLE_ID, PERM_ID, ACTV_IND) values ('10030', '061145A7C55B48CAB4193E19D3478A28', 1, '1118', '1022', 'Y');
insert into KRIM_ROLE_PERM_T (ROLE_PERM_ID, OBJ_ID, VER_NBR, ROLE_ID, PERM_ID, ACTV_IND) values ('10031', 'B00C1E1206434652A6148869B25DB6E7', 1, '1118', '1033', 'Y');
insert into KRIM_ROLE_PERM_T (ROLE_PERM_ID, OBJ_ID, VER_NBR, ROLE_ID, PERM_ID, ACTV_IND) values ('10032', 'D224337273CE43F18D0E3E0B8FA7E238', 1, '1120', '1021', 'Y');
insert into KRIM_ROLE_PERM_T (ROLE_PERM_ID, OBJ_ID, VER_NBR, ROLE_ID, PERM_ID, ACTV_IND) values ('10033', '48C328BBD75243858E11BF1A270DDB3A', 1, '1120', '1023', 'Y');
insert into KRIM_ROLE_PERM_T (ROLE_PERM_ID, OBJ_ID, VER_NBR, ROLE_ID, PERM_ID, ACTV_IND) values ('10034', '0E59B55953F544638E84C70839DAD847', 1, '1120', '1022', 'Y');
insert into KRIM_ROLE_PERM_T (ROLE_PERM_ID, OBJ_ID, VER_NBR, ROLE_ID, PERM_ID, ACTV_IND) values ('10035', '6AAE9A68189E4C8CA3CA34243ECE1499', 1, '1120', '1032', 'Y');
insert into KRIM_ROLE_PERM_T (ROLE_PERM_ID, OBJ_ID, VER_NBR, ROLE_ID, PERM_ID, ACTV_IND) values ('10036', 'B4A3B2FE3DE64694BCCD40ED1FB3EB43', 1, '1120', '1036', 'Y');
insert into KRIM_ROLE_PERM_T (ROLE_PERM_ID, OBJ_ID, VER_NBR, ROLE_ID, PERM_ID, ACTV_IND) values ('10037', 'DA618CDB4CBE4C2AA989C057DB7674EC', 1, '1121', '1021', 'Y');
insert into KRIM_ROLE_PERM_T (ROLE_PERM_ID, OBJ_ID, VER_NBR, ROLE_ID, PERM_ID, ACTV_IND) values ('10038', '51172E7BD7E241738F01AAF7CBEC51A1', 1, '1121', '1023', 'Y');
insert into KRIM_ROLE_PERM_T (ROLE_PERM_ID, OBJ_ID, VER_NBR, ROLE_ID, PERM_ID, ACTV_IND) values ('10039', 'E8F972EE76094660B224D7871D518983', 1, '1121', '1022', 'Y');
insert into KRIM_ROLE_PERM_T (ROLE_PERM_ID, OBJ_ID, VER_NBR, ROLE_ID, PERM_ID, ACTV_IND) values ('10040', '4BDAE8B77B9C42748BEC5F9065E490A6', 1, '1121', '1032', 'Y');
insert into KRIM_ROLE_PERM_T (ROLE_PERM_ID, OBJ_ID, VER_NBR, ROLE_ID, PERM_ID, ACTV_IND) values ('10041', 'BF56A26B9B714DA29FBA5B5ED8020857', 1, '1121', '1033', 'Y');
insert into KRIM_ROLE_PERM_T (ROLE_PERM_ID, OBJ_ID, VER_NBR, ROLE_ID, PERM_ID, ACTV_IND) values ('10042', '27B8D50C14874757B57255D634013782', 1, '1121', '1035', 'Y');
insert into KRIM_ROLE_PERM_T (ROLE_PERM_ID, OBJ_ID, VER_NBR, ROLE_ID, PERM_ID, ACTV_IND) values ('10043', '94931BE9226647D08448A6964698F01D', 1, '1122', '1001', 'Y');
insert into KRIM_ROLE_PERM_T (ROLE_PERM_ID, OBJ_ID, VER_NBR, ROLE_ID, PERM_ID, ACTV_IND) values ('10044', '452A9A7003974F6CA54085BCB2805205', 1, '1123', '1012', 'Y');
insert into KRIM_ROLE_PERM_T (ROLE_PERM_ID, OBJ_ID, VER_NBR, ROLE_ID, PERM_ID, ACTV_IND) values ('10045', 'E0683185407E4B059F1A8EC3A41AFAD1', 1, '1123', '1024', 'Y');
insert into KRIM_ROLE_PERM_T (ROLE_PERM_ID, OBJ_ID, VER_NBR, ROLE_ID, PERM_ID, ACTV_IND) values ('10046', '2FFB9E20840D4C958C755379E82AA4E1', 1, '1123', '1013', 'Y');
insert into KRIM_ROLE_PERM_T (ROLE_PERM_ID, OBJ_ID, VER_NBR, ROLE_ID, PERM_ID, ACTV_IND) values ('10047', '59855503213F4AC981F3FE44AEE11BBF', 1, '1123', '1041', 'Y');
insert into KRIM_ROLE_PERM_T (ROLE_PERM_ID, OBJ_ID, VER_NBR, ROLE_ID, PERM_ID, ACTV_IND) values ('10048', '27D59E7579DE4A829F09DD60F044265A', 1, '1123', '1037', 'Y');
insert into KRIM_ROLE_PERM_T (ROLE_PERM_ID, OBJ_ID, VER_NBR, ROLE_ID, PERM_ID, ACTV_IND) values ('10049', 'A157539E73C14D4292F247CA8DA86D08', 1, '1123', '1038', 'Y');
insert into KRIM_ROLE_PERM_T (ROLE_PERM_ID, OBJ_ID, VER_NBR, ROLE_ID, PERM_ID, ACTV_IND) values ('10050', 'B5CF16792634486389998AE6AFE158F3', 1, '1123', '1006', 'Y');
insert into KRIM_ROLE_PERM_T (ROLE_PERM_ID, OBJ_ID, VER_NBR, ROLE_ID, PERM_ID, ACTV_IND) values ('10051', '862C70B962E64B429014C8B3F3D1F148', 1, '1123', '1048', 'Y');
insert into KRIM_ROLE_PERM_T (ROLE_PERM_ID, OBJ_ID, VER_NBR, ROLE_ID, PERM_ID, ACTV_IND) values ('10052', '06B6DD27AB0F4B06BB55013E61943655', 1, '1124', '1024', 'Y');
insert into KRIM_ROLE_PERM_T (ROLE_PERM_ID, OBJ_ID, VER_NBR, ROLE_ID, PERM_ID, ACTV_IND) values ('10053', '68EEF8233400445BB8F81955D8DB9849', 1, '1125', '1012', 'Y');
insert into KRIM_ROLE_PERM_T (ROLE_PERM_ID, OBJ_ID, VER_NBR, ROLE_ID, PERM_ID, ACTV_IND) values ('10054', 'D4E6F1B5E80D4246A213FF3D17513B66', 1, '1125', '1002', 'Y');
insert into KRIM_ROLE_PERM_T (ROLE_PERM_ID, OBJ_ID, VER_NBR, ROLE_ID, PERM_ID, ACTV_IND) values ('10055', '549D8966C2EF46E0987F8CB1A2DE7598', 1, '1125', '1039', 'Y');
insert into KRIM_ROLE_PERM_T (ROLE_PERM_ID, OBJ_ID, VER_NBR, ROLE_ID, PERM_ID, ACTV_IND) values ('10056', 'EC7C6F8622EF4874A22C78EB6824D83F', 1, '1125', '1043', 'Y');
insert into KRIM_ROLE_PERM_T (ROLE_PERM_ID, OBJ_ID, VER_NBR, ROLE_ID, PERM_ID, ACTV_IND) values ('10057', '8509B1FF7DBE4BC398DA7F0705903ED4', 1, '1125', '1044', 'Y');
insert into KRIM_ROLE_PERM_T (ROLE_PERM_ID, OBJ_ID, VER_NBR, ROLE_ID, PERM_ID, ACTV_IND) values ('10058', 'B3D58707E495474ABBA747E80B7002F7', 1, '1125', '1045', 'Y');
insert into KRIM_ROLE_PERM_T (ROLE_PERM_ID, OBJ_ID, VER_NBR, ROLE_ID, PERM_ID, ACTV_IND) values ('10062', '2D7961CE9AD94FE1A4B20B3FEC62DB38', 1, '1125', '1016', 'Y');
insert into KRIM_ROLE_PERM_T (ROLE_PERM_ID, OBJ_ID, VER_NBR, ROLE_ID, PERM_ID, ACTV_IND) values ('10063', '2A3063D7891F4D7CA9BA0B59866D50CE', 1, '1125', '1017', 'Y');
insert into KRIM_ROLE_PERM_T (ROLE_PERM_ID, OBJ_ID, VER_NBR, ROLE_ID, PERM_ID, ACTV_IND) values ('10064', 'E578F45D817A479FA940DABC24BE5D75', 1, '1125', '1040', 'Y');
insert into KRIM_ROLE_PERM_T (ROLE_PERM_ID, OBJ_ID, VER_NBR, ROLE_ID, PERM_ID, ACTV_IND) values ('10065', 'D110D5EE7FAA4E3BA1845A60441DBCC9', 1, '1125', '1014', 'Y');
insert into KRIM_ROLE_PERM_T (ROLE_PERM_ID, OBJ_ID, VER_NBR, ROLE_ID, PERM_ID, ACTV_IND) values ('10066', '25BF6A3240214616AFA0A7C8861214E8', 1, '1125', '1015', 'Y');
insert into KRIM_ROLE_PERM_T (ROLE_PERM_ID, OBJ_ID, VER_NBR, ROLE_ID, PERM_ID, ACTV_IND) values ('10067', '71D8F44B8D854012859CAE5A575F632A', 1, '1125', '1050', 'Y');
insert into KRIM_ROLE_PERM_T (ROLE_PERM_ID, OBJ_ID, VER_NBR, ROLE_ID, PERM_ID, ACTV_IND) values ('10068', 'CD484D9FBD1D475B819DC5BE018F8BE2', 1, '1125', '1042', 'Y');
insert into KRIM_ROLE_PERM_T (ROLE_PERM_ID, OBJ_ID, VER_NBR, ROLE_ID, PERM_ID, ACTV_IND) values ('10069', '6E121E809978459BA82EA81657547E6C', 1, '1125', '1028', 'Y');
insert into KRIM_ROLE_PERM_T (ROLE_PERM_ID, OBJ_ID, VER_NBR, ROLE_ID, PERM_ID, ACTV_IND) values ('10070', 'C755C2F6DBFF4B90911BBA9470A622BA', 1, '1125', '1026', 'Y');
insert into KRIM_ROLE_PERM_T (ROLE_PERM_ID, OBJ_ID, VER_NBR, ROLE_ID, PERM_ID, ACTV_IND) values ('10071', '0DB432B1207B4BDFA98488FFF693076F', 1, '1125', '1046', 'Y');
insert into KRIM_ROLE_PERM_T (ROLE_PERM_ID, OBJ_ID, VER_NBR, ROLE_ID, PERM_ID, ACTV_IND) values ('10072', '7DDE8D8C922B4283BCAE4F31D5D07598', 1, '1125', '1025', 'Y');
insert into KRIM_ROLE_PERM_T (ROLE_PERM_ID, OBJ_ID, VER_NBR, ROLE_ID, PERM_ID, ACTV_IND) values ('10073', '996DBB638E8E4BB6AE949DF03FB38260', 1, '1125', '1027', 'Y');
insert into KRIM_ROLE_PERM_T (ROLE_PERM_ID, OBJ_ID, VER_NBR, ROLE_ID, PERM_ID, ACTV_IND) values ('10074', 'DA8E5CE9C183438FAF5CB6C9300A5B1E', 1, '1126', '1028', 'Y');
insert into KRIM_ROLE_PERM_T (ROLE_PERM_ID, OBJ_ID, VER_NBR, ROLE_ID, PERM_ID, ACTV_IND) values ('10075', '44F51CFBCE8A41899B599E1BB60F2C50', 1, '1126', '1026', 'Y');
insert into KRIM_ROLE_PERM_T (ROLE_PERM_ID, OBJ_ID, VER_NBR, ROLE_ID, PERM_ID, ACTV_IND) values ('10076', 'FB1A2D9337694D0BAAD8C435C3802CD5', 1, '1126', '1046', 'Y');
insert into KRIM_ROLE_PERM_T (ROLE_PERM_ID, OBJ_ID, VER_NBR, ROLE_ID, PERM_ID, ACTV_IND) values ('10077', '088C113DE55349E79D03540317B56C6C', 1, '1126', '1025', 'Y');
insert into KRIM_ROLE_PERM_T (ROLE_PERM_ID, OBJ_ID, VER_NBR, ROLE_ID, PERM_ID, ACTV_IND) values ('10078', '03FB39A872C4408EA6DCD42ABC45CE70', 1, '1126', '1027', 'Y');
insert into KRIM_ROLE_PERM_T (ROLE_PERM_ID, OBJ_ID, VER_NBR, ROLE_ID, PERM_ID, ACTV_IND) values ('10079', '1664F98441AA494DAAEBB2EB30320698', 1, '1129', '1004', 'Y');
insert into KRIM_ROLE_PERM_T (ROLE_PERM_ID, OBJ_ID, VER_NBR, ROLE_ID, PERM_ID, ACTV_IND) values ('10080', '8ACAC3313D9C465CA84FE0A295304918', 1, '1129', '1047', 'Y');
insert into KRIM_ROLE_PERM_T (ROLE_PERM_ID, OBJ_ID, VER_NBR, ROLE_ID, PERM_ID, ACTV_IND) values ('10081', '9CDC448159FC4A5587714FC1324B13EB', 1, '1129', '1051', 'Y');
insert into KRIM_ROLE_PERM_T (ROLE_PERM_ID, OBJ_ID, VER_NBR, ROLE_ID, PERM_ID, ACTV_IND) values ('10082', 'DFC934DC6D1C4E9ABAAAD47B6CBC1367', 1, '1130', '1003', 'Y');
insert into KRIM_ROLE_PERM_T (ROLE_PERM_ID, OBJ_ID, VER_NBR, ROLE_ID, PERM_ID, ACTV_IND) values ('10083', '64D45E8951BF464C9E976DE55A41519F', 1, '1130', '1018', 'Y');
insert into KRIM_ROLE_PERM_T (ROLE_PERM_ID, OBJ_ID, VER_NBR, ROLE_ID, PERM_ID, ACTV_IND) values ('10084', 'A29EB7C01D774E29823F331E2D55EFDD', 1, '1130', '1029', 'Y');
insert into KRIM_ROLE_PERM_T (ROLE_PERM_ID, OBJ_ID, VER_NBR, ROLE_ID, PERM_ID, ACTV_IND) values ('10085', 'EACCE09358E948FA9B6DB3DE05CB72E3', 1, '1131', '1019', 'Y');
insert into KRIM_ROLE_PERM_T (ROLE_PERM_ID, OBJ_ID, VER_NBR, ROLE_ID, PERM_ID, ACTV_IND) values ('10086', '435E9381601646A482FABC5B21F7EC47', 1, '1131', '1007', 'Y');
insert into KRIM_ROLE_PERM_T (ROLE_PERM_ID, OBJ_ID, VER_NBR, ROLE_ID, PERM_ID, ACTV_IND) values ('10087', '26BBC43EA08F490F8DEB9812049B90B7', 1, '1133', '1049', 'Y');
insert into KRIM_ROLE_PERM_T (ROLE_PERM_ID, OBJ_ID, VER_NBR, ROLE_ID, PERM_ID, ACTV_IND) values ('10088', '087638055E884AB2A340FA809995AF1C', 1, '1134', '1019', 'Y');
insert into KRIM_ROLE_PERM_T (ROLE_PERM_ID, OBJ_ID, VER_NBR, ROLE_ID, PERM_ID, ACTV_IND) values ('10089', 'E80B2169AF024057850385173F0D46E0', 1, '1134', '1007', 'Y');
insert into KRIM_ROLE_PERM_T (ROLE_PERM_ID, OBJ_ID, VER_NBR, ROLE_ID, PERM_ID, ACTV_IND) values ('10090', '73274AD38A5545918E0EEE81E7406A22', 1, '1134', '1030', 'Y');
insert into KRIM_ROLE_PERM_T (ROLE_PERM_ID, OBJ_ID, VER_NBR, ROLE_ID, PERM_ID, ACTV_IND) values ('10091', '24429CF231B34B9DB9D80D5F729E0FC0', 1, '1135', '1020', 'Y');
insert into KRIM_ROLE_PERM_T (ROLE_PERM_ID, OBJ_ID, VER_NBR, ROLE_ID, PERM_ID, ACTV_IND) values ('10092', 'E3B384F706314985B1A81B5595BCA621', 1, '1136', '1019', 'Y');
insert into KRIM_ROLE_PERM_T (ROLE_PERM_ID, OBJ_ID, VER_NBR, ROLE_ID, PERM_ID, ACTV_IND) values ('10093', '3EB34FE157DB48D8AA792C744915F83E', 1, '1137', '1029', 'Y');
insert into KRIM_ROLE_PERM_T (ROLE_PERM_ID, OBJ_ID, VER_NBR, ROLE_ID, PERM_ID, ACTV_IND) values ('10094', '3A12D8BBC9A4409F990CE6AA2652B5D6', 1, '1138', '1030', 'Y');
insert into KRIM_ROLE_PERM_T (ROLE_PERM_ID, OBJ_ID, VER_NBR, ROLE_ID, PERM_ID, ACTV_IND) values ('10095', 'A65A16A16C844F3585FC4EB4D287925E', 1, '1139', '1031', 'Y');
insert into KRIM_ROLE_PERM_T (ROLE_PERM_ID, OBJ_ID, VER_NBR, ROLE_ID, PERM_ID, ACTV_IND) values ('183', '5C27A267EF5C7417E0404F8189D830A9', 1, '63', '140', 'Y');
insert into KRIM_ROLE_PERM_T (ROLE_PERM_ID, OBJ_ID, VER_NBR, ROLE_ID, PERM_ID, ACTV_IND) values ('184', '5C27A267EF5D7417E0404F8189D830A9', 1, '63', '141', 'Y');
insert into KRIM_ROLE_PERM_T (ROLE_PERM_ID, OBJ_ID, VER_NBR, ROLE_ID, PERM_ID, ACTV_IND) values ('185', '5C27A267EF5E7417E0404F8189D830A9', 1, '63', '142', 'Y');
insert into KRIM_ROLE_PERM_T (ROLE_PERM_ID, OBJ_ID, VER_NBR, ROLE_ID, PERM_ID, ACTV_IND) values ('186', '5C27A267EF5F7417E0404F8189D830A9', 1, '63', '143', 'Y');
insert into KRIM_ROLE_PERM_T (ROLE_PERM_ID, OBJ_ID, VER_NBR, ROLE_ID, PERM_ID, ACTV_IND) values ('187', '5C27A267EF607417E0404F8189D830A9', 1, '63', '144', 'Y');
insert into KRIM_ROLE_PERM_T (ROLE_PERM_ID, OBJ_ID, VER_NBR, ROLE_ID, PERM_ID, ACTV_IND) values ('188', '5C27A267EF617417E0404F8189D830A9', 1, '63', '145', 'Y');
insert into KRIM_ROLE_PERM_T (ROLE_PERM_ID, OBJ_ID, VER_NBR, ROLE_ID, PERM_ID, ACTV_IND) values ('189', '5C27A267EF627417E0404F8189D830A9', 1, '1', '146', 'Y');
insert into KRIM_ROLE_PERM_T (ROLE_PERM_ID, OBJ_ID, VER_NBR, ROLE_ID, PERM_ID, ACTV_IND) values ('190', '5C27A267EF637417E0404F8189D830A9', 1, '63', '147', 'Y');
insert into KRIM_ROLE_PERM_T (ROLE_PERM_ID, OBJ_ID, VER_NBR, ROLE_ID, PERM_ID, ACTV_IND) values ('191', '5C27A267EF647417E0404F8189D830A9', 1, '63', '148', 'Y');
insert into KRIM_ROLE_PERM_T (ROLE_PERM_ID, OBJ_ID, VER_NBR, ROLE_ID, PERM_ID, ACTV_IND) values ('193', '5C27A267EF667417E0404F8189D830A9', 1, '1', '149', 'Y');
insert into KRIM_ROLE_PERM_T (ROLE_PERM_ID, OBJ_ID, VER_NBR, ROLE_ID, PERM_ID, ACTV_IND) values ('194', '5C27A267EF677417E0404F8189D830A9', 1, '63', '150', 'Y');
insert into KRIM_ROLE_PERM_T (ROLE_PERM_ID, OBJ_ID, VER_NBR, ROLE_ID, PERM_ID, ACTV_IND) values ('195', '5C27A267EF687417E0404F8189D830A9', 1, '63', '151', 'Y');
insert into KRIM_ROLE_PERM_T (ROLE_PERM_ID, OBJ_ID, VER_NBR, ROLE_ID, PERM_ID, ACTV_IND) values ('196', '5C27A267EF697417E0404F8189D830A9', 1, '63', '152', 'Y');
insert into KRIM_ROLE_PERM_T (ROLE_PERM_ID, OBJ_ID, VER_NBR, ROLE_ID, PERM_ID, ACTV_IND) values ('197', '5C27A267EF6A7417E0404F8189D830A9', 1, '63', '153', 'Y');
insert into KRIM_ROLE_PERM_T (ROLE_PERM_ID, OBJ_ID, VER_NBR, ROLE_ID, PERM_ID, ACTV_IND) values ('199', '5C27A267EF6C7417E0404F8189D830A9', 1, '63', '154', 'Y');
insert into KRIM_ROLE_PERM_T (ROLE_PERM_ID, OBJ_ID, VER_NBR, ROLE_ID, PERM_ID, ACTV_IND) values ('200', '5C27A267EF6D7417E0404F8189D830A9', 1, '63', '155', 'Y');
insert into KRIM_ROLE_PERM_T (ROLE_PERM_ID, OBJ_ID, VER_NBR, ROLE_ID, PERM_ID, ACTV_IND) values ('201', '5C27A267EF6E7417E0404F8189D830A9', 1, '1', '156', 'Y');
insert into KRIM_ROLE_PERM_T (ROLE_PERM_ID, OBJ_ID, VER_NBR, ROLE_ID, PERM_ID, ACTV_IND) values ('206', '5C27A267EF737417E0404F8189D830A9', 1, '1', '161', 'Y');
insert into KRIM_ROLE_PERM_T (ROLE_PERM_ID, OBJ_ID, VER_NBR, ROLE_ID, PERM_ID, ACTV_IND) values ('207', '5C27A267EF747417E0404F8189D830A9', 1, '1', '162', 'Y');
insert into KRIM_ROLE_PERM_T (ROLE_PERM_ID, OBJ_ID, VER_NBR, ROLE_ID, PERM_ID, ACTV_IND) values ('208', '5C27A267EF757417E0404F8189D830A9', 1, '63', '163', 'Y');
insert into KRIM_ROLE_PERM_T (ROLE_PERM_ID, OBJ_ID, VER_NBR, ROLE_ID, PERM_ID, ACTV_IND) values ('210', '5C27A267EF777417E0404F8189D830A9', 1, '63', '164', 'Y');
insert into KRIM_ROLE_PERM_T (ROLE_PERM_ID, OBJ_ID, VER_NBR, ROLE_ID, PERM_ID, ACTV_IND) values ('211', '5C27A267EF787417E0404F8189D830A9', 1, '1', '165', 'Y');
insert into KRIM_ROLE_PERM_T (ROLE_PERM_ID, OBJ_ID, VER_NBR, ROLE_ID, PERM_ID, ACTV_IND) values ('212', '5C27A267EF797417E0404F8189D830A9', 1, '66', '167', 'Y');
insert into KRIM_ROLE_PERM_T (ROLE_PERM_ID, OBJ_ID, VER_NBR, ROLE_ID, PERM_ID, ACTV_IND) values ('213', '5C27A267EF7A7417E0404F8189D830A9', 1, '66', '168', 'Y');
insert into KRIM_ROLE_PERM_T (ROLE_PERM_ID, OBJ_ID, VER_NBR, ROLE_ID, PERM_ID, ACTV_IND) values ('214', '5C27A267EF7B7417E0404F8189D830A9', 1, '60', '290', 'Y');
insert into KRIM_ROLE_PERM_T (ROLE_PERM_ID, OBJ_ID, VER_NBR, ROLE_ID, PERM_ID, ACTV_IND) values ('251', '70086A2DF17E62E4E0404F8189D863CD', 1, '97', '181', 'Y');
insert into KRIM_ROLE_PERM_T (ROLE_PERM_ID, OBJ_ID, VER_NBR, ROLE_ID, PERM_ID, ACTV_IND) values ('216', '5C27A267EF7D7417E0404F8189D830A9', 1, '59', '170', 'Y');
insert into KRIM_ROLE_PERM_T (ROLE_PERM_ID, OBJ_ID, VER_NBR, ROLE_ID, PERM_ID, ACTV_IND) values ('218', '5C27A267EF7F7417E0404F8189D830A9', 1, '89', '172', 'Y');
insert into KRIM_ROLE_PERM_T (ROLE_PERM_ID, OBJ_ID, VER_NBR, ROLE_ID, PERM_ID, ACTV_IND) values ('219', '5C27A267EF807417E0404F8189D830A9', 1, '88', '173', 'Y');
insert into KRIM_ROLE_PERM_T (ROLE_PERM_ID, OBJ_ID, VER_NBR, ROLE_ID, PERM_ID, ACTV_IND) values ('220', '5C27A267EF817417E0404F8189D830A9', 1, '1', '174', 'Y');
insert into KRIM_ROLE_PERM_T (ROLE_PERM_ID, OBJ_ID, VER_NBR, ROLE_ID, PERM_ID, ACTV_IND) values ('226', '5C27A267EF877417E0404F8189D830A9', 1, '60', '180', 'Y');
insert into KRIM_ROLE_PERM_T (ROLE_PERM_ID, OBJ_ID, VER_NBR, ROLE_ID, PERM_ID, ACTV_IND) values ('227', '5C27A267EF887417E0404F8189D830A9', 1, '59', '181', 'Y');
insert into KRIM_ROLE_PERM_T (ROLE_PERM_ID, OBJ_ID, VER_NBR, ROLE_ID, PERM_ID, ACTV_IND) values ('229', '5C27A267EF8A7417E0404F8189D830A9', 1, '63', '183', 'Y');
insert into KRIM_ROLE_PERM_T (ROLE_PERM_ID, OBJ_ID, VER_NBR, ROLE_ID, PERM_ID, ACTV_IND) values ('512', '606763510FC596D3E0404F8189D857A2', 1, '61', '259', 'Y');
insert into KRIM_ROLE_PERM_T (ROLE_PERM_ID, OBJ_ID, VER_NBR, ROLE_ID, PERM_ID, ACTV_IND) values ('516', '606763510FC896D3E0404F8189D857A2', 1, '83', '261', 'Y');
insert into KRIM_ROLE_PERM_T (ROLE_PERM_ID, OBJ_ID, VER_NBR, ROLE_ID, PERM_ID, ACTV_IND) values ('552', '61815E6C62D3B647E0404F8189D873B3', 1, '90', '290', 'Y');
insert into KRIM_ROLE_PERM_T (ROLE_PERM_ID, OBJ_ID, VER_NBR, ROLE_ID, PERM_ID, ACTV_IND) values ('519', '606763510FD096D3E0404F8189D857A2', 1, '63', '264', 'Y');
insert into KRIM_ROLE_PERM_T (ROLE_PERM_ID, OBJ_ID, VER_NBR, ROLE_ID, PERM_ID, ACTV_IND) values ('550', '611BE30E404F5818E0404F8189D801C2', 1, '63', '289', 'Y');
insert into KRIM_ROLE_PERM_T (ROLE_PERM_ID, OBJ_ID, VER_NBR, ROLE_ID, PERM_ID, ACTV_IND) values ('701', 'C7C5063258494135A27DFDA4868F1D8B', 1, '63', '701', 'Y');
insert into KRIM_ROLE_PERM_T (ROLE_PERM_ID, OBJ_ID, VER_NBR, ROLE_ID, PERM_ID, ACTV_IND) values ('702', '6F5D842F42DC4018B6D9E8909A841062', 1, '63', '702', 'Y');
insert into KRIM_ROLE_PERM_T (ROLE_PERM_ID, OBJ_ID, VER_NBR, ROLE_ID, PERM_ID, ACTV_IND) values ('703', '70D86205B39A411F8A179555254E3737', 1, '63', '703', 'Y');
insert into KRIM_ROLE_PERM_T (ROLE_PERM_ID, OBJ_ID, VER_NBR, ROLE_ID, PERM_ID, ACTV_IND) values ('707', 'B27306E137C94947BA8AFFD2892722D8', 1, '63', '707', 'Y');
insert into KRIM_ROLE_PERM_T (ROLE_PERM_ID, OBJ_ID, VER_NBR, ROLE_ID, PERM_ID, ACTV_IND) values ('714', 'C1CFC68930134585835995DDE651B2C7', 1, '63', '714', 'Y');
insert into KRIM_ROLE_PERM_T (ROLE_PERM_ID, OBJ_ID, VER_NBR, ROLE_ID, PERM_ID, ACTV_IND) values ('719', '4B02BCD0AA764732997C77D139300784', 1, '63', '719', 'Y');
insert into KRIM_ROLE_PERM_T (ROLE_PERM_ID, OBJ_ID, VER_NBR, ROLE_ID, PERM_ID, ACTV_IND) values ('720', '7B920FA6145B47F6BF1B67B8EF3E96F4', 1, '63', '720', 'Y');
insert into KRIM_ROLE_PERM_T (ROLE_PERM_ID, OBJ_ID, VER_NBR, ROLE_ID, PERM_ID, ACTV_IND) values ('721', 'A2794759AE9E47CB970DEABA625EA64C', 1, '63', '721', 'Y');
insert into KRIM_ROLE_PERM_T (ROLE_PERM_ID, OBJ_ID, VER_NBR, ROLE_ID, PERM_ID, ACTV_IND) values ('730', '05993B68C8034FD2A758E3441C6AD961', 1, '1', '161', 'Y');
insert into KRIM_ROLE_PERM_T (ROLE_PERM_ID, OBJ_ID, VER_NBR, ROLE_ID, PERM_ID, ACTV_IND) values ('731', '25F3589FEFFE4FFCBB4C0577AD722538', 1, '1', '162', 'Y');
insert into KRIM_ROLE_PERM_T (ROLE_PERM_ID, OBJ_ID, VER_NBR, ROLE_ID, PERM_ID, ACTV_IND) values ('732', '5AFD381C59B34E9D9BA26B70A739C9A2', 1, '1', '163', 'Y');
insert into KRIM_ROLE_PERM_T (ROLE_PERM_ID, OBJ_ID, VER_NBR, ROLE_ID, PERM_ID, ACTV_IND) values ('808', '606763510FDD96D3E0404F8189D857A2', 1, '63', '801', 'Y');
insert into KRIM_ROLE_PERM_T (ROLE_PERM_ID, OBJ_ID, VER_NBR, ROLE_ID, PERM_ID, ACTV_IND) values ('809', '606763510FDE96D3E0404F8189D857A2', 1, '63', '802', 'Y');
insert into KRIM_ROLE_PERM_T (ROLE_PERM_ID, OBJ_ID, VER_NBR, ROLE_ID, PERM_ID, ACTV_IND) values ('810', '606763510FDF96D3E0404F8189D857A2', 1, '63', '803', 'Y');
insert into KRIM_ROLE_PERM_T (ROLE_PERM_ID, OBJ_ID, VER_NBR, ROLE_ID, PERM_ID, ACTV_IND) values ('811', '606763510FE096D3E0404F8189D857A2', 1, '63', '807', 'Y');
insert into KRIM_ROLE_PERM_T (ROLE_PERM_ID, OBJ_ID, VER_NBR, ROLE_ID, PERM_ID, ACTV_IND) values ('814', '606763510FED96D3E0404F8189D857A2', 1, '63', '814', 'Y');
insert into KRIM_ROLE_PERM_T (ROLE_PERM_ID, OBJ_ID, VER_NBR, ROLE_ID, PERM_ID, ACTV_IND) values ('819', '606763510FEE96D3E0404F8189D857A2', 1, '63', '819', 'Y');
insert into KRIM_ROLE_PERM_T (ROLE_PERM_ID, OBJ_ID, VER_NBR, ROLE_ID, PERM_ID, ACTV_IND) values ('820', '606763510FEF96D3E0404F8189D857A2', 1, '63', '820', 'Y');
insert into KRIM_ROLE_PERM_T (ROLE_PERM_ID, OBJ_ID, VER_NBR, ROLE_ID, PERM_ID, ACTV_IND) values ('821', '606763510FF096D3E0404F8189D857A2', 1, '63', '821', 'Y');
insert into KRIM_ROLE_PERM_T (ROLE_PERM_ID, OBJ_ID, VER_NBR, ROLE_ID, PERM_ID, ACTV_IND) values ('826', '606763510FF196D3E0404F8189D857A2', 1, '1', '166', 'Y');
insert into KRIM_ROLE_PERM_T (ROLE_PERM_ID, OBJ_ID, VER_NBR, ROLE_ID, PERM_ID, ACTV_IND) values ('827', '606763510FF596D3E0404F8189D857A2', 1, '63', '265', 'Y');
insert into KRIM_ROLE_PERM_T (ROLE_PERM_ID, OBJ_ID, VER_NBR, ROLE_ID, PERM_ID, ACTV_IND) values ('828', '606763510FF696D3E0404F8189D857A2', 1, '63', '140', 'Y');
insert into KRIM_ROLE_PERM_T (ROLE_PERM_ID, OBJ_ID, VER_NBR, ROLE_ID, PERM_ID, ACTV_IND) values ('829', '606763510FF796D3E0404F8189D857A2', 1, '63', '141', 'Y');
insert into KRIM_ROLE_PERM_T (ROLE_PERM_ID, OBJ_ID, VER_NBR, ROLE_ID, PERM_ID, ACTV_IND) values ('830', '606763510FF896D3E0404F8189D857A2', 1, '63', '142', 'Y');
insert into KRIM_ROLE_PERM_T (ROLE_PERM_ID, OBJ_ID, VER_NBR, ROLE_ID, PERM_ID, ACTV_IND) values ('831', '606763510FF996D3E0404F8189D857A2', 1, '63', '143', 'Y');
insert into KRIM_ROLE_PERM_T (ROLE_PERM_ID, OBJ_ID, VER_NBR, ROLE_ID, PERM_ID, ACTV_IND) values ('832', '606763510FFA96D3E0404F8189D857A2', 1, '63', '144', 'Y');
insert into KRIM_ROLE_PERM_T (ROLE_PERM_ID, OBJ_ID, VER_NBR, ROLE_ID, PERM_ID, ACTV_IND) values ('833', '606763510FFB96D3E0404F8189D857A2', 1, '63', '145', 'Y');
insert into KRIM_ROLE_PERM_T (ROLE_PERM_ID, OBJ_ID, VER_NBR, ROLE_ID, PERM_ID, ACTV_IND) values ('835', '607A7155BC6F864EE0404F8189D85925', 1, '63', '830', 'Y');
insert into KRIM_ROLE_PERM_T (ROLE_PERM_ID, OBJ_ID, VER_NBR, ROLE_ID, PERM_ID, ACTV_IND) values ('836', '607A7155BC72864EE0404F8189D85925', 1, '63', '831', 'Y');
insert into KRIM_ROLE_PERM_T (ROLE_PERM_ID, OBJ_ID, VER_NBR, ROLE_ID, PERM_ID, ACTV_IND) values ('578', '6314CC58CF5BB7B5E0404F8189D84439', 1, '63', '306', 'Y');
insert into KRIM_ROLE_PERM_T (ROLE_PERM_ID, OBJ_ID, VER_NBR, ROLE_ID, PERM_ID, ACTV_IND) values ('618', '662384B381BC67A1E0404F8189D868A6', 1, '83', '332', 'Y');
insert into KRIM_ROLE_PERM_T (ROLE_PERM_ID, OBJ_ID, VER_NBR, ROLE_ID, PERM_ID, ACTV_IND) values ('616', '662384B381C067A1E0404F8189D868A6', 1, '83', '333', 'Y');
insert into KRIM_ROLE_PERM_T (ROLE_PERM_ID, OBJ_ID, VER_NBR, ROLE_ID, PERM_ID, ACTV_IND) values ('617', '662384B381C467A1E0404F8189D868A6', 1, '66', '334', 'Y');
insert into KRIM_ROLE_PERM_T (ROLE_PERM_ID, OBJ_ID, VER_NBR, ROLE_ID, PERM_ID, ACTV_IND) values ('683', '74382C90B075049FE0404F8189D84C5D', 1, '59', '334', 'Y');
insert into KRIM_ROLE_PERM_T (ROLE_PERM_ID, OBJ_ID, VER_NBR, ROLE_ID, PERM_ID, ACTV_IND) values ('838', '5C27A267EF6D7417E0404F8189D830AA', 1, '63', '833', 'Y');
insert into KRIM_ROLE_PERM_T (ROLE_PERM_ID, OBJ_ID, VER_NBR, ROLE_ID, PERM_ID, ACTV_IND) values ('839', '5C27A267EF6D7417E0404F8189D830AB', 1, '63', '834', 'Y');
insert into KRIM_ROLE_PERM_T (ROLE_PERM_ID, OBJ_ID, VER_NBR, ROLE_ID, PERM_ID, ACTV_IND) values ('840', '5C27A267EF6D7417E0404F8189D830AC', 1, '63', '835', 'Y');
insert into KRIM_ROLE_PERM_T (ROLE_PERM_ID, OBJ_ID, VER_NBR, ROLE_ID, PERM_ID, ACTV_IND) values ('841', '5C27A267EF6D7417E0404F8189D830AD', 1, '63', '835', 'Y');
insert into KRIM_ROLE_PERM_T (ROLE_PERM_ID, OBJ_ID, VER_NBR, ROLE_ID, PERM_ID, ACTV_IND) values ('230', '5C27A267EF5C7417E0404F8189D830AA', 1, '63', '378', 'Y');
insert into KRIM_ROLE_PERM_T (ROLE_PERM_ID, OBJ_ID, VER_NBR, ROLE_ID, PERM_ID, ACTV_IND) values ('850', '70086A2DF17C62E4E0404F8189D863CD', 1, '63', '307', 'Y');
insert into KRIM_ROLE_PERM_T (ROLE_PERM_ID, OBJ_ID, VER_NBR, ROLE_ID, PERM_ID, ACTV_IND) values ('250', '70086A2DF17D62E4E0404F8189D863CD', 1, '95', '156', 'Y');
insert into KRIM_ROLE_PERM_T (ROLE_PERM_ID, OBJ_ID, VER_NBR, ROLE_ID, PERM_ID, ACTV_IND) values ('10096', '77BC20590A50319DE0404F8189D10096', 1, '1125', '1201', 'Y');
insert into KRIM_ROLE_PERM_T (ROLE_PERM_ID, OBJ_ID, VER_NBR, ROLE_ID, PERM_ID, ACTV_IND) values ('10097', '77BC20590A53319DE0404F8189D10097', 1, '1126', '1202', 'Y');
insert into KRIM_ROLE_PERM_T (ROLE_PERM_ID, OBJ_ID, VER_NBR, ROLE_ID, PERM_ID, ACTV_IND) values ('10099', '77BC20590A53319DE0404F8189D10098', 1, '1120', (select PERM_ID from KRIM_PERM_T where NM='Create PROPOSAL Log'), 'Y');
insert into KRIM_ROLE_PERM_T (ROLE_PERM_ID, OBJ_ID, VER_NBR, ROLE_ID, PERM_ID, ACTV_IND) values ('10100', '77BC20590A53319DE0404F8189D10099', 1, '1120', (select PERM_ID from KRIM_PERM_T where NM='Edit PROPOSAL Log'), 'Y');
insert into KRIM_ROLE_PERM_T (ROLE_PERM_ID, OBJ_ID, VER_NBR, ROLE_ID, PERM_ID, ACTV_IND) values ('10101', '77BC20590A53319DE0404F8189D10100', 1, '1120', (select PERM_ID from KRIM_PERM_T where NM='Save PROPOSAL Log'), 'Y');
insert into KRIM_ROLE_PERM_T (ROLE_PERM_ID, OBJ_ID, VER_NBR, ROLE_ID, PERM_ID, ACTV_IND) values ('10102', '77BC20590A53319DE0404F8189D10101', 1, '1120', (select PERM_ID from KRIM_PERM_T where NM='Submit PROPOSAL Log'), 'Y');
insert into KRIM_ROLE_PERM_T (ROLE_PERM_ID, OBJ_ID, VER_NBR, ROLE_ID, PERM_ID, ACTV_IND) values ('10103', '77BC20590A53319DE0404F8189D10102', 1, '1120', (select PERM_ID from KRIM_PERM_T where NM='Open PROPOSAL Log'), 'Y');
insert into KRIM_ROLE_PERM_T (ROLE_PERM_ID, OBJ_ID, VER_NBR, ROLE_ID, PERM_ID, ACTV_IND) values ('10104', '77BC20590A53319DE0404F8189D10103', 1, '1120', (select PERM_ID from KRIM_PERM_T where NM='Cancel PROPOSAL Log'), 'Y');
insert into KRIM_ROLE_PERM_T (ROLE_PERM_ID, OBJ_ID, VER_NBR, ROLE_ID, PERM_ID, ACTV_IND) values ('10105', '77BC20590A53319DE0404F8189D10104', 1, '1120', (select PERM_ID from KRIM_PERM_T where NM='Create Institutional Proposal'), 'Y');
insert into KRIM_ROLE_PERM_T (ROLE_PERM_ID, OBJ_ID, VER_NBR, ROLE_ID, PERM_ID, ACTV_IND) values ('10106', '77BC20590A53319DE0404F8189D10105', 1, '1120', (select PERM_ID from KRIM_PERM_T where NM='Edit Institutional Proposal'), 'Y');
insert into KRIM_ROLE_PERM_T (ROLE_PERM_ID, OBJ_ID, VER_NBR, ROLE_ID, PERM_ID, ACTV_IND) values ('10107', '77BC20590A53319DE0404F8189D10106', 1, '1120', (select PERM_ID from KRIM_PERM_T where NM='Save Institutional Proposal'), 'Y');
insert into KRIM_ROLE_PERM_T (ROLE_PERM_ID, OBJ_ID, VER_NBR, ROLE_ID, PERM_ID, ACTV_IND) values ('10108', '77BC20590A53319DE0404F8189D10107', 1, '1120', (select PERM_ID from KRIM_PERM_T where NM='Submit Institutional Proposal'), 'Y');
insert into KRIM_ROLE_PERM_T (ROLE_PERM_ID, OBJ_ID, VER_NBR, ROLE_ID, PERM_ID, ACTV_IND) values ('10109', '77BC20590A53319DE0404F8189D10108', 1, '1120', (select PERM_ID from KRIM_PERM_T where NM='Open Institutional Proposal'), 'Y');
insert into KRIM_ROLE_PERM_T (ROLE_PERM_ID, OBJ_ID, VER_NBR, ROLE_ID, PERM_ID, ACTV_IND) values ('10110', '77BC20590A53319DE0404F8189D10109', 1, '1120', (select PERM_ID from KRIM_PERM_T where NM='Cancel Institutional Proposal'), 'Y');
insert into KRIM_ROLE_PERM_T (ROLE_PERM_ID, OBJ_ID, VER_NBR, ROLE_ID, PERM_ID, ACTV_IND) values ('10137', 'C1FB853F1FF0435DB3D1DAA0D161C920', 1, '1125', '1222', 'Y');
insert into KRIM_ROLE_PERM_T (ROLE_PERM_ID, OBJ_ID, VER_NBR, ROLE_ID, PERM_ID, ACTV_IND) values ('10138', '16061ABBF4C94191B4A10C0F178E0E56', 1, '1126', '1223', 'Y');
insert into KRIM_ROLE_PERM_T (ROLE_PERM_ID, OBJ_ID, VER_NBR, ROLE_ID, PERM_ID, ACTV_IND) values ('10220', 'C1FB853F1FF0435DB3D1DAA0D161C921', 1, '1125', '1224', 'Y');
insert into KRIM_ROLE_PERM_T (ROLE_PERM_ID, OBJ_ID, VER_NBR, ROLE_ID, PERM_ID, ACTV_IND) values ('10221', '16061ABBF4C94191B4A10C0F178E0E57', 1, '1126', '1225', 'Y');
insert into KRIM_ROLE_PERM_T values ('10125', '0d44ebdc-af25-4a4c-9732-7600d12e6039', 1, (select ROLE_ID from KRIM_ROLE_T where ROLE_NM='Institutional PROPOSAL Maintainer'), (select PERM_ID from KRIM_PERM_T where NM='Create Institutional Proposal'), 'Y');
insert into KRIM_ROLE_PERM_T values ('10126', '1c4edbb9-bee3-45ae-b76c-59d005d81db4', 1, (select ROLE_ID from KRIM_ROLE_T where ROLE_NM='Institutional PROPOSAL Maintainer'), (select PERM_ID from KRIM_PERM_T where NM='Edit Institutional Proposal'), 'Y');
insert into KRIM_ROLE_PERM_T values ('10127', '37c07e21-2ad8-42b0-a0d7-82c3af6a38f0', 1, (select ROLE_ID from KRIM_ROLE_T where ROLE_NM='Institutional PROPOSAL Maintainer'), (select PERM_ID from KRIM_PERM_T where NM='Save Institutional Proposal'), 'Y');
insert into KRIM_ROLE_PERM_T values ('10128', 'e40895fc-7904-4cd6-8b90-3c5a9ecedf1b', 1, (select ROLE_ID from KRIM_ROLE_T where ROLE_NM='Institutional PROPOSAL Maintainer'), (select PERM_ID from KRIM_PERM_T where NM='Submit Institutional Proposal'), 'Y');
insert into KRIM_ROLE_PERM_T values ('10129', '69c95d3a-f03f-4f56-a9b7-228e8bd046c2', 1, (select ROLE_ID from KRIM_ROLE_T where ROLE_NM='Institutional PROPOSAL Maintainer'), (select PERM_ID from KRIM_PERM_T where NM='Open Institutional Proposal'), 'Y');
insert into KRIM_ROLE_PERM_T values ('10130', '19afff35-7b97-4816-94e9-dd36fba35937', 1, (select ROLE_ID from KRIM_ROLE_T where ROLE_NM='Institutional PROPOSAL Maintainer'), (select PERM_ID from KRIM_PERM_T where NM='Cancel Institutional Proposal'), 'Y');
insert into KRIM_ROLE_PERM_T values ('10131', 'b732a1c6-9e8f-4602-9d0d-e613c9328216', 1, (select ROLE_ID from KRIM_ROLE_T where ROLE_NM='Institutional PROPOSAL Maintainer'), (select PERM_ID from KRIM_PERM_T where NM='Create Intellectual Property Review'), 'Y');
insert into KRIM_ROLE_PERM_T values ('10132', 'f6a5c69e-ff01-4ea5-bc9b-150fa89af949', 1, (select ROLE_ID from KRIM_ROLE_T where ROLE_NM='Institutional PROPOSAL Maintainer'), (select PERM_ID from KRIM_PERM_T where NM='Edit Intellectual Property Review'), 'Y');
insert into KRIM_ROLE_PERM_T values ('10133', 'ba79a302-59c9-4394-af35-5e88eae805a3', 1, (select ROLE_ID from KRIM_ROLE_T where ROLE_NM='Institutional PROPOSAL Maintainer'), (select PERM_ID from KRIM_PERM_T where NM='Save Intellectual Property Review'), 'Y');
insert into KRIM_ROLE_PERM_T values ('10134', '92b0aba2-2522-42df-9fcc-a6b99a9b9522', 1, (select ROLE_ID from KRIM_ROLE_T where ROLE_NM='Institutional PROPOSAL Maintainer'), (select PERM_ID from KRIM_PERM_T where NM='Submit Intellectual Property Review'), 'Y');
insert into KRIM_ROLE_PERM_T values ('10135', 'a03571b2-bb4b-4aa9-9876-20a02f79332f', 1, (select ROLE_ID from KRIM_ROLE_T where ROLE_NM='Institutional PROPOSAL Maintainer'), (select PERM_ID from KRIM_PERM_T where NM='Open Intellectual Property Review'), 'Y');
insert into KRIM_ROLE_PERM_T values ('10136', '660b90dd-b63f-47b7-b863-c849988af951', 1, (select ROLE_ID from KRIM_ROLE_T where ROLE_NM='Institutional PROPOSAL Maintainer'), (select PERM_ID from KRIM_PERM_T where NM='Cancel Intellectual Property Review'), 'Y');
INSERT INTO KRIM_ROLE_PERM_T(ROLE_PERM_ID, ROLE_ID, PERM_ID, ACTV_IND, OBJ_ID, VER_NBR) VALUES ('851', '1125','1221', 'Y', '5a6ee5ae-f34d-4635-92c8-6f66019b1aaa', 1);
insert into KRIM_ROLE_PERM_T (role_perm_id, obj_id, ver_nbr, role_id, perm_id, actv_ind) values ('10098', 'c2f41c3a-281f-46b9-b7f3-abd2feee33bf', 1, (select role_id from KRIM_ROLE_T t where t.role_nm = 'User' and t.nmspc_cd = 'KUALI'), (select perm_id from KRIM_PERM_T u where u.nm = 'Open Document' and u.nmspc_cd = 'KC-SYS'), 'Y');
INSERT INTO KRIM_ROLE_PERM_T (ROLE_PERM_ID, OBJ_ID, VER_NBR, ROLE_ID, PERM_ID, ACTV_IND) VALUES('855', 'E83AB210-EB48-3BDE-2D6F-F6177869AE27', 1, '63', '840', 'Y');
INSERT INTO KRIM_ROLE_PERM_T ( ROLE_PERM_ID, OBJ_ID, VER_NBR, ROLE_ID, PERM_ID, ACTV_IND ) VALUES ( '10239', '844B55C519713B29E040007F01003991', 1, '61', '1029', 'Y');
INSERT INTO KRIM_ROLE_PERM_T ( ROLE_PERM_ID, OBJ_ID, VER_NBR, ROLE_ID, PERM_ID, ACTV_IND ) VALUES ( '10362', '5ADFE172441D6320E0404F8189D85619', 1, '1236', '1024', 'Y' );
INSERT INTO KRIM_ROLE_PERM_T (ROLE_PERM_ID, OBJ_ID, VER_NBR, ROLE_ID, PERM_ID, ACTV_IND) VALUES ('10367','1CDFE172331D6320E0304F8189D85685', 1, '1125', '1227', 'Y');
INSERT INTO KRIM_ROLE_PERM_T (ROLE_PERM_ID, OBJ_ID, VER_NBR, ROLE_ID, PERM_ID, ACTV_IND) VALUES ('10368','1CDFE172551D6320E0604F8189D85685', 1, '1236', '1227', 'Y');
INSERT INTO KRIM_ROLE_PERM_T (ROLE_PERM_ID, OBJ_ID, VER_NBR, ROLE_ID, PERM_ID, ACTV_IND) VALUES ('10365','1CDFE172441D6320E0304F8189D85685', 1, '1125', '1226', 'Y');
INSERT INTO KRIM_ROLE_PERM_T (ROLE_PERM_ID, OBJ_ID, VER_NBR, ROLE_ID, PERM_ID, ACTV_IND) VALUES ('10366','1CDFE172441D6320E0604F8189D85685', 1, '1236', '1226', 'Y');
INSERT INTO KRIM_ROLE_PERM_T ( ROLE_PERM_ID, OBJ_ID, VER_NBR, ROLE_ID, PERM_ID, ACTV_IND ) VALUES ('10364', '1CDFE172441D6320E0604F8189C85683', 1, '1125', '1228', 'Y' );
insert into KRIM_ROLE_PERM_T (ROLE_PERM_ID, OBJ_ID, VER_NBR, ROLE_ID, PERM_ID, ACTV_IND) values ('10370', 'C1FB853F1640435DB3D128A0D161C921', 1, '1119', '1230', 'Y');


INSERT INTO KRIM_RSP_TMPL_T (ACTV_IND,KIM_TYP_ID,NM,NMSPC_CD,OBJ_ID,RSP_TMPL_ID,VER_NBR)
  VALUES ('Y','7','Review','KR-WKFLW','5ADFE172441D6320E0404F8189D85169','1',1);

INSERT INTO KRIM_RSP_T (RSP_ID, RSP_TMPL_ID, NMSPC_CD, NM, DESC_TXT, ACTV_IND, OBJ_ID) 
       VALUES ('1001', 1, 'KC-WKFLW', 'IRB AssignedToAgenda', 'Protocol Document - AssignedToAgenda', 'Y','5ADFE172441D6320E0404F8189D85333');

    INSERT INTO KRIM_RSP_ATTR_DATA_T (ATTR_DATA_ID, RSP_ID, KIM_TYP_ID, KIM_ATTR_DEFN_ID, ATTR_VAL, OBJ_ID) 
       VALUES ('1101', '1001', 7, 13, 'ProtocolDocument', '5ADFE172441D6320E0404F8189D85169');
    INSERT INTO KRIM_RSP_ATTR_DATA_T (ATTR_DATA_ID, RSP_ID, KIM_TYP_ID, KIM_ATTR_DEFN_ID, ATTR_VAL, OBJ_ID) 
       VALUES ('1102', '1001', 7, 16, 'AssignedToAgenda', '5ADFE172441D6320E0404F8189D85123');
    INSERT INTO KRIM_RSP_ATTR_DATA_T (ATTR_DATA_ID, RSP_ID, KIM_TYP_ID, KIM_ATTR_DEFN_ID, ATTR_VAL, OBJ_ID) 
       VALUES ('1103', '1001', 7, 40, 'false', '5ADFE172441D6320E0404F8189D85456');
    INSERT INTO KRIM_RSP_ATTR_DATA_T (ATTR_DATA_ID, RSP_ID, KIM_TYP_ID, KIM_ATTR_DEFN_ID, ATTR_VAL, OBJ_ID) 
       VALUES ('1104', '1001', 7, 41, 'false', '5ADFE172441D6320E0404F8189D85789');
  
  INSERT INTO KRIM_ROLE_RSP_T (ROLE_RSP_ID, ROLE_ID, RSP_ID, ACTV_IND, OBJ_ID) 
       VALUES ('1101', '1109', '1001', 'Y', '5ADFE172441D6320E0404F8189D85589');
    INSERT INTO KRIM_ROLE_RSP_ACTN_T (ROLE_RSP_ACTN_ID, ROLE_MBR_ID, ACTN_TYP_CD, PRIORITY_NBR, ACTN_PLCY_CD, ROLE_RSP_ID, FRC_ACTN, OBJ_ID) 
       VALUES ('1001', '*', 'A', 1, 'F', '1101', 'Y', '5ADFE172441D6320E0404F8189D85689');


INSERT INTO KRIM_RSP_T ( RSP_ID, OBJ_ID, VER_NBR, RSP_TMPL_ID, NMSPC_CD, NM, DESC_TXT, ACTV_IND ) VALUES ( 1035, '5ADFE172441D6320E0404F8189D85681', 1, 1, 'KC-WKFLW', 'IRB Reviewer Approve Online Review', 'Protocol Document - IRB Reviewer approves online review', 'Y' );
INSERT INTO KRIM_ROLE_RSP_T ( ROLE_RSP_ID, OBJ_ID, VER_NBR, ROLE_ID, RSP_ID, ACTV_IND ) VALUES (  1035, '5ADFE172441D6320E0404F8189D85683', 1, 1126, 1035, 'Y' );
INSERT INTO KRIM_RSP_ATTR_DATA_T ( ATTR_DATA_ID, OBJ_ID, VER_NBR, RSP_ID, KIM_TYP_ID, KIM_ATTR_DEFN_ID, ATTR_VAL ) VALUES ( 1406, '5ADFE172441D6320E0404F8189D85685', 1, 1035, 7, 13, 'ProtocolOnlineReviewDocument');
INSERT INTO KRIM_RSP_ATTR_DATA_T ( ATTR_DATA_ID, OBJ_ID, VER_NBR, RSP_ID, KIM_TYP_ID, KIM_ATTR_DEFN_ID, ATTR_VAL ) VALUES ( 1407, '5ADFE172441D6320E0404F8189D856896', 1, 1035, 7, 16, 'OnlineReviewer');
INSERT INTO KRIM_RSP_ATTR_DATA_T ( ATTR_DATA_ID, OBJ_ID, VER_NBR, RSP_ID, KIM_TYP_ID, KIM_ATTR_DEFN_ID, ATTR_VAL ) VALUES ( 1408, '5ADFE172441D6320E0404F8189D85687', 1, 1035, 7, 40, 'false');
INSERT INTO KRIM_RSP_ATTR_DATA_T ( ATTR_DATA_ID, OBJ_ID, VER_NBR, RSP_ID, KIM_TYP_ID, KIM_ATTR_DEFN_ID, ATTR_VAL ) VALUES ( 1409, '5ADFE172441D6320E0404F8189D85688', 1, 1035, 7, 41, 'false');
INSERT INTO KRIM_ROLE_RSP_ACTN_T ( ROLE_RSP_ACTN_ID, OBJ_ID, VER_NBR, ACTN_TYP_CD, PRIORITY_NBR, ACTN_PLCY_CD, ROLE_MBR_ID, ROLE_RSP_ID, FRC_ACTN ) VALUES ( 1035, '5ADFE172441D6320E0404F8189D85684', 1, 'A',1,'F','*',1035,'N' );



INSERT INTO KRIM_RSP_T ( RSP_ID, OBJ_ID, VER_NBR, RSP_TMPL_ID, NMSPC_CD, NM, DESC_TXT, ACTV_IND ) VALUES ( 1036, '1ADFE172441D6320E0404F8189D85685', 1, 1, 'KC-WKFLW', 'IRB Admin Approve Online Review', 'Protocol Online Review Document - IRB Admin approves online review', 'Y' );
INSERT INTO KRIM_ROLE_RSP_T ( ROLE_RSP_ID, OBJ_ID, VER_NBR, ROLE_ID, RSP_ID, ACTV_IND ) VALUES (  1036, '5A1FE172441D6320E0404F8189D85685', 1, 1125 , 1036, 'Y' );
INSERT INTO KRIM_RSP_ATTR_DATA_T ( ATTR_DATA_ID, OBJ_ID, VER_NBR, RSP_ID, KIM_TYP_ID, KIM_ATTR_DEFN_ID, ATTR_VAL ) VALUES ( 1410, '1CDFE172441D6320E0404F8189D85685', 1, 1036, 7, 13, 'ProtocolOnlineReviewDocument');
INSERT INTO KRIM_RSP_ATTR_DATA_T ( ATTR_DATA_ID, OBJ_ID, VER_NBR, RSP_ID, KIM_TYP_ID, KIM_ATTR_DEFN_ID, ATTR_VAL ) VALUES ( 1411, '1CDFE172441D6320E0404F8189D85675', 1, 1036, 7, 16, 'IRBAdminReview');
INSERT INTO KRIM_RSP_ATTR_DATA_T ( ATTR_DATA_ID, OBJ_ID, VER_NBR, RSP_ID, KIM_TYP_ID, KIM_ATTR_DEFN_ID, ATTR_VAL ) VALUES ( 1412, '1CDFE172441D6320E0404F8189D86685', 1, 1036, 7, 40, 'false');
INSERT INTO KRIM_RSP_ATTR_DATA_T ( ATTR_DATA_ID, OBJ_ID, VER_NBR, RSP_ID, KIM_TYP_ID, KIM_ATTR_DEFN_ID, ATTR_VAL ) VALUES ( 1413, '1CDFE172441D6320E0404F8189D25685', 1, 1036, 7, 41, 'false');
INSERT INTO KRIM_ROLE_RSP_ACTN_T ( ROLE_RSP_ACTN_ID, OBJ_ID, VER_NBR, ACTN_TYP_CD, PRIORITY_NBR, ACTN_PLCY_CD, ROLE_MBR_ID, ROLE_RSP_ID, FRC_ACTN ) VALUES ( 1036, '1CDFE172441D6320E0404E7089D25685', 1, 'A',1,'F','*',1036,'N' );


INSERT INTO KRIM_ROLE_PERM_T (ROLE_PERM_ID, ROLE_ID, PERM_ID, ACTV_IND, OBJ_ID, VER_NBR) VALUES (10383, (SELECT ROLE_ID FROM KRIM_ROLE_T RT WHERE RT.ROLE_NM = 'IRB Administrator' AND RT.NMSPC_CD = 'KC-UNT'), 
(SELECT PERM_ID FROM KRIM_PERM_T PT where PT.NM = 'Submit Protocol' AND PT.NMSPC_CD = 'KC-PROTOCOL'), 'Y', 'F418937A787D4E7B87B2BCF96A88A0E5', 1);
INSERT INTO KRIM_TYP_T (KIM_TYP_ID, OBJ_ID, VER_NBR, NM, SRVC_NM, ACTV_IND, NMSPC_CD) VALUES (10000, '2E9529C3A0434E148A84B37B16AE42D3', 1, 'IRBApprover-Nested', 'protocolApproverRoleTypeService', 'Y', 'KC-SYS');
INSERT INTO KRIM_ROLE_T (ROLE_ID, ROLE_NM, NMSPC_CD, DESC_TXT, KIM_TYP_ID, ACTV_IND, LAST_UPDT_DT, OBJ_ID, VER_NBR) VALUES (10001, 'ProtocolApprover', 'KC-PROTOCOL', 'This role exists primarily to grant implicit Cancel permission to Protocol Aggregators and Admins', 10000, 'Y', TO_DATE('09/14/2010', 'mm/dd/yyyy'), 'DE87BB70EB9E4CF18A711F1295045E81', 1);
INSERT INTO KRIM_ROLE_MBR_T (ROLE_MBR_ID, ROLE_ID, MBR_ID, MBR_TYP_CD, OBJ_ID, VER_NBR, LAST_UPDT_DT) VALUES (20865, (SELECT ROLE_ID FROM KRIM_ROLE_T WHERE ROLE_NM = 'IRBApprover'), 10001, 'R', 'B3112844A84A4212A8867E99967CA3E7', 1, TO_DATE('09/14/2010', 'mm/dd/yyyy'));