<?xml version="1.0" encoding="UTF-8"?><beans xmlns="http://www.springframework.org/schema/beans" xmlns:xsi="http://www.w3.org/2001/XMLSchema-instance" xmlns:p="http://www.springframework.org/schema/p" xsi:schemaLocation="http://www.springframework.org/schema/beans         http://www.springframework.org/schema/beans/spring-beans-2.0.xsd">

  <bean id="UnitAdministratorTypeMaintenanceDocument" parent="UnitAdministratorTypeMaintenanceDocument-parentBean"/>

  <bean id="UnitAdministratorTypeMaintenanceDocument-parentBean" abstract="true" parent="MaintenanceDocumentEntry">
    <property name="businessObjectClass" value="org.kuali.kra.bo.UnitAdministratorType"/>
    <property name="maintainableClass" value="org.kuali.rice.kns.maintenance.KualiMaintainableImpl"/>
    <property name="maintainableSections">
      <list>
        <ref bean="UnitAdministratorTypeMaintenanceDocument-EditUnitAdministratorType"/>
      </list>
    </property>
    <property name="lockingKeys">
      <list>
        <value>unitAdministratorTypeCode</value>
      </list>
    </property>
    
    
    
    
    <property name="documentTypeName" value="UnitAdministratorTypeMaintenanceDocument"/>
    <property name="documentAuthorizerClass" value="org.kuali.rice.kns.document.authorization.MaintenanceDocumentAuthorizerBase"/>
    
    
  </bean>

<!-- Maintenance Section Definitions -->


  <bean id="UnitAdministratorTypeMaintenanceDocument-EditUnitAdministratorType" parent="UnitAdministratorTypeMaintenanceDocument-EditUnitAdministratorType-parentBean"/>

  <bean id="UnitAdministratorTypeMaintenanceDocument-EditUnitAdministratorType-parentBean" abstract="true" parent="MaintainableSectionDefinition">
    <property name="id" value="Edit UnitAdministratorType"/>
    <property name="title" value="Edit UnitAdministratorType"/>
    <property name="maintainableItems">
      <list>
        <bean parent="MaintainableFieldDefinition" p:name="unitAdministratorTypeCode" p:required="true"/>
        <bean parent="MaintainableFieldDefinition" p:name="description" p:required="true"/>
        <bean parent="MaintainableFieldDefinition" p:name="versionNumber"/>
        <bean parent="MaintainableFieldDefinition" p:name="multiplesFlag" p:required="true"/>
        <bean parent="MaintainableFieldDefinition" p:name="defaultGroupFlag" p:required="true"/>
      </list>
    </property>
  </bean>
</beans>