<?xml version="1.0" encoding="UTF-8"?>
<data xmlns="ns:workflow" xmlns:xsi="http://www.w3.org/2001/XMLSchema-instance" xsi:schemaLocation="ns:workflow resource:WorkflowData">
	<documentTypes xmlns="ns:workflow/DocumentType" xsi:schemaLocation="ns:workflow/DocumentType resource:DocumentType">
		<documentType>
			<name>AwardDocument</name>
			<description>Manage Award</description>
			<label>KC Award</label>
			<parent>KC</parent>
			<postProcessorName>org.kuali.rice.kns.workflow.postprocessor.KualiPostProcessor</postProcessorName>
			<superUserWorkgroupName>KC-WKFLW:KcAdmin</superUserWorkgroupName>
			<blanketApproveWorkgroupName>KC-WKFLW:KcAdmin</blanketApproveWorkgroupName>
			<defaultExceptionWorkgroupName>KC-WKFLW:KcAdmin</defaultExceptionWorkgroupName>
			<docHandler>${kuali.docHandler.url.prefix}/awardHome.do?methodToCall=docHandler</docHandler>
			<helpDefinitionURL>default.htm?turl=Documents/award1.htm</helpDefinitionURL>
			<active>true</active>
			<routePaths>
				<routePath>
					<start name="Initiated" nextNode="hasSync"/>
					<split name="hasSync">
						<branch name="True">
							<requests name="SyncValidationApproval" nextNode="AwardStandardApprovalInSync"/>
							<requests name="AwardStandardApprovalInSync" nextNode="ApplySync"/>
							<requests name="ApplySync" nextNode="SyncFYIs"/>
							<requests name="SyncFYIs" nextNode="JoinSync"/>
						</branch>
						<branch name="False">
							<split name="isSyncChild" nextNode="JoinSync">
								<branch name="False">
									<requests name="AwardStandardApproval" nextNode="JoinSyncChild"/>
								</branch>
							</split>
							<join name="JoinSyncChild"/>
						</branch>
					</split>
					<join name="JoinSync"/>
					
				</routePath>
			</routePaths>
			<routeNodes>
				<start name="Initiated">
					<activationType>P</activationType>
					<mandatoryRoute>false</mandatoryRoute>
					<finalApproval>false</finalApproval>
				</start>
				<split name="hasSync">
       			   <type>org.kuali.kra.kew.SimpleBooleanSplitNode</type>
        		</split>
				<split name="isSyncChild">
       			   <type>org.kuali.kra.kew.SimpleBooleanSplitNode</type>
        		</split>
				<role name="ApplySync">
					<activationType>S</activationType>
					<qualifierResolverClass>org.kuali.rice.kew.role.NullQualifierResolver</qualifierResolverClass>
					<mandatoryRoute>false</mandatoryRoute>
				</role>
				<role name="SyncFYIs">
					<activationType>S</activationType>
					<qualifierResolverClass>org.kuali.rice.kew.role.NullQualifierResolver</qualifierResolverClass>
					<mandatoryRoute>false</mandatoryRoute>				
				</role>
				<join name="JoinSync"/>
				<join name="JoinSyncChild"/>
				<requests name="SyncValidationApproval">
					<activationType>S</activationType>
					<ruleTemplate>RoutedByUserRoleTemplate</ruleTemplate>
					<mandatoryRoute>true</mandatoryRoute>
				</requests>
				<requests name="AwardStandardApproval">
					<activationType>S</activationType>
					<ruleTemplate>AwardStandardApproval</ruleTemplate>
					<mandatoryRoute>false</mandatoryRoute>
				</requests>
				<requests name="AwardStandardApprovalInSync">
					<activationType>S</activationType>
					<ruleTemplate>AwardStandardApproval</ruleTemplate>
					<mandatoryRoute>false</mandatoryRoute>
				</requests>				
			</routeNodes>
		</documentType>
	</documentTypes>
	
	<ruleAttributes xmlns="ns:workflow/RuleAttribute" xsi:schemaLocation="ns:workflow/RuleAttribute resource:RuleAttribute">
       <ruleAttribute>
			<serviceNamespace>KC</serviceNamespace>
            <name>AwardCustomDataAttribute</name>
            <className>org.kuali.rice.kew.rule.xmlrouting.StandardGenericXMLRuleAttribute</className>
            <label>AwardCustomDataAttribute</label>
            <description>AwardCustomDataAttribute</description>
            <type>RuleXmlAttribute</type>
            <routingConfig>
                <fieldDef name="billingElement" title="Billing Element" workflowType="RULE">
                    <display>
                        <type>text</type>
                    </display>
                    <validation required="false" />
                    <fieldEvaluation>
                        <xpathexpression>string(//xmlRouting/field[@name='billingElement']/value) = wf:ruledata('billingElement')</xpathexpression>
                    </fieldEvaluation>
                </fieldDef>
                <fieldDef name="costSharingBudget" title="Cost Sharing Budget" workflowType="RULE">
                    <display>
                        <type>text</type>
                    </display>
                    <validation required="false" />
                    <fieldEvaluation>
                        <xpathexpression>string(//xmlRouting/field[@name='costSharingBudget']/value) = wf:ruledata('costSharingBudget')</xpathexpression>
                    </fieldEvaluation>
                </fieldDef>
                <fieldDef name="numberOfTrainees" title="Number of Trainees" workflowType="RULE">
                    <display>
                        <type>text</type>
                    </display>
                    <validation required="false" />
                    <fieldEvaluation>
                        <xpathexpression>string(//xmlRouting/field[@name='numberOfTrainees']/value) = wf:ruledata('numberOfTrainees')</xpathexpression>
                    </fieldEvaluation>
                </fieldDef>
                <fieldDef name="graduateStudentCount" title="Graduate Student Count" workflowType="RULE">
                    <display>
                        <type>text</type>
                    </display>
                    <validation required="false" />
                    <fieldEvaluation>
                        <xpathexpression>string(//xmlRouting/field[@name='graduateStudentCount']/value) = wf:ruledata('graduateStudentCount')</xpathexpression>
                    </fieldEvaluation>
                </fieldDef>
                <fieldDef name="tenured" title="Tenured" workflowType="RULE">
                    <display>
                        <type>text</type>
                    </display>
                    <validation required="false" />
                    <fieldEvaluation>
                        <xpathexpression>string(//xmlRouting/field[@name='tenured']/value) = wf:ruledata('tenured')</xpathexpression>
                    </fieldEvaluation>
                </fieldDef>
                <fieldDef name="exportControls" title="Export Controls" workflowType="RULE">
                    <display>
                        <type>text</type>
                    </display>
                    <validation required="false" />
                    <fieldEvaluation>
                        <xpathexpression>string(//xmlRouting/field[@name='exportControls']/value) = wf:ruledata('exportControls')</xpathexpression>
                    </fieldEvaluation>
                </fieldDef>
                <fieldDef name="inventions" title="Inventions" workflowType="RULE">
                    <display>
                        <type>text</type>
                    </display>
                    <validation required="false" />
                    <fieldEvaluation>
                        <xpathexpression>string(//xmlRouting/field[@name='inventions']/value) = wf:ruledata('inventions')</xpathexpression>
                    </fieldEvaluation>
                </fieldDef>
            </routingConfig>
        </ruleAttribute>
     </ruleAttributes>
     <ruleTemplates xmlns="ns:workflow/RuleTemplate" xsi:schemaLocation="ns:workflow/RuleTemplate resource:RuleTemplate">
        <ruleTemplate allowOverwrite="true">
          <name>RoutedByUserRoleTemplate</name>
          <description>Routed By User Role Template</description>
        </ruleTemplate>
        <ruleTemplate allowOverwrite="true">
	      <name>AwardStandardApproval</name>
	      <description>Standard Approval Template for Awards</description>
	    </ruleTemplate>
     </ruleTemplates>     
	 <rules xmlns="ns:workflow/Rule" xsi:schemaLocation="ns:workflow/Rule resource:Rule">     
         <rule>
            <name>AwardSyncValidationRule</name>
            <documentType>AwardDocument</documentType>
            <ruleTemplate>RoutedByUserRoleTemplate</ruleTemplate>
            <description>Award Sync Validation Approval Rule</description>
            <forceAction>true</forceAction>
            <responsibilities>
               <responsibility>
                  <role>org.kuali.rice.kew.rule.RoutedByUserRoleAttribute!ROUTED_BY_USER</role>
                  <approvePolicy>F</approvePolicy>
                  <actionRequested>A</actionRequested>
               </responsibility>
            </responsibilities>
      </rule>
      <rule>
            <name>AwardStandardApproval</name>
      		<documentType>AwardDocument</documentType>
      		<ruleTemplate>AwardStandardApproval</ruleTemplate>
      		<description>Standard Approval Node for Awards</description>
			<forceAction>false</forceAction>
    	</rule>      
    </rules>
</data>