<?xml version="1.0" encoding="UTF-8"?>
<data xmlns="ns:workflow" xmlns:xsi="http://www.w3.org/2001/XMLSchema-instance" xsi:schemaLocation="ns:workflow resource:WorkflowData">
    <documentTypes xmlns="ns:workflow/DocumentType" xsi:schemaLocation="ns:workflow/DocumentType resource:DocumentType">
        <documentType>
            <name>IacucProtocolDocument</name>
            <description>Manage IACUC Protocol</description>
            <label>KC IACUC Protocol</label>
            <postProcessorName>org.kuali.rice.krad.workflow.postprocessor.KualiPostProcessor</postProcessorName>
            <superUserWorkgroupName>KC-WKFLW:KcAdmin</superUserWorkgroupName>
            <blanketApproveWorkgroupName>KC-WKFLW:KcAdmin</blanketApproveWorkgroupName>
            <defaultExceptionWorkgroupName>KC-WKFLW:KcAdmin</defaultExceptionWorkgroupName>
            <docHandler>${kuali.docHandler.url.prefix}/iacucProtocolProtocol.do?methodToCall=docHandler</docHandler>
            <helpDefinitionURL>default.htm?turl=Documents/iacucProtocol.htm</helpDefinitionURL>
            <active>true</active>
			<policies>
				<policy>
					<name>DEFAULT_APPROVE</name>
					<value>false</value>
					<!--
						this should be false in a production scenario
					-->
				</policy>
				<policy>
                    <name>LOOK_FUTURE</name>
                    <value>true</value>
                </policy>
                <policy>
                    <name>INITIATOR_MUST_ROUTE</name>
                    <value>false</value>
                </policy>
                <policy>
                    <name>INITIATOR_MUST_CANCEL</name>
                    <value>false</value>
                </policy>                
			</policies>            
            <routingVersion>2</routingVersion>
            <routePaths>
                <routePath>
                    <start name="Initiated" nextNode="PeopleFlows" />
                    <requests name="PeopleFlows" nextNode="IACUCReview" />
					<requests name="IACUCReview" />
                </routePath>
            </routePaths>
            <routeNodes>
                <start name="Initiated">
                    <activationType>P</activationType>
                    <mandatoryRoute>false</mandatoryRoute>
                    <finalApproval>false</finalApproval>
                </start>
                <requests name="PeopleFlows">
                    <activationType>R</activationType>
                    <rulesEngine executorClass="org.kuali.kra.iacuc.rules.IacucProtocolRulesEngineExecutorImpl"/>
                </requests>
                 <role name="IACUCReview">
					<qualifierResolver>IACUC ProtocolApprover-XPathQualifierResolver</qualifierResolver> 
                    <activationType>P</activationType>
                    <mandatoryRoute>true</mandatoryRoute>                    
					<finalApproval>false</finalApproval>
	            </role>   
            </routeNodes>
            <parent>KC</parent>
        </documentType>
    </documentTypes>    

	<ruleAttributes xmlns="ns:workflow/RuleAttribute"
		xsi:schemaLocation="ns:workflow/RuleAttribute resource:RuleAttribute">
		<ruleAttribute>
			<name>IACUC ProtocolApprover-XPathQualifierResolver</name>
			<className>org.kuali.kra.iacuc.IacucProtocolQualifierResolver</className>
			<label>IACUC ProtocolApprover-XPathQualifierResolver</label>
			<description>To limit the Approval Request to be routed to IACUC ProtocolApprovers for this protocol only</description>
			<type>QualifierResolver</type>
			<serviceNamespace>KC</serviceNamespace>
			<resolverConfig>
				<attributes name="protocol">
					<xPathExpression>//document/protocolList[1]/org.kuali.kra.iacuc.IacucProtocol[1]/protocolNumber[1]</xPathExpression>
				</attributes>
				<attributes name="unitNumber">
					<xPathExpression>//document/protocolList[1]/org.kuali.kra.iacuc.IacucProtocol[1]/leadUnitNumber[1]</xPathExpression>
				</attributes>
			</resolverConfig>
		</ruleAttribute>
    </ruleAttributes>

	
</data>