INSERT INTO SH_PARM_T 
	(SH_PARM_NMSPC_CD,SH_PARM_DTL_TYP_CD,SH_PARM_NM,OBJ_ID,VER_NBR,SH_PARM_TYP_CD,SH_PARM_TXT,SH_PARM_DESC,SH_PARM_CONS_CD,WRKGRP_NM,ACTIVE_IND) 
	VALUES 
	('KC-AWARD','D','reportClassForPaymentsAndInvoices',sys_guid(),1,'CONFG','5','Report Class For Payments And Invoices','A','WorkflowAdmin','Y');
INSERT INTO SH_PARM_T 
	(SH_PARM_NMSPC_CD,SH_PARM_DTL_TYP_CD,SH_PARM_NM,OBJ_ID,VER_NBR,SH_PARM_TYP_CD,SH_PARM_TXT,SH_PARM_DESC,SH_PARM_CONS_CD,WRKGRP_NM,ACTIVE_IND) 
	VALUES 
	('KC-AWARD','D','scheduleGenerationPeriodInYearsWhenFrequencyBaseCodeIsFinalExpirationDate',sys_guid(),1,'CONFG','1','Schedule Generation Period In Years When Frequency Base Code Is Final Expiration Date','A','WorkflowAdmin','Y');

INSERT INTO REPORT_CLASS ( REPORT_CLASS_CODE, DESCRIPTION, UPDATE_TIMESTAMP, UPDATE_USER, GENERATE_REPORT_REQUIREMENTS ) 
VALUES ( '6', 'Fiscal', sysdate, user, 'Y' );

INSERT INTO VALID_CLASS_REPORT_FREQ ( VALID_CLASS_REPORT_FREQ_ID, REPORT_CLASS_CODE, REPORT_CODE, FREQUENCY_CODE, UPDATE_TIMESTAMP, UPDATE_USER ) 
VALUES ( 388, '6', '1', '1', sysdate, user ); 
INSERT INTO VALID_CLASS_REPORT_FREQ ( VALID_CLASS_REPORT_FREQ_ID, REPORT_CLASS_CODE, REPORT_CODE, FREQUENCY_CODE, UPDATE_TIMESTAMP, UPDATE_USER ) 
VALUES ( 389, '6', '5', '10', sysdate, user ); 
INSERT INTO VALID_CLASS_REPORT_FREQ ( VALID_CLASS_REPORT_FREQ_ID, REPORT_CLASS_CODE, REPORT_CODE, FREQUENCY_CODE, UPDATE_TIMESTAMP, UPDATE_USER ) 
VALUES ( 390, '6', '5', '11', sysdate, user ); 
INSERT INTO VALID_CLASS_REPORT_FREQ ( VALID_CLASS_REPORT_FREQ_ID, REPORT_CLASS_CODE, REPORT_CODE, FREQUENCY_CODE, UPDATE_TIMESTAMP, UPDATE_USER ) 
VALUES ( 391, '6', '5', '12', sysdate, user ); 
INSERT INTO VALID_CLASS_REPORT_FREQ ( VALID_CLASS_REPORT_FREQ_ID, REPORT_CLASS_CODE, REPORT_CODE, FREQUENCY_CODE, UPDATE_TIMESTAMP, UPDATE_USER ) 
VALUES ( 392, '6', '5', '13', sysdate, user ); 
INSERT INTO VALID_CLASS_REPORT_FREQ ( VALID_CLASS_REPORT_FREQ_ID, REPORT_CLASS_CODE, REPORT_CODE, FREQUENCY_CODE, UPDATE_TIMESTAMP, UPDATE_USER ) 
VALUES ( 393, '6', '7', '3', sysdate, user ); 
INSERT INTO VALID_CLASS_REPORT_FREQ ( VALID_CLASS_REPORT_FREQ_ID, REPORT_CLASS_CODE, REPORT_CODE, FREQUENCY_CODE, UPDATE_TIMESTAMP, UPDATE_USER ) 
VALUES ( 394, '6', '7', '6', sysdate, user ); 
INSERT INTO VALID_CLASS_REPORT_FREQ ( VALID_CLASS_REPORT_FREQ_ID, REPORT_CLASS_CODE, REPORT_CODE, FREQUENCY_CODE, UPDATE_TIMESTAMP, UPDATE_USER ) 
VALUES ( 395, '6', '7', '7', sysdate, user ); 
INSERT INTO VALID_CLASS_REPORT_FREQ ( VALID_CLASS_REPORT_FREQ_ID, REPORT_CLASS_CODE, REPORT_CODE, FREQUENCY_CODE, UPDATE_TIMESTAMP, UPDATE_USER ) 
VALUES ( 396, '6', '35', '14', sysdate, user ); 
INSERT INTO VALID_CLASS_REPORT_FREQ ( VALID_CLASS_REPORT_FREQ_ID, REPORT_CLASS_CODE, REPORT_CODE, FREQUENCY_CODE, UPDATE_TIMESTAMP, UPDATE_USER ) 
VALUES ( 397, '6', '37', '3', sysdate, user ); 
INSERT INTO VALID_CLASS_REPORT_FREQ ( VALID_CLASS_REPORT_FREQ_ID, REPORT_CLASS_CODE, REPORT_CODE, FREQUENCY_CODE, UPDATE_TIMESTAMP, UPDATE_USER ) 
VALUES ( 398, '6', '37', '6', sysdate, user ); 
INSERT INTO VALID_CLASS_REPORT_FREQ ( VALID_CLASS_REPORT_FREQ_ID, REPORT_CLASS_CODE, REPORT_CODE, FREQUENCY_CODE, UPDATE_TIMESTAMP, UPDATE_USER ) 
VALUES ( 399, '6', '37', '10', sysdate, user ); 
INSERT INTO VALID_CLASS_REPORT_FREQ ( VALID_CLASS_REPORT_FREQ_ID, REPORT_CLASS_CODE, REPORT_CODE, FREQUENCY_CODE, UPDATE_TIMESTAMP, UPDATE_USER ) 
VALUES ( 400, '6', '37', '11', sysdate, user ); 
INSERT INTO VALID_CLASS_REPORT_FREQ ( VALID_CLASS_REPORT_FREQ_ID, REPORT_CLASS_CODE, REPORT_CODE, FREQUENCY_CODE, UPDATE_TIMESTAMP, UPDATE_USER ) 
VALUES ( 401, '6', '37', '12', sysdate, user ); 
INSERT INTO VALID_CLASS_REPORT_FREQ ( VALID_CLASS_REPORT_FREQ_ID, REPORT_CLASS_CODE, REPORT_CODE, FREQUENCY_CODE, UPDATE_TIMESTAMP, UPDATE_USER ) 
VALUES ( 402, '6', '37', '13', sysdate, user ); 
INSERT INTO VALID_CLASS_REPORT_FREQ ( VALID_CLASS_REPORT_FREQ_ID, REPORT_CLASS_CODE, REPORT_CODE, FREQUENCY_CODE, UPDATE_TIMESTAMP, UPDATE_USER ) 
VALUES ( 403, '6', '37', '14', sysdate, user ); 
INSERT INTO VALID_CLASS_REPORT_FREQ ( VALID_CLASS_REPORT_FREQ_ID, REPORT_CLASS_CODE, REPORT_CODE, FREQUENCY_CODE, UPDATE_TIMESTAMP, UPDATE_USER ) 
VALUES ( 404, '6', '38', '3', sysdate, user ); 
INSERT INTO VALID_CLASS_REPORT_FREQ ( VALID_CLASS_REPORT_FREQ_ID, REPORT_CLASS_CODE, REPORT_CODE, FREQUENCY_CODE, UPDATE_TIMESTAMP, UPDATE_USER ) 
VALUES ( 405, '6', '38', '6', sysdate, user ); 
INSERT INTO VALID_CLASS_REPORT_FREQ ( VALID_CLASS_REPORT_FREQ_ID, REPORT_CLASS_CODE, REPORT_CODE, FREQUENCY_CODE, UPDATE_TIMESTAMP, UPDATE_USER ) 
VALUES ( 406, '6', '38', '7', sysdate, user ); 
INSERT INTO VALID_CLASS_REPORT_FREQ ( VALID_CLASS_REPORT_FREQ_ID, REPORT_CLASS_CODE, REPORT_CODE, FREQUENCY_CODE, UPDATE_TIMESTAMP, UPDATE_USER ) 
VALUES ( 407, '6', '38', '10', sysdate, user ); 
INSERT INTO VALID_CLASS_REPORT_FREQ ( VALID_CLASS_REPORT_FREQ_ID, REPORT_CLASS_CODE, REPORT_CODE, FREQUENCY_CODE, UPDATE_TIMESTAMP, UPDATE_USER ) 
VALUES ( 408, '6', '38', '11', sysdate, user ); 
INSERT INTO VALID_CLASS_REPORT_FREQ ( VALID_CLASS_REPORT_FREQ_ID, REPORT_CLASS_CODE, REPORT_CODE, FREQUENCY_CODE, UPDATE_TIMESTAMP, UPDATE_USER ) 
VALUES ( 409, '6', '38', '12', sysdate, user ); 
INSERT INTO VALID_CLASS_REPORT_FREQ ( VALID_CLASS_REPORT_FREQ_ID, REPORT_CLASS_CODE, REPORT_CODE, FREQUENCY_CODE, UPDATE_TIMESTAMP, UPDATE_USER ) 
VALUES ( 410, '6', '38', '13', sysdate, user ); 
INSERT INTO VALID_CLASS_REPORT_FREQ ( VALID_CLASS_REPORT_FREQ_ID, REPORT_CLASS_CODE, REPORT_CODE, FREQUENCY_CODE, UPDATE_TIMESTAMP, UPDATE_USER ) 
VALUES ( 411, '6', '38', '14', sysdate, user );

COMMIT;

insert into KIM_ROLES_T (ID,NAME,DESCRIPTION, ROLE_TYPE_CODE, DESCEND_FLAG) values(14,'Protocol Unassigned','Protocol Unassigned - no permissions', 'R', 'N'); 

commit;

INSERT INTO RISK_LEVEL ( RISK_LEVEL_CODE, DESCRIPTION, UPDATE_TIMESTAMP, UPDATE_USER ) 
VALUES ( 1, 'No greater than minimal risk.', sysdate, user ); 
INSERT INTO RISK_LEVEL ( RISK_LEVEL_CODE, DESCRIPTION, UPDATE_TIMESTAMP, UPDATE_USER ) 
VALUES ( 2, 'Greater than minimal risk but potential for direct benefit for participant', sysdate, user ); 
INSERT INTO RISK_LEVEL ( RISK_LEVEL_CODE, DESCRIPTION, UPDATE_TIMESTAMP, UPDATE_USER ) 
VALUES ( 3, 'Moderate Risk', sysdate, user ); 
INSERT INTO RISK_LEVEL ( RISK_LEVEL_CODE, DESCRIPTION, UPDATE_TIMESTAMP, UPDATE_USER ) 
VALUES ( 4, 'Research involving greater than minimal risk, with no potential for benefit to participant, but likely to yield generalizable knowledge about the participant''s condition', sysdate, user ); 
INSERT INTO RISK_LEVEL ( RISK_LEVEL_CODE, DESCRIPTION, UPDATE_TIMESTAMP, UPDATE_USER ) 
VALUES ( 5, 'High Risk', sysdate, user ); 

commit;

update SH_PARM_T
set SH_PARM_TXT='6' where SH_PARM_NMSPC_CD = 'KC-AWARD' AND SH_PARM_DTL_TYP_CD = 'D' AND SH_PARM_NM='reportClassForPaymentsAndInvoices';

COMMIT;

INSERT INTO SH_PARM_T 
	(SH_PARM_NMSPC_CD,SH_PARM_DTL_TYP_CD,SH_PARM_NM,OBJ_ID,VER_NBR,SH_PARM_TYP_CD,SH_PARM_TXT,SH_PARM_DESC,SH_PARM_CONS_CD,WRKGRP_NM,ACTIVE_IND) 
	VALUES 
	('KC-AWARD','D','contactTypeOther',sys_guid(),1,'CONFG','8','Contact Type Code For Contact Type Other','A','WorkflowAdmin','Y');
	
COMMIT;	

INSERT INTO SPONSOR_TERM_TYPE ( SPONSOR_TERM_TYPE_CODE, DESCRIPTION, UPDATE_TIMESTAMP, UPDATE_USER ) 
VALUES ( 1, 'Equipment Approval Terms', sysdate, user );
INSERT INTO SPONSOR_TERM_TYPE ( SPONSOR_TERM_TYPE_CODE, DESCRIPTION, UPDATE_TIMESTAMP, UPDATE_USER ) 
VALUES ( 2, 'Invention Terms', sysdate, user );
INSERT INTO SPONSOR_TERM_TYPE ( SPONSOR_TERM_TYPE_CODE, DESCRIPTION, UPDATE_TIMESTAMP, UPDATE_USER ) 
VALUES ( 3, 'Prior Approval Terms', sysdate, user );
INSERT INTO SPONSOR_TERM_TYPE ( SPONSOR_TERM_TYPE_CODE, DESCRIPTION, UPDATE_TIMESTAMP, UPDATE_USER ) 
VALUES ( 4, 'Property Terms', sysdate, user );
INSERT INTO SPONSOR_TERM_TYPE ( SPONSOR_TERM_TYPE_CODE, DESCRIPTION, UPDATE_TIMESTAMP, UPDATE_USER ) 
VALUES ( 5, 'Publication Terms', sysdate, user );
INSERT INTO SPONSOR_TERM_TYPE ( SPONSOR_TERM_TYPE_CODE, DESCRIPTION, UPDATE_TIMESTAMP, UPDATE_USER ) 
VALUES ( 6, 'Referenced Document Terms', sysdate, user );
INSERT INTO SPONSOR_TERM_TYPE ( SPONSOR_TERM_TYPE_CODE, DESCRIPTION, UPDATE_TIMESTAMP, UPDATE_USER ) 
VALUES ( 7, 'Rights In Data Terms', sysdate, user );
INSERT INTO SPONSOR_TERM_TYPE ( SPONSOR_TERM_TYPE_CODE, DESCRIPTION, UPDATE_TIMESTAMP, UPDATE_USER ) 
VALUES ( 8, 'Subcontract Approval Terms', sysdate, user );
INSERT INTO SPONSOR_TERM_TYPE ( SPONSOR_TERM_TYPE_CODE, DESCRIPTION, UPDATE_TIMESTAMP, UPDATE_USER ) 
VALUES ( 9, 'Travel Restrictions Terms', sysdate, user );
commit;
INSERT INTO SPONSOR_TERM ( SPONSOR_TERM_ID,SPONSOR_TERM_TYPE_CODE,SPONSOR_TERM_CODE, DESCRIPTION, UPDATE_TIMESTAMP, UPDATE_USER ) 
VALUES ( SEQ_SPONSOR_TERM.nextval,1,19, 'Equipment over $25,000 unit price requires sponsor prior approval', sysdate, user ); 
INSERT INTO SPONSOR_TERM ( SPONSOR_TERM_ID,SPONSOR_TERM_TYPE_CODE,SPONSOR_TERM_CODE, DESCRIPTION, UPDATE_TIMESTAMP, UPDATE_USER ) 
VALUES ( SEQ_SPONSOR_TERM.nextval,1,20, 'Approval of subcontracts over $100,000 requires special documentation', sysdate, user ); 
INSERT INTO SPONSOR_TERM ( SPONSOR_TERM_ID,SPONSOR_TERM_TYPE_CODE,SPONSOR_TERM_CODE, DESCRIPTION, UPDATE_TIMESTAMP, UPDATE_USER ) 
VALUES ( SEQ_SPONSOR_TERM.nextval,1,21, 'Unbudgeted equipment over $5,000 requires sponsor approval', sysdate, user ); 
INSERT INTO SPONSOR_TERM ( SPONSOR_TERM_ID,SPONSOR_TERM_TYPE_CODE,SPONSOR_TERM_CODE, DESCRIPTION, UPDATE_TIMESTAMP, UPDATE_USER ) 
VALUES ( SEQ_SPONSOR_TERM.nextval,1,2, 'Unusual requirement', sysdate, user ); 
INSERT INTO SPONSOR_TERM ( SPONSOR_TERM_ID,SPONSOR_TERM_TYPE_CODE,SPONSOR_TERM_CODE, DESCRIPTION, UPDATE_TIMESTAMP, UPDATE_USER ) 
VALUES ( SEQ_SPONSOR_TERM.nextval,1,3, 'Equipment may be purchased without approval', sysdate, user ); 
INSERT INTO SPONSOR_TERM ( SPONSOR_TERM_ID,SPONSOR_TERM_TYPE_CODE,SPONSOR_TERM_CODE, DESCRIPTION, UPDATE_TIMESTAMP, UPDATE_USER ) 
VALUES ( SEQ_SPONSOR_TERM.nextval,1,1, 'No clause', sysdate, user ); 
INSERT INTO SPONSOR_TERM ( SPONSOR_TERM_ID,SPONSOR_TERM_TYPE_CODE,SPONSOR_TERM_CODE, DESCRIPTION, UPDATE_TIMESTAMP, UPDATE_USER ) 
VALUES ( SEQ_SPONSOR_TERM.nextval,1,4, 'Budgeted equipment may be purchased', sysdate, user ); 
INSERT INTO SPONSOR_TERM ( SPONSOR_TERM_ID,SPONSOR_TERM_TYPE_CODE,SPONSOR_TERM_CODE, DESCRIPTION, UPDATE_TIMESTAMP, UPDATE_USER ) 
VALUES ( SEQ_SPONSOR_TERM.nextval,1,5, 'General purpose items may not be purchased without prior approval', sysdate, user ); 
INSERT INTO SPONSOR_TERM ( SPONSOR_TERM_ID,SPONSOR_TERM_TYPE_CODE,SPONSOR_TERM_CODE, DESCRIPTION, UPDATE_TIMESTAMP, UPDATE_USER ) 
VALUES ( SEQ_SPONSOR_TERM.nextval,1,6, 'Advanced notification required for purchase of general purpose equipment', sysdate, user ); 
INSERT INTO SPONSOR_TERM ( SPONSOR_TERM_ID,SPONSOR_TERM_TYPE_CODE,SPONSOR_TERM_CODE, DESCRIPTION, UPDATE_TIMESTAMP, UPDATE_USER ) 
VALUES ( SEQ_SPONSOR_TERM.nextval,1,7, 'All equipment purchases require prior approval', sysdate, user ); 
INSERT INTO SPONSOR_TERM ( SPONSOR_TERM_ID,SPONSOR_TERM_TYPE_CODE,SPONSOR_TERM_CODE, DESCRIPTION, UPDATE_TIMESTAMP, UPDATE_USER ) 
VALUES ( SEQ_SPONSOR_TERM.nextval,1,8, 'All equipment over $1,000 requires DD 1419 screening', sysdate, user ); 
INSERT INTO SPONSOR_TERM ( SPONSOR_TERM_ID,SPONSOR_TERM_TYPE_CODE,SPONSOR_TERM_CODE, DESCRIPTION, UPDATE_TIMESTAMP, UPDATE_USER ) 
VALUES ( SEQ_SPONSOR_TERM.nextval,1,9, 'JPL ADP plan required', sysdate, user ); 
INSERT INTO SPONSOR_TERM ( SPONSOR_TERM_ID,SPONSOR_TERM_TYPE_CODE,SPONSOR_TERM_CODE, DESCRIPTION, UPDATE_TIMESTAMP, UPDATE_USER ) 
VALUES ( SEQ_SPONSOR_TERM.nextval,1,10, 'Technical property over $5,000 may not be purchased without approval', sysdate, user ); 
INSERT INTO SPONSOR_TERM ( SPONSOR_TERM_ID,SPONSOR_TERM_TYPE_CODE,SPONSOR_TERM_CODE, DESCRIPTION, UPDATE_TIMESTAMP, UPDATE_USER ) 
VALUES ( SEQ_SPONSOR_TERM.nextval,1,11, 'Equipment approval delegated to ONRRR', sysdate, user ); 
INSERT INTO SPONSOR_TERM ( SPONSOR_TERM_ID,SPONSOR_TERM_TYPE_CODE,SPONSOR_TERM_CODE, DESCRIPTION, UPDATE_TIMESTAMP, UPDATE_USER ) 
VALUES ( SEQ_SPONSOR_TERM.nextval,1,12, 'Advanced notification required for purchase of technical equipment in excess of $5,000 not included in approved budget', sysdate, user ); 
INSERT INTO SPONSOR_TERM ( SPONSOR_TERM_ID,SPONSOR_TERM_TYPE_CODE,SPONSOR_TERM_CODE, DESCRIPTION, UPDATE_TIMESTAMP, UPDATE_USER ) 
VALUES ( SEQ_SPONSOR_TERM.nextval,1,13, 'Unbudgeted research/technical equipment over $1,000 requires sponsor approval', sysdate, user ); 
INSERT INTO SPONSOR_TERM ( SPONSOR_TERM_ID,SPONSOR_TERM_TYPE_CODE,SPONSOR_TERM_CODE, DESCRIPTION, UPDATE_TIMESTAMP, UPDATE_USER ) 
VALUES ( SEQ_SPONSOR_TERM.nextval,1,14, 'Unbudgeted equipment over $1,000 requires sponsor approval', sysdate, user ); 
INSERT INTO SPONSOR_TERM ( SPONSOR_TERM_ID,SPONSOR_TERM_TYPE_CODE,SPONSOR_TERM_CODE, DESCRIPTION, UPDATE_TIMESTAMP, UPDATE_USER ) 
VALUES ( SEQ_SPONSOR_TERM.nextval,1,15, 'Unbudgeted equipment over $2,500 requires sponsor approval', sysdate, user ); 
INSERT INTO SPONSOR_TERM ( SPONSOR_TERM_ID,SPONSOR_TERM_TYPE_CODE,SPONSOR_TERM_CODE, DESCRIPTION, UPDATE_TIMESTAMP, UPDATE_USER ) 
VALUES ( SEQ_SPONSOR_TERM.nextval,1,16, 'Technical equipment may be purchased without approval', sysdate, user ); 
INSERT INTO SPONSOR_TERM ( SPONSOR_TERM_ID,SPONSOR_TERM_TYPE_CODE,SPONSOR_TERM_CODE, DESCRIPTION, UPDATE_TIMESTAMP, UPDATE_USER ) 
VALUES ( SEQ_SPONSOR_TERM.nextval,1,17, 'Unbudgeted equipment requires sponsor approval', sysdate, user ); 
INSERT INTO SPONSOR_TERM ( SPONSOR_TERM_ID,SPONSOR_TERM_TYPE_CODE,SPONSOR_TERM_CODE, DESCRIPTION, UPDATE_TIMESTAMP, UPDATE_USER ) 
VALUES ( SEQ_SPONSOR_TERM.nextval,1,18, 'Equipment over $10,000 requires Grants Officer approval prior to purchase', sysdate, user ); 
INSERT INTO SPONSOR_TERM ( SPONSOR_TERM_ID,SPONSOR_TERM_TYPE_CODE,SPONSOR_TERM_CODE, DESCRIPTION, UPDATE_TIMESTAMP, UPDATE_USER ) 
VALUES ( SEQ_SPONSOR_TERM.nextval,1,22, 'Equipment purchases of $10,000 require prior written approval of Technical Contact', sysdate, user ); 
INSERT INTO SPONSOR_TERM ( SPONSOR_TERM_ID,SPONSOR_TERM_TYPE_CODE,SPONSOR_TERM_CODE, DESCRIPTION, UPDATE_TIMESTAMP, UPDATE_USER ) 
VALUES ( SEQ_SPONSOR_TERM.nextval,1,23, 'Equipment budget may not be exceeded by more than 25%', sysdate, user ); 
INSERT INTO SPONSOR_TERM ( SPONSOR_TERM_ID,SPONSOR_TERM_TYPE_CODE,SPONSOR_TERM_CODE, DESCRIPTION, UPDATE_TIMESTAMP, UPDATE_USER ) 
VALUES ( SEQ_SPONSOR_TERM.nextval,1,24, 'General purpose equipment unallowable unless primarily used in conduct of research.', sysdate, user ); 
INSERT INTO SPONSOR_TERM ( SPONSOR_TERM_ID,SPONSOR_TERM_TYPE_CODE,SPONSOR_TERM_CODE, DESCRIPTION, UPDATE_TIMESTAMP, UPDATE_USER ) 
VALUES ( SEQ_SPONSOR_TERM.nextval,1,25, 'Unbudgeted equipment over $25,000 requires sponsor approval.', sysdate, user ); 
INSERT INTO SPONSOR_TERM ( SPONSOR_TERM_ID,SPONSOR_TERM_TYPE_CODE,SPONSOR_TERM_CODE, DESCRIPTION, UPDATE_TIMESTAMP, UPDATE_USER ) 
VALUES ( SEQ_SPONSOR_TERM.nextval,1,26, 'Unbudgeted equipment over $5,000 shall be listed in the next renewal proposal, or, in the absence of a proposal, in a letter to the grants officer due by the award ending date.', sysdate, user ); 
INSERT INTO SPONSOR_TERM ( SPONSOR_TERM_ID,SPONSOR_TERM_TYPE_CODE,SPONSOR_TERM_CODE, DESCRIPTION, UPDATE_TIMESTAMP, UPDATE_USER ) 
VALUES ( SEQ_SPONSOR_TERM.nextval,1,27, 'Equipment purchases will not be approved.', sysdate, user ); 
INSERT INTO SPONSOR_TERM ( SPONSOR_TERM_ID,SPONSOR_TERM_TYPE_CODE,SPONSOR_TERM_CODE, DESCRIPTION, UPDATE_TIMESTAMP, UPDATE_USER ) 
VALUES ( SEQ_SPONSOR_TERM.nextval,1,28, 'Equipment may not be purchased.', sysdate, user ); 

commit;

INSERT INTO SPONSOR_TERM ( SPONSOR_TERM_ID,SPONSOR_TERM_TYPE_CODE,SPONSOR_TERM_CODE, DESCRIPTION, UPDATE_TIMESTAMP, UPDATE_USER ) 
VALUES ( SEQ_SPONSOR_TERM.nextval,2, 9, 'Title to MIT; Internal use license to sponsor', sysdate, user ); 
INSERT INTO SPONSOR_TERM ( SPONSOR_TERM_ID,SPONSOR_TERM_TYPE_CODE,SPONSOR_TERM_CODE, DESCRIPTION, UPDATE_TIMESTAMP, UPDATE_USER ) 
VALUES ( SEQ_SPONSOR_TERM.nextval,2, 1, 'No Clause', sysdate, user ); 
INSERT INTO SPONSOR_TERM ( SPONSOR_TERM_ID,SPONSOR_TERM_TYPE_CODE,SPONSOR_TERM_CODE, DESCRIPTION, UPDATE_TIMESTAMP, UPDATE_USER ) 
VALUES ( SEQ_SPONSOR_TERM.nextval,2, 11, 'Joint ownership to joint inventions', sysdate, user ); 
INSERT INTO SPONSOR_TERM ( SPONSOR_TERM_ID,SPONSOR_TERM_TYPE_CODE,SPONSOR_TERM_CODE, DESCRIPTION, UPDATE_TIMESTAMP, UPDATE_USER ) 
VALUES ( SEQ_SPONSOR_TERM.nextval,2, 12, 'Joint Title', sysdate, user ); 
INSERT INTO SPONSOR_TERM ( SPONSOR_TERM_ID,SPONSOR_TERM_TYPE_CODE,SPONSOR_TERM_CODE, DESCRIPTION, UPDATE_TIMESTAMP, UPDATE_USER ) 
VALUES ( SEQ_SPONSOR_TERM.nextval,2, 3, 'FAR 52.227-11, Patent Rights-Retention by Contractor', sysdate, user ); 
INSERT INTO SPONSOR_TERM ( SPONSOR_TERM_ID,SPONSOR_TERM_TYPE_CODE,SPONSOR_TERM_CODE, DESCRIPTION, UPDATE_TIMESTAMP, UPDATE_USER ) 
VALUES ( SEQ_SPONSOR_TERM.nextval,2, 4, 'Standard MIT Single Sponsor Agreement dated 1/31/00:  Title to MIT; licensing options for the sponsor', sysdate, user ); 
INSERT INTO SPONSOR_TERM ( SPONSOR_TERM_ID,SPONSOR_TERM_TYPE_CODE,SPONSOR_TERM_CODE, DESCRIPTION, UPDATE_TIMESTAMP, UPDATE_USER ) 
VALUES ( SEQ_SPONSOR_TERM.nextval,2, 13, 'Title to MIT; 5 year exlusive license to sponsor.', sysdate, user ); 
INSERT INTO SPONSOR_TERM ( SPONSOR_TERM_ID,SPONSOR_TERM_TYPE_CODE,SPONSOR_TERM_CODE, DESCRIPTION, UPDATE_TIMESTAMP, UPDATE_USER ) 
VALUES ( SEQ_SPONSOR_TERM.nextval,2, 14, 'Standard MIT Single Sponsor Agreement dated 9/1/91; Title to MIT; licensing options for the sponsor', sysdate, user ); 
INSERT INTO SPONSOR_TERM ( SPONSOR_TERM_ID,SPONSOR_TERM_TYPE_CODE,SPONSOR_TERM_CODE, DESCRIPTION, UPDATE_TIMESTAMP, UPDATE_USER ) 
VALUES ( SEQ_SPONSOR_TERM.nextval,2, 2, 'Unusual requirement', sysdate, user ); 
INSERT INTO SPONSOR_TERM ( SPONSOR_TERM_ID,SPONSOR_TERM_TYPE_CODE,SPONSOR_TERM_CODE, DESCRIPTION, UPDATE_TIMESTAMP, UPDATE_USER ) 
VALUES ( SEQ_SPONSOR_TERM.nextval,2, 15, 'STTR Allocation of Rights - Joint property is jointly owned, with first option to sponsor for development, subject to government rights', sysdate, user ); 
INSERT INTO SPONSOR_TERM ( SPONSOR_TERM_ID,SPONSOR_TERM_TYPE_CODE,SPONSOR_TERM_CODE, DESCRIPTION, UPDATE_TIMESTAMP, UPDATE_USER ) 
VALUES ( SEQ_SPONSOR_TERM.nextval,2, 16, 'DEAR 952.227-71 Patent rights-small business firms or nonprofit organizations.', sysdate, user ); 
INSERT INTO SPONSOR_TERM ( SPONSOR_TERM_ID,SPONSOR_TERM_TYPE_CODE,SPONSOR_TERM_CODE, DESCRIPTION, UPDATE_TIMESTAMP, UPDATE_USER ) 
VALUES ( SEQ_SPONSOR_TERM.nextval,2, 17, 'Nonexclusive, Royalty-free license to members', sysdate, user ); 
INSERT INTO SPONSOR_TERM ( SPONSOR_TERM_ID,SPONSOR_TERM_TYPE_CODE,SPONSOR_TERM_CODE, DESCRIPTION, UPDATE_TIMESTAMP, UPDATE_USER ) 
VALUES ( SEQ_SPONSOR_TERM.nextval,2, 18, 'Title to MIT', sysdate, user ); 
INSERT INTO SPONSOR_TERM ( SPONSOR_TERM_ID,SPONSOR_TERM_TYPE_CODE,SPONSOR_TERM_CODE, DESCRIPTION, UPDATE_TIMESTAMP, UPDATE_USER ) 
VALUES ( SEQ_SPONSOR_TERM.nextval,2, 5, 'Standard MIT Consortium Agreement dated 2/1/93:  Title to MIT; licensing options for the sponsor', sysdate, user ); 
INSERT INTO SPONSOR_TERM ( SPONSOR_TERM_ID,SPONSOR_TERM_TYPE_CODE,SPONSOR_TERM_CODE, DESCRIPTION, UPDATE_TIMESTAMP, UPDATE_USER ) 
VALUES ( SEQ_SPONSOR_TERM.nextval,2, 6, '37 CFR 401.14 "Patent Rights (Small Business Firms and Nonprofit Ogranizations)"', sysdate, user ); 
INSERT INTO SPONSOR_TERM ( SPONSOR_TERM_ID,SPONSOR_TERM_TYPE_CODE,SPONSOR_TERM_CODE, DESCRIPTION, UPDATE_TIMESTAMP, UPDATE_USER ) 
VALUES ( SEQ_SPONSOR_TERM.nextval,2, 7, 'NASA Grant Regulation 1260.409 "Patent-Retention by the Grantee"', sysdate, user ); 
INSERT INTO SPONSOR_TERM ( SPONSOR_TERM_ID,SPONSOR_TERM_TYPE_CODE,SPONSOR_TERM_CODE, DESCRIPTION, UPDATE_TIMESTAMP, UPDATE_USER ) 
VALUES ( SEQ_SPONSOR_TERM.nextval,2, 8, 'Title to MIT; Nonexclusive, royalty-free license to Government', sysdate, user ); 
INSERT INTO SPONSOR_TERM ( SPONSOR_TERM_ID,SPONSOR_TERM_TYPE_CODE,SPONSOR_TERM_CODE, DESCRIPTION, UPDATE_TIMESTAMP, UPDATE_USER ) 
VALUES ( SEQ_SPONSOR_TERM.nextval,2, 10, 'Title to MIT; Nonexclusive, royalty-free license to sponsor', sysdate, user ); 
INSERT INTO SPONSOR_TERM ( SPONSOR_TERM_ID,SPONSOR_TERM_TYPE_CODE,SPONSOR_TERM_CODE, DESCRIPTION, UPDATE_TIMESTAMP, UPDATE_USER ) 
VALUES ( SEQ_SPONSOR_TERM.nextval,2, 19, 'NASA Grant Regulation 1260.28 "Patent-Retention by the Grantee"', sysdate, user ); 
INSERT INTO SPONSOR_TERM ( SPONSOR_TERM_ID,SPONSOR_TERM_TYPE_CODE,SPONSOR_TERM_CODE, DESCRIPTION, UPDATE_TIMESTAMP, UPDATE_USER ) 
VALUES ( SEQ_SPONSOR_TERM.nextval,2, 20, 'DEAR 952.227-14 Patent rights retension by contractor', sysdate, user ); 
INSERT INTO SPONSOR_TERM ( SPONSOR_TERM_ID,SPONSOR_TERM_TYPE_CODE,SPONSOR_TERM_CODE, DESCRIPTION, UPDATE_TIMESTAMP, UPDATE_USER ) 
VALUES ( SEQ_SPONSOR_TERM.nextval,2, 21, 'DEAR 952.227-11 Patent rights, retention by the contractor:  title to MIT, non-exclusive paid up license to government.', sysdate, user ); 
INSERT INTO SPONSOR_TERM ( SPONSOR_TERM_ID,SPONSOR_TERM_TYPE_CODE,SPONSOR_TERM_CODE, DESCRIPTION, UPDATE_TIMESTAMP, UPDATE_USER ) 
VALUES ( SEQ_SPONSOR_TERM.nextval,2, 22, 'Standard MIT Single Sponsor Agreement dated 7/1/04: Title to MIT; Licensing option for the sponsor', sysdate, user ); 
commit;

INSERT INTO SPONSOR_TERM ( SPONSOR_TERM_ID,SPONSOR_TERM_TYPE_CODE,SPONSOR_TERM_CODE, DESCRIPTION, UPDATE_TIMESTAMP, UPDATE_USER ) 
VALUES ( SEQ_SPONSOR_TERM.nextval,3, 22, 'Sponsor prior approval required for carryforward of unobligated funds', sysdate, user ); 
INSERT INTO SPONSOR_TERM ( SPONSOR_TERM_ID,SPONSOR_TERM_TYPE_CODE,SPONSOR_TERM_CODE, DESCRIPTION, UPDATE_TIMESTAMP, UPDATE_USER ) 
VALUES ( SEQ_SPONSOR_TERM.nextval,3, 17, 'Carryforward of unexpended funds in excess of 20% requires full justification and approval by the sponsor.', sysdate, user ); 
INSERT INTO SPONSOR_TERM ( SPONSOR_TERM_ID,SPONSOR_TERM_TYPE_CODE,SPONSOR_TERM_CODE, DESCRIPTION, UPDATE_TIMESTAMP, UPDATE_USER ) 
VALUES ( SEQ_SPONSOR_TERM.nextval,3, 23, 'Prior approval required for substantial reduction in PI effort', sysdate, user ); 
INSERT INTO SPONSOR_TERM ( SPONSOR_TERM_ID,SPONSOR_TERM_TYPE_CODE,SPONSOR_TERM_CODE, DESCRIPTION, UPDATE_TIMESTAMP, UPDATE_USER ) 
VALUES ( SEQ_SPONSOR_TERM.nextval,3, 24, 'Prior approval required for expenditures for related projects.', sysdate, user ); 
INSERT INTO SPONSOR_TERM ( SPONSOR_TERM_ID,SPONSOR_TERM_TYPE_CODE,SPONSOR_TERM_CODE, DESCRIPTION, UPDATE_TIMESTAMP, UPDATE_USER ) 
VALUES ( SEQ_SPONSOR_TERM.nextval,3, 25, 'Prior approval required for transfers between budget items when the cumulative amount of such transfers exceeds 10% of the total budget', sysdate, user ); 
INSERT INTO SPONSOR_TERM ( SPONSOR_TERM_ID,SPONSOR_TERM_TYPE_CODE,SPONSOR_TERM_CODE, DESCRIPTION, UPDATE_TIMESTAMP, UPDATE_USER ) 
VALUES ( SEQ_SPONSOR_TERM.nextval,3, 26, 'Carryforward of funds allowed, unless notified otherwise by Sponsor.', sysdate, user ); 
INSERT INTO SPONSOR_TERM ( SPONSOR_TERM_ID,SPONSOR_TERM_TYPE_CODE,SPONSOR_TERM_CODE, DESCRIPTION, UPDATE_TIMESTAMP, UPDATE_USER ) 
VALUES ( SEQ_SPONSOR_TERM.nextval,3, 27, 'Notification required for change in PI effort--25% more or less time', sysdate, user ); 
INSERT INTO SPONSOR_TERM ( SPONSOR_TERM_ID,SPONSOR_TERM_TYPE_CODE,SPONSOR_TERM_CODE, DESCRIPTION, UPDATE_TIMESTAMP, UPDATE_USER ) 
VALUES ( SEQ_SPONSOR_TERM.nextval,3, 28, 'Prior approval required to rebudget between direct and indirect costs.', sysdate, user ); 
INSERT INTO SPONSOR_TERM ( SPONSOR_TERM_ID,SPONSOR_TERM_TYPE_CODE,SPONSOR_TERM_CODE, DESCRIPTION, UPDATE_TIMESTAMP, UPDATE_USER ) 
VALUES ( SEQ_SPONSOR_TERM.nextval,3, 29, 'Technical Contact should be informed of any reporgramming of funds over $10,000, and any proposed scientific use of facility outside of sponsored activities', sysdate, user ); 
INSERT INTO SPONSOR_TERM ( SPONSOR_TERM_ID,SPONSOR_TERM_TYPE_CODE,SPONSOR_TERM_CODE, DESCRIPTION, UPDATE_TIMESTAMP, UPDATE_USER ) 
VALUES ( SEQ_SPONSOR_TERM.nextval,3, 30, 'Substantial variations from approved budget require prior approval from Sponsor.', sysdate, user ); 
INSERT INTO SPONSOR_TERM ( SPONSOR_TERM_ID,SPONSOR_TERM_TYPE_CODE,SPONSOR_TERM_CODE, DESCRIPTION, UPDATE_TIMESTAMP, UPDATE_USER ) 
VALUES ( SEQ_SPONSOR_TERM.nextval,3, 31, 'Prior approval required for change in PI, 3 month absence or 25% reduction in effort.', sysdate, user ); 
INSERT INTO SPONSOR_TERM ( SPONSOR_TERM_ID,SPONSOR_TERM_TYPE_CODE,SPONSOR_TERM_CODE, DESCRIPTION, UPDATE_TIMESTAMP, UPDATE_USER ) 
VALUES ( SEQ_SPONSOR_TERM.nextval,3, 32, 'Prior approval required to declare related projects.', sysdate, user ); 
INSERT INTO SPONSOR_TERM ( SPONSOR_TERM_ID,SPONSOR_TERM_TYPE_CODE,SPONSOR_TERM_CODE, DESCRIPTION, UPDATE_TIMESTAMP, UPDATE_USER ) 
VALUES ( SEQ_SPONSOR_TERM.nextval,3, 18, 'Prior approval required for publicity and advertising', sysdate, user ); 
INSERT INTO SPONSOR_TERM ( SPONSOR_TERM_ID,SPONSOR_TERM_TYPE_CODE,SPONSOR_TERM_CODE, DESCRIPTION, UPDATE_TIMESTAMP, UPDATE_USER ) 
VALUES ( SEQ_SPONSOR_TERM.nextval,3, 19, 'Prior approval required for alteration and/or renovation costs $10,000 or higher', sysdate, user ); 
INSERT INTO SPONSOR_TERM ( SPONSOR_TERM_ID,SPONSOR_TERM_TYPE_CODE,SPONSOR_TERM_CODE, DESCRIPTION, UPDATE_TIMESTAMP, UPDATE_USER ) 
VALUES ( SEQ_SPONSOR_TERM.nextval,3, 20, 'Prior approval required for change in PI effort--25% more or less time', sysdate, user ); 
INSERT INTO SPONSOR_TERM ( SPONSOR_TERM_ID,SPONSOR_TERM_TYPE_CODE,SPONSOR_TERM_CODE, DESCRIPTION, UPDATE_TIMESTAMP, UPDATE_USER ) 
VALUES ( SEQ_SPONSOR_TERM.nextval,3, 21, 'Prior approval required for operating expense items which exceed by 20% the amounts budgeted', sysdate, user ); 
INSERT INTO SPONSOR_TERM ( SPONSOR_TERM_ID,SPONSOR_TERM_TYPE_CODE,SPONSOR_TERM_CODE, DESCRIPTION, UPDATE_TIMESTAMP, UPDATE_USER ) 
VALUES ( SEQ_SPONSOR_TERM.nextval,3, 1, 'None', sysdate, user ); 
INSERT INTO SPONSOR_TERM ( SPONSOR_TERM_ID,SPONSOR_TERM_TYPE_CODE,SPONSOR_TERM_CODE, DESCRIPTION, UPDATE_TIMESTAMP, UPDATE_USER ) 
VALUES ( SEQ_SPONSOR_TERM.nextval,3, 2, 'Prior approval required for substantive changes in SOW', sysdate, user ); 
INSERT INTO SPONSOR_TERM ( SPONSOR_TERM_ID,SPONSOR_TERM_TYPE_CODE,SPONSOR_TERM_CODE, DESCRIPTION, UPDATE_TIMESTAMP, UPDATE_USER ) 
VALUES ( SEQ_SPONSOR_TERM.nextval,3, 3, 'Prior approval required for absence and/or change of PI', sysdate, user ); 
INSERT INTO SPONSOR_TERM ( SPONSOR_TERM_ID,SPONSOR_TERM_TYPE_CODE,SPONSOR_TERM_CODE, DESCRIPTION, UPDATE_TIMESTAMP, UPDATE_USER ) 
VALUES ( SEQ_SPONSOR_TERM.nextval,3, 4, 'Prior approval required for alteration and/or renovation  costs', sysdate, user ); 
INSERT INTO SPONSOR_TERM ( SPONSOR_TERM_ID,SPONSOR_TERM_TYPE_CODE,SPONSOR_TERM_CODE, DESCRIPTION, UPDATE_TIMESTAMP, UPDATE_USER ) 
VALUES ( SEQ_SPONSOR_TERM.nextval,3, 5, 'Prior approval required for change in key personnel', sysdate, user ); 
INSERT INTO SPONSOR_TERM ( SPONSOR_TERM_ID,SPONSOR_TERM_TYPE_CODE,SPONSOR_TERM_CODE, DESCRIPTION, UPDATE_TIMESTAMP, UPDATE_USER ) 
VALUES ( SEQ_SPONSOR_TERM.nextval,3, 6, 'Prior approval required for transfer of award to another institution', sysdate, user ); 
INSERT INTO SPONSOR_TERM ( SPONSOR_TERM_ID,SPONSOR_TERM_TYPE_CODE,SPONSOR_TERM_CODE, DESCRIPTION, UPDATE_TIMESTAMP, UPDATE_USER ) 
VALUES ( SEQ_SPONSOR_TERM.nextval,3, 7, 'Prior approval required for no-cost extensions', sysdate, user ); 
INSERT INTO SPONSOR_TERM ( SPONSOR_TERM_ID,SPONSOR_TERM_TYPE_CODE,SPONSOR_TERM_CODE, DESCRIPTION, UPDATE_TIMESTAMP, UPDATE_USER ) 
VALUES ( SEQ_SPONSOR_TERM.nextval,3, 8, 'Advanced notification required for alteration and/or renovation costs', sysdate, user ); 
INSERT INTO SPONSOR_TERM ( SPONSOR_TERM_ID,SPONSOR_TERM_TYPE_CODE,SPONSOR_TERM_CODE, DESCRIPTION, UPDATE_TIMESTAMP, UPDATE_USER ) 
VALUES ( SEQ_SPONSOR_TERM.nextval,3, 9, 'Prior approval required for consultant costs', sysdate, user ); 
INSERT INTO SPONSOR_TERM ( SPONSOR_TERM_ID,SPONSOR_TERM_TYPE_CODE,SPONSOR_TERM_CODE, DESCRIPTION, UPDATE_TIMESTAMP, UPDATE_USER ) 
VALUES ( SEQ_SPONSOR_TERM.nextval,3, 10, 'Prior approval required for transfers between budget items when the cumulative amount of such transfers exceeds 15% of the total budget', sysdate, user ); 
INSERT INTO SPONSOR_TERM ( SPONSOR_TERM_ID,SPONSOR_TERM_TYPE_CODE,SPONSOR_TERM_CODE, DESCRIPTION, UPDATE_TIMESTAMP, UPDATE_USER ) 
VALUES ( SEQ_SPONSOR_TERM.nextval,3, 11, 'Grants Officer must be notified within 10 days of exercise of single no-cost extension', sysdate, user ); 
INSERT INTO SPONSOR_TERM ( SPONSOR_TERM_ID,SPONSOR_TERM_TYPE_CODE,SPONSOR_TERM_CODE, DESCRIPTION, UPDATE_TIMESTAMP, UPDATE_USER ) 
VALUES ( SEQ_SPONSOR_TERM.nextval,3, 12, 'Grants Officer must be notified within 30 days of exercise of single no-cost extension', sysdate, user ); 
INSERT INTO SPONSOR_TERM ( SPONSOR_TERM_ID,SPONSOR_TERM_TYPE_CODE,SPONSOR_TERM_CODE, DESCRIPTION, UPDATE_TIMESTAMP, UPDATE_USER ) 
VALUES ( SEQ_SPONSOR_TERM.nextval,3, 13, 'Grants Officer must be notified 10 days in advance of expiration date if single no-cost extension will be exercised.', sysdate, user ); 
INSERT INTO SPONSOR_TERM ( SPONSOR_TERM_ID,SPONSOR_TERM_TYPE_CODE,SPONSOR_TERM_CODE, DESCRIPTION, UPDATE_TIMESTAMP, UPDATE_USER ) 
VALUES ( SEQ_SPONSOR_TERM.nextval,3, 14, 'Grants Officer must be notified 30 days in advance of expiration date if single no-cost extension will be exercised.', sysdate, user ); 
INSERT INTO SPONSOR_TERM ( SPONSOR_TERM_ID,SPONSOR_TERM_TYPE_CODE,SPONSOR_TERM_CODE, DESCRIPTION, UPDATE_TIMESTAMP, UPDATE_USER ) 
VALUES ( SEQ_SPONSOR_TERM.nextval,3, 15, 'Carryforward of unexpended funds in excess of 25% of the current period obligation (or $250,000 whichever is less) will be questioned and must be justified', sysdate, user ); 
INSERT INTO SPONSOR_TERM ( SPONSOR_TERM_ID,SPONSOR_TERM_TYPE_CODE,SPONSOR_TERM_CODE, DESCRIPTION, UPDATE_TIMESTAMP, UPDATE_USER ) 
VALUES ( SEQ_SPONSOR_TERM.nextval,3, 16, 'Carryforward of unexpended funds must be projected and justified', sysdate, user ); 
INSERT INTO SPONSOR_TERM ( SPONSOR_TERM_ID,SPONSOR_TERM_TYPE_CODE,SPONSOR_TERM_CODE, DESCRIPTION, UPDATE_TIMESTAMP, UPDATE_USER ) 
VALUES ( SEQ_SPONSOR_TERM.nextval,3, 33, 'Recipient may incur pre-award costs 90 days prior to award.', sysdate, user ); 
INSERT INTO SPONSOR_TERM ( SPONSOR_TERM_ID,SPONSOR_TERM_TYPE_CODE,SPONSOR_TERM_CODE, DESCRIPTION, UPDATE_TIMESTAMP, UPDATE_USER ) 
VALUES ( SEQ_SPONSOR_TERM.nextval,3, 34, 'Prior approval required for all line item budget changes.', sysdate, user ); 
INSERT INTO SPONSOR_TERM ( SPONSOR_TERM_ID,SPONSOR_TERM_TYPE_CODE,SPONSOR_TERM_CODE, DESCRIPTION, UPDATE_TIMESTAMP, UPDATE_USER ) 
VALUES ( SEQ_SPONSOR_TERM.nextval,3, 35, 'Sponsor must be notified in writing at least thirty (30) days in advance of expiration date if single no cost extension will be excercised.', sysdate, user ); 
INSERT INTO SPONSOR_TERM ( SPONSOR_TERM_ID,SPONSOR_TERM_TYPE_CODE,SPONSOR_TERM_CODE, DESCRIPTION, UPDATE_TIMESTAMP, UPDATE_USER ) 
VALUES ( SEQ_SPONSOR_TERM.nextval,3, 36, 'Prior approval required for transfers between budget items when the cumulative amount of such transfers exceeds $25,000 or 25% of the total budget whichever is less.', sysdate, user ); 
INSERT INTO SPONSOR_TERM ( SPONSOR_TERM_ID,SPONSOR_TERM_TYPE_CODE,SPONSOR_TERM_CODE, DESCRIPTION, UPDATE_TIMESTAMP, UPDATE_USER ) 
VALUES ( SEQ_SPONSOR_TERM.nextval,3, 37, 'Prior Approval required for significant rebudgeting except Modular Grants', sysdate, user ); 
INSERT INTO SPONSOR_TERM ( SPONSOR_TERM_ID,SPONSOR_TERM_TYPE_CODE,SPONSOR_TERM_CODE, DESCRIPTION, UPDATE_TIMESTAMP, UPDATE_USER ) 
VALUES ( SEQ_SPONSOR_TERM.nextval,3, 38, 'Entertainment and Alcohol expenses have sponsor approval', sysdate, user ); 
INSERT INTO SPONSOR_TERM ( SPONSOR_TERM_ID,SPONSOR_TERM_TYPE_CODE,SPONSOR_TERM_CODE, DESCRIPTION, UPDATE_TIMESTAMP, UPDATE_USER ) 
VALUES ( SEQ_SPONSOR_TERM.nextval,3, 39, 'Promotional, Memorabilia and Public Relations expenses have sponsor approval', sysdate, user ); 
INSERT INTO SPONSOR_TERM ( SPONSOR_TERM_ID,SPONSOR_TERM_TYPE_CODE,SPONSOR_TERM_CODE, DESCRIPTION, UPDATE_TIMESTAMP, UPDATE_USER ) 
VALUES ( SEQ_SPONSOR_TERM.nextval,3, 40, 'Meetings Food and Beverage are allowed by the non-Federal sponsor', sysdate, user ); 
INSERT INTO SPONSOR_TERM ( SPONSOR_TERM_ID,SPONSOR_TERM_TYPE_CODE,SPONSOR_TERM_CODE, DESCRIPTION, UPDATE_TIMESTAMP, UPDATE_USER ) 
VALUES ( SEQ_SPONSOR_TERM.nextval,3, 41, 'Salaries for administrative effort may not be charged as direct cost to this award.', sysdate, user ); 
INSERT INTO SPONSOR_TERM ( SPONSOR_TERM_ID,SPONSOR_TERM_TYPE_CODE,SPONSOR_TERM_CODE, DESCRIPTION, UPDATE_TIMESTAMP, UPDATE_USER ) 
VALUES ( SEQ_SPONSOR_TERM.nextval,3, 42, 'Should human subjects be utilized in this research, please be sure that ALL personnel working on this project have successfully completed an approved human subject course.', sysdate, user ); 
INSERT INTO SPONSOR_TERM ( SPONSOR_TERM_ID,SPONSOR_TERM_TYPE_CODE,SPONSOR_TERM_CODE, DESCRIPTION, UPDATE_TIMESTAMP, UPDATE_USER ) 
VALUES ( SEQ_SPONSOR_TERM.nextval,3, 43, 'Regulations regarding export control  may apply  if the research undertaken is cited in either the Export Administration Regulations (EAR) or the International Traffic in Arms Regulation (ITAR).', sysdate, user ); 
INSERT INTO SPONSOR_TERM ( SPONSOR_TERM_ID,SPONSOR_TERM_TYPE_CODE,SPONSOR_TERM_CODE, DESCRIPTION, UPDATE_TIMESTAMP, UPDATE_USER ) 
VALUES ( SEQ_SPONSOR_TERM.nextval,3, 44, 'See memo from R. Brown and J. Norris dated 1/25/02 (available on OSP Home Page at http://web.mit.edu/osp/www/ for more information).', sysdate, user ); 
INSERT INTO SPONSOR_TERM ( SPONSOR_TERM_ID,SPONSOR_TERM_TYPE_CODE,SPONSOR_TERM_CODE, DESCRIPTION, UPDATE_TIMESTAMP, UPDATE_USER ) 
VALUES ( SEQ_SPONSOR_TERM.nextval,3, 45, 'Any reduction in cost shared PI effort requires sponsor approval.', sysdate, user ); 
INSERT INTO SPONSOR_TERM ( SPONSOR_TERM_ID,SPONSOR_TERM_TYPE_CODE,SPONSOR_TERM_CODE, DESCRIPTION, UPDATE_TIMESTAMP, UPDATE_USER ) 
VALUES ( SEQ_SPONSOR_TERM.nextval,3, 46, 'Any rebudgeting in cost sharing categories requires sponsor approval.', sysdate, user ); 
INSERT INTO SPONSOR_TERM ( SPONSOR_TERM_ID,SPONSOR_TERM_TYPE_CODE,SPONSOR_TERM_CODE, DESCRIPTION, UPDATE_TIMESTAMP, UPDATE_USER ) 
VALUES ( SEQ_SPONSOR_TERM.nextval,3, 47, 'Costs incurred under other Federal awards for the project may be used as cost sharing.', sysdate, user ); 
INSERT INTO SPONSOR_TERM ( SPONSOR_TERM_ID,SPONSOR_TERM_TYPE_CODE,SPONSOR_TERM_CODE, DESCRIPTION, UPDATE_TIMESTAMP, UPDATE_USER ) 
VALUES ( SEQ_SPONSOR_TERM.nextval,3, 48, 'Costs incurred under non-Federal sponsored awards for the project have been budgeted as a postential source of cost sharing and may be used as such to the extent approved by the non-Federal sponsor.', sysdate, user ); 
INSERT INTO SPONSOR_TERM ( SPONSOR_TERM_ID,SPONSOR_TERM_TYPE_CODE,SPONSOR_TERM_CODE, DESCRIPTION, UPDATE_TIMESTAMP, UPDATE_USER ) 
VALUES ( SEQ_SPONSOR_TERM.nextval,3, 49, 'Entertainment expenses (without alcohol) have sponsor approval.', sysdate, user ); 
INSERT INTO SPONSOR_TERM ( SPONSOR_TERM_ID,SPONSOR_TERM_TYPE_CODE,SPONSOR_TERM_CODE, DESCRIPTION, UPDATE_TIMESTAMP, UPDATE_USER ) 
VALUES ( SEQ_SPONSOR_TERM.nextval,3, 50, 'Visits by Foreign Nationals to the sponsors facility require the coordination with and approval of the sponsor', sysdate, user ); 
INSERT INTO SPONSOR_TERM ( SPONSOR_TERM_ID,SPONSOR_TERM_TYPE_CODE,SPONSOR_TERM_CODE, DESCRIPTION, UPDATE_TIMESTAMP, UPDATE_USER ) 
VALUES ( SEQ_SPONSOR_TERM.nextval,3, 51, 'Prior approval required for unbudgeted consultant costs.', sysdate, user ); 
INSERT INTO SPONSOR_TERM ( SPONSOR_TERM_ID,SPONSOR_TERM_TYPE_CODE,SPONSOR_TERM_CODE, DESCRIPTION, UPDATE_TIMESTAMP, UPDATE_USER ) 
VALUES ( SEQ_SPONSOR_TERM.nextval,3, 52, 'Sponsor will pay reasonable cost of 2 units of alcohol per person per day.', sysdate, user ); 
INSERT INTO SPONSOR_TERM ( SPONSOR_TERM_ID,SPONSOR_TERM_TYPE_CODE,SPONSOR_TERM_CODE, DESCRIPTION, UPDATE_TIMESTAMP, UPDATE_USER ) 
VALUES ( SEQ_SPONSOR_TERM.nextval,3, 53, 'Carry over of an unobligated balance into the next budget period requires Grants Management Officers prior approval.', sysdate, user ); 
INSERT INTO SPONSOR_TERM ( SPONSOR_TERM_ID,SPONSOR_TERM_TYPE_CODE,SPONSOR_TERM_CODE, DESCRIPTION, UPDATE_TIMESTAMP, UPDATE_USER ) 
VALUES ( SEQ_SPONSOR_TERM.nextval,3, 54, 'Sponsor must be notified 30 days in advance of expiration date if single no-cost extension will be exercised.', sysdate, user ); 
INSERT INTO SPONSOR_TERM ( SPONSOR_TERM_ID,SPONSOR_TERM_TYPE_CODE,SPONSOR_TERM_CODE, DESCRIPTION, UPDATE_TIMESTAMP, UPDATE_USER ) 
VALUES ( SEQ_SPONSOR_TERM.nextval,3, 55, 'Carry over of an unobligated balance into the next budget period requires Sponsor prior approval.', sysdate, user ); 
INSERT INTO SPONSOR_TERM ( SPONSOR_TERM_ID,SPONSOR_TERM_TYPE_CODE,SPONSOR_TERM_CODE, DESCRIPTION, UPDATE_TIMESTAMP, UPDATE_USER ) 
VALUES ( SEQ_SPONSOR_TERM.nextval,3, 56, 'Sponsor prior approval required prior to 60 days after expiration for carryforward of unobligated funds to be submitted with final invoice', sysdate, user ); 
INSERT INTO SPONSOR_TERM ( SPONSOR_TERM_ID,SPONSOR_TERM_TYPE_CODE,SPONSOR_TERM_CODE, DESCRIPTION, UPDATE_TIMESTAMP, UPDATE_USER ) 
VALUES ( SEQ_SPONSOR_TERM.nextval,3, 57, 'Prior approval required for no-cost extensions to sponsor no later than 30 days', sysdate, user ); 
INSERT INTO SPONSOR_TERM ( SPONSOR_TERM_ID,SPONSOR_TERM_TYPE_CODE,SPONSOR_TERM_CODE, DESCRIPTION, UPDATE_TIMESTAMP, UPDATE_USER ) 
VALUES ( SEQ_SPONSOR_TERM.nextval,3, 58, 'Meetings, Food, and Beverage expenses allowable, if substantiated.', sysdate, user ); 

commit;

INSERT INTO SPONSOR_TERM ( SPONSOR_TERM_ID, SPONSOR_TERM_TYPE_CODE,SPONSOR_TERM_CODE , DESCRIPTION, UPDATE_TIMESTAMP, UPDATE_USER ) 
VALUES ( SEQ_SPONSOR_TERM.nextval,4,15, 'Sponsor may transfer title at expiration', sysdate, user ); 
INSERT INTO SPONSOR_TERM ( SPONSOR_TERM_ID, SPONSOR_TERM_TYPE_CODE,SPONSOR_TERM_CODE , DESCRIPTION, UPDATE_TIMESTAMP, UPDATE_USER ) 
VALUES ( SEQ_SPONSOR_TERM.nextval,4,1, 'No clause', sysdate, user ); 
INSERT INTO SPONSOR_TERM ( SPONSOR_TERM_ID, SPONSOR_TERM_TYPE_CODE,SPONSOR_TERM_CODE , DESCRIPTION, UPDATE_TIMESTAMP, UPDATE_USER ) 
VALUES ( SEQ_SPONSOR_TERM.nextval,4,2, 'Unusual requirement', sysdate, user ); 
INSERT INTO SPONSOR_TERM ( SPONSOR_TERM_ID, SPONSOR_TERM_TYPE_CODE,SPONSOR_TERM_CODE , DESCRIPTION, UPDATE_TIMESTAMP, UPDATE_USER ) 
VALUES ( SEQ_SPONSOR_TERM.nextval,4,3, 'FAR 52.245-5, Government Property (Cost-reimbursement,...)', sysdate, user ); 
INSERT INTO SPONSOR_TERM ( SPONSOR_TERM_ID, SPONSOR_TERM_TYPE_CODE,SPONSOR_TERM_CODE , DESCRIPTION, UPDATE_TIMESTAMP, UPDATE_USER ) 
VALUES ( SEQ_SPONSOR_TERM.nextval,4,16, 'MIT may request title', sysdate, user ); 
INSERT INTO SPONSOR_TERM ( SPONSOR_TERM_ID, SPONSOR_TERM_TYPE_CODE,SPONSOR_TERM_CODE , DESCRIPTION, UPDATE_TIMESTAMP, UPDATE_USER ) 
VALUES ( SEQ_SPONSOR_TERM.nextval,4,17, 'Title to equipment with a unit cost of $25,000 or more shall vest with Sponsor.', sysdate, user ); 
INSERT INTO SPONSOR_TERM ( SPONSOR_TERM_ID, SPONSOR_TERM_TYPE_CODE,SPONSOR_TERM_CODE , DESCRIPTION, UPDATE_TIMESTAMP, UPDATE_USER ) 
VALUES ( SEQ_SPONSOR_TERM.nextval,4,18, 'Title of equipment having an acquisition cost of $5,000 or more to be determined if/when equipment purchased', sysdate, user ); 
INSERT INTO SPONSOR_TERM ( SPONSOR_TERM_ID, SPONSOR_TERM_TYPE_CODE,SPONSOR_TERM_CODE , DESCRIPTION, UPDATE_TIMESTAMP, UPDATE_USER ) 
VALUES ( SEQ_SPONSOR_TERM.nextval,4,4, 'FAR 52.245-5, Alt.1 Government Property (Cost-reimbursement,...)', sysdate, user ); 
INSERT INTO SPONSOR_TERM ( SPONSOR_TERM_ID, SPONSOR_TERM_TYPE_CODE,SPONSOR_TERM_CODE , DESCRIPTION, UPDATE_TIMESTAMP, UPDATE_USER ) 
VALUES ( SEQ_SPONSOR_TERM.nextval,4,19, 'Title to approved equipment valued less than $5,000 shall vest in MIT', sysdate, user ); 
INSERT INTO SPONSOR_TERM ( SPONSOR_TERM_ID, SPONSOR_TERM_TYPE_CODE,SPONSOR_TERM_CODE , DESCRIPTION, UPDATE_TIMESTAMP, UPDATE_USER ) 
VALUES ( SEQ_SPONSOR_TERM.nextval,4,20, 'Title to MIT; sponsor may require transfer within 12 months of expiration', sysdate, user ); 
INSERT INTO SPONSOR_TERM ( SPONSOR_TERM_ID, SPONSOR_TERM_TYPE_CODE,SPONSOR_TERM_CODE , DESCRIPTION, UPDATE_TIMESTAMP, UPDATE_USER ) 
VALUES ( SEQ_SPONSOR_TERM.nextval,4,5, 'Title to sponsor', sysdate, user ); 
INSERT INTO SPONSOR_TERM ( SPONSOR_TERM_ID, SPONSOR_TERM_TYPE_CODE,SPONSOR_TERM_CODE , DESCRIPTION, UPDATE_TIMESTAMP, UPDATE_USER ) 
VALUES ( SEQ_SPONSOR_TERM.nextval,4,21, 'FAR 52.245.002, Government Property (Fixed Price Contracts) Alt. 11', sysdate, user ); 
INSERT INTO SPONSOR_TERM ( SPONSOR_TERM_ID, SPONSOR_TERM_TYPE_CODE,SPONSOR_TERM_CODE , DESCRIPTION, UPDATE_TIMESTAMP, UPDATE_USER ) 
VALUES ( SEQ_SPONSOR_TERM.nextval,4,22, 'Title to MIT.  MIT exempt from accountability', sysdate, user ); 
INSERT INTO SPONSOR_TERM ( SPONSOR_TERM_ID, SPONSOR_TERM_TYPE_CODE,SPONSOR_TERM_CODE , DESCRIPTION, UPDATE_TIMESTAMP, UPDATE_USER ) 
VALUES ( SEQ_SPONSOR_TERM.nextval,4,23, 'Government may require transfer of equipment valued $5,000 or more if the project is transferred to a new recipient', sysdate, user ); 
INSERT INTO SPONSOR_TERM ( SPONSOR_TERM_ID, SPONSOR_TERM_TYPE_CODE,SPONSOR_TERM_CODE , DESCRIPTION, UPDATE_TIMESTAMP, UPDATE_USER ) 
VALUES ( SEQ_SPONSOR_TERM.nextval,4,6, 'Title to MIT', sysdate, user ); 
INSERT INTO SPONSOR_TERM ( SPONSOR_TERM_ID, SPONSOR_TERM_TYPE_CODE,SPONSOR_TERM_CODE , DESCRIPTION, UPDATE_TIMESTAMP, UPDATE_USER ) 
VALUES ( SEQ_SPONSOR_TERM.nextval,4,7, 'Title to MIT; sponsor may require transfer within 120 days of expiration', sysdate, user ); 
INSERT INTO SPONSOR_TERM ( SPONSOR_TERM_ID, SPONSOR_TERM_TYPE_CODE,SPONSOR_TERM_CODE , DESCRIPTION, UPDATE_TIMESTAMP, UPDATE_USER ) 
VALUES ( SEQ_SPONSOR_TERM.nextval,4,8, 'Title to Government', sysdate, user ); 
INSERT INTO SPONSOR_TERM ( SPONSOR_TERM_ID, SPONSOR_TERM_TYPE_CODE,SPONSOR_TERM_CODE , DESCRIPTION, UPDATE_TIMESTAMP, UPDATE_USER ) 
VALUES ( SEQ_SPONSOR_TERM.nextval,4,9, 'Title to proposed equipment valued less than $5,000 shall vest in MIT', sysdate, user ); 
INSERT INTO SPONSOR_TERM ( SPONSOR_TERM_ID, SPONSOR_TERM_TYPE_CODE,SPONSOR_TERM_CODE , DESCRIPTION, UPDATE_TIMESTAMP, UPDATE_USER ) 
VALUES ( SEQ_SPONSOR_TERM.nextval,4,10, 'Submission of DD Form 1342 required', sysdate, user ); 
INSERT INTO SPONSOR_TERM ( SPONSOR_TERM_ID, SPONSOR_TERM_TYPE_CODE,SPONSOR_TERM_CODE , DESCRIPTION, UPDATE_TIMESTAMP, UPDATE_USER ) 
VALUES ( SEQ_SPONSOR_TERM.nextval,4,11, 'Title to be determined if/when equipment purchased', sysdate, user ); 
INSERT INTO SPONSOR_TERM ( SPONSOR_TERM_ID, SPONSOR_TERM_TYPE_CODE,SPONSOR_TERM_CODE , DESCRIPTION, UPDATE_TIMESTAMP, UPDATE_USER ) 
VALUES ( SEQ_SPONSOR_TERM.nextval,4,12, 'Property administration delegated to ONRRR', sysdate, user ); 
INSERT INTO SPONSOR_TERM ( SPONSOR_TERM_ID, SPONSOR_TERM_TYPE_CODE,SPONSOR_TERM_CODE , DESCRIPTION, UPDATE_TIMESTAMP, UPDATE_USER ) 
VALUES ( SEQ_SPONSOR_TERM.nextval,4,13, 'Title to sponsor, if purchased with DOE equipment funds', sysdate, user ); 
INSERT INTO SPONSOR_TERM ( SPONSOR_TERM_ID, SPONSOR_TERM_TYPE_CODE,SPONSOR_TERM_CODE , DESCRIPTION, UPDATE_TIMESTAMP, UPDATE_USER ) 
VALUES ( SEQ_SPONSOR_TERM.nextval,4,14, 'OMB Circular A-110 provisions', sysdate, user ); 
INSERT INTO SPONSOR_TERM ( SPONSOR_TERM_ID, SPONSOR_TERM_TYPE_CODE,SPONSOR_TERM_CODE , DESCRIPTION, UPDATE_TIMESTAMP, UPDATE_USER ) 
VALUES ( SEQ_SPONSOR_TERM.nextval,4,24, 'Title to Proposed equipment valued at less than $5,000 shall vest in MIT (subject to approvals as specified in form JPL 2710 )', sysdate, user ); 
INSERT INTO SPONSOR_TERM ( SPONSOR_TERM_ID, SPONSOR_TERM_TYPE_CODE,SPONSOR_TERM_CODE , DESCRIPTION, UPDATE_TIMESTAMP, UPDATE_USER ) 
VALUES ( SEQ_SPONSOR_TERM.nextval,4,25, 'Title to general purpose equipment vests with the Government', sysdate, user ); 
INSERT INTO SPONSOR_TERM ( SPONSOR_TERM_ID, SPONSOR_TERM_TYPE_CODE,SPONSOR_TERM_CODE , DESCRIPTION, UPDATE_TIMESTAMP, UPDATE_USER ) 
VALUES ( SEQ_SPONSOR_TERM.nextval,4,26, 'DFAR 970.5204-21 Property', sysdate, user ); 
INSERT INTO SPONSOR_TERM ( SPONSOR_TERM_ID, SPONSOR_TERM_TYPE_CODE,SPONSOR_TERM_CODE , DESCRIPTION, UPDATE_TIMESTAMP, UPDATE_USER ) 
VALUES ( SEQ_SPONSOR_TERM.nextval,4,27, 'Sponsor will automatically transfer title at expiration', sysdate, user );

commit;

INSERT INTO SPONSOR_TERM ( SPONSOR_TERM_ID,SPONSOR_TERM_TYPE_CODE,SPONSOR_TERM_CODE, DESCRIPTION, UPDATE_TIMESTAMP, UPDATE_USER ) 
VALUES ( SEQ_SPONSOR_TERM.nextval,5, 4, 'MIT may publish all data first produced in performance', sysdate, user ); 
INSERT INTO SPONSOR_TERM ( SPONSOR_TERM_ID,SPONSOR_TERM_TYPE_CODE,SPONSOR_TERM_CODE, DESCRIPTION, UPDATE_TIMESTAMP, UPDATE_USER ) 
VALUES ( SEQ_SPONSOR_TERM.nextval,5, 5, 'Unrestricted with sponsor review 30 days in advance of publication', sysdate, user ); 
INSERT INTO SPONSOR_TERM ( SPONSOR_TERM_ID,SPONSOR_TERM_TYPE_CODE,SPONSOR_TERM_CODE, DESCRIPTION, UPDATE_TIMESTAMP, UPDATE_USER ) 
VALUES ( SEQ_SPONSOR_TERM.nextval,5, 2, 'Unusual requirement', sysdate, user ); 
INSERT INTO SPONSOR_TERM ( SPONSOR_TERM_ID,SPONSOR_TERM_TYPE_CODE,SPONSOR_TERM_CODE, DESCRIPTION, UPDATE_TIMESTAMP, UPDATE_USER ) 
VALUES ( SEQ_SPONSOR_TERM.nextval,5, 3, 'Unrestricted', sysdate, user ); 
INSERT INTO SPONSOR_TERM ( SPONSOR_TERM_ID,SPONSOR_TERM_TYPE_CODE,SPONSOR_TERM_CODE, DESCRIPTION, UPDATE_TIMESTAMP, UPDATE_USER ) 
VALUES ( SEQ_SPONSOR_TERM.nextval,5, 11, 'Unrestricted with sponsor review 30 days in advance of publication.  Additional sixty days will be allowed for patent filing.', sysdate, user ); 
INSERT INTO SPONSOR_TERM ( SPONSOR_TERM_ID,SPONSOR_TERM_TYPE_CODE,SPONSOR_TERM_CODE, DESCRIPTION, UPDATE_TIMESTAMP, UPDATE_USER ) 
VALUES ( SEQ_SPONSOR_TERM.nextval,5, 6, 'Unrestricted with sponsor review 60 days in advance of publication', sysdate, user ); 
INSERT INTO SPONSOR_TERM ( SPONSOR_TERM_ID,SPONSOR_TERM_TYPE_CODE,SPONSOR_TERM_CODE, DESCRIPTION, UPDATE_TIMESTAMP, UPDATE_USER ) 
VALUES ( SEQ_SPONSOR_TERM.nextval,5, 1, 'No clause', sysdate, user ); 
INSERT INTO SPONSOR_TERM ( SPONSOR_TERM_ID,SPONSOR_TERM_TYPE_CODE,SPONSOR_TERM_CODE, DESCRIPTION, UPDATE_TIMESTAMP, UPDATE_USER ) 
VALUES ( SEQ_SPONSOR_TERM.nextval,5, 7, 'Unrestricted with sponsor review 90 days in advance of publication', sysdate, user ); 
INSERT INTO SPONSOR_TERM ( SPONSOR_TERM_ID,SPONSOR_TERM_TYPE_CODE,SPONSOR_TERM_CODE, DESCRIPTION, UPDATE_TIMESTAMP, UPDATE_USER ) 
VALUES ( SEQ_SPONSOR_TERM.nextval,5, 8, 'Acknowledgement of sponsor support required in publications and deliveries', sysdate, user ); 
INSERT INTO SPONSOR_TERM ( SPONSOR_TERM_ID,SPONSOR_TERM_TYPE_CODE,SPONSOR_TERM_CODE, DESCRIPTION, UPDATE_TIMESTAMP, UPDATE_USER ) 
VALUES ( SEQ_SPONSOR_TERM.nextval,5, 12, 'Unrestricted with copy to sponsor', sysdate, user ); 
INSERT INTO SPONSOR_TERM ( SPONSOR_TERM_ID,SPONSOR_TERM_TYPE_CODE,SPONSOR_TERM_CODE, DESCRIPTION, UPDATE_TIMESTAMP, UPDATE_USER ) 
VALUES ( SEQ_SPONSOR_TERM.nextval,5, 13, 'Unrestricted with sponsor review 45 days in advance of publication', sysdate, user ); 
INSERT INTO SPONSOR_TERM ( SPONSOR_TERM_ID,SPONSOR_TERM_TYPE_CODE,SPONSOR_TERM_CODE, DESCRIPTION, UPDATE_TIMESTAMP, UPDATE_USER ) 
VALUES ( SEQ_SPONSOR_TERM.nextval,5, 14, 'FAR 52.227-14, Rights in Data-General', sysdate, user ); 
INSERT INTO SPONSOR_TERM ( SPONSOR_TERM_ID,SPONSOR_TERM_TYPE_CODE,SPONSOR_TERM_CODE, DESCRIPTION, UPDATE_TIMESTAMP, UPDATE_USER ) 
VALUES ( SEQ_SPONSOR_TERM.nextval,5, 15, 'Disclose sources of support on statements, press releases, requests for proposals, bid solicitations and other documents describing projects, showing agency, grant amount and proportion of total cost.', sysdate, user ); 
INSERT INTO SPONSOR_TERM ( SPONSOR_TERM_ID,SPONSOR_TERM_TYPE_CODE,SPONSOR_TERM_CODE, DESCRIPTION, UPDATE_TIMESTAMP, UPDATE_USER ) 
VALUES ( SEQ_SPONSOR_TERM.nextval,5, 9, 'Disclaimer required in publications, indicating the views expressed are not endorsed by the sponsor', sysdate, user ); 
INSERT INTO SPONSOR_TERM ( SPONSOR_TERM_ID,SPONSOR_TERM_TYPE_CODE,SPONSOR_TERM_CODE, DESCRIPTION, UPDATE_TIMESTAMP, UPDATE_USER ) 
VALUES ( SEQ_SPONSOR_TERM.nextval,5, 10, 'Unrestricted with sponsor review of final draft 90 days in advance of termination date', sysdate, user ); 

commit;

INSERT INTO SPONSOR_TERM ( SPONSOR_TERM_ID,SPONSOR_TERM_TYPE_CODE,SPONSOR_TERM_CODE, DESCRIPTION, UPDATE_TIMESTAMP, UPDATE_USER ) 
VALUES ( SEQ_SPONSOR_TERM.nextval,6, 69, 'FDP IV General Terms dated 4/05', sysdate, user ); 
INSERT INTO SPONSOR_TERM ( SPONSOR_TERM_ID,SPONSOR_TERM_TYPE_CODE,SPONSOR_TERM_CODE, DESCRIPTION, UPDATE_TIMESTAMP, UPDATE_USER ) 
VALUES ( SEQ_SPONSOR_TERM.nextval,6, 70, 'FDP NSF Agency Specific Terms dated 10/04', sysdate, user ); 
INSERT INTO SPONSOR_TERM ( SPONSOR_TERM_ID,SPONSOR_TERM_TYPE_CODE,SPONSOR_TERM_CODE, DESCRIPTION, UPDATE_TIMESTAMP, UPDATE_USER ) 
VALUES ( SEQ_SPONSOR_TERM.nextval,6, 19, 'NSF 97-87, Faculty Early Career Development (CAREER) Program', sysdate, user ); 
INSERT INTO SPONSOR_TERM ( SPONSOR_TERM_ID,SPONSOR_TERM_TYPE_CODE,SPONSOR_TERM_CODE, DESCRIPTION, UPDATE_TIMESTAMP, UPDATE_USER ) 
VALUES ( SEQ_SPONSOR_TERM.nextval,6, 16, 'DOE set SBIR', sysdate, user ); 
INSERT INTO SPONSOR_TERM ( SPONSOR_TERM_ID,SPONSOR_TERM_TYPE_CODE,SPONSOR_TERM_CODE, DESCRIPTION, UPDATE_TIMESTAMP, UPDATE_USER ) 
VALUES ( SEQ_SPONSOR_TERM.nextval,6, 15, 'Education Department General Administrative Regulations', sysdate, user ); 
INSERT INTO SPONSOR_TERM ( SPONSOR_TERM_ID,SPONSOR_TERM_TYPE_CODE,SPONSOR_TERM_CODE, DESCRIPTION, UPDATE_TIMESTAMP, UPDATE_USER ) 
VALUES ( SEQ_SPONSOR_TERM.nextval,6, 17, 'STTR Collaboration Agreement', sysdate, user ); 
INSERT INTO SPONSOR_TERM ( SPONSOR_TERM_ID,SPONSOR_TERM_TYPE_CODE,SPONSOR_TERM_CODE, DESCRIPTION, UPDATE_TIMESTAMP, UPDATE_USER ) 
VALUES ( SEQ_SPONSOR_TERM.nextval,6, 9, 'ONR, "Grant General Terms and Conditions for Educational Institutions, Nonprofit Organizations, and State and Local Government" ', sysdate, user ); 
INSERT INTO SPONSOR_TERM ( SPONSOR_TERM_ID,SPONSOR_TERM_TYPE_CODE,SPONSOR_TERM_CODE, DESCRIPTION, UPDATE_TIMESTAMP, UPDATE_USER ) 
VALUES ( SEQ_SPONSOR_TERM.nextval,6, 18, 'ARPA,"Grant General Terms and Conditions for Educational Institutions, Nonprofit Organizations, and State and Local Government"', sysdate, user ); 
INSERT INTO SPONSOR_TERM ( SPONSOR_TERM_ID,SPONSOR_TERM_TYPE_CODE,SPONSOR_TERM_CODE, DESCRIPTION, UPDATE_TIMESTAMP, UPDATE_USER ) 
VALUES ( SEQ_SPONSOR_TERM.nextval,6, 1, 'None', sysdate, user ); 
INSERT INTO SPONSOR_TERM ( SPONSOR_TERM_ID,SPONSOR_TERM_TYPE_CODE,SPONSOR_TERM_CODE, DESCRIPTION, UPDATE_TIMESTAMP, UPDATE_USER ) 
VALUES ( SEQ_SPONSOR_TERM.nextval,6, 20, 'SNL Standard Terms and Conditions - SF6432-CR', sysdate, user ); 
INSERT INTO SPONSOR_TERM ( SPONSOR_TERM_ID,SPONSOR_TERM_TYPE_CODE,SPONSOR_TERM_CODE, DESCRIPTION, UPDATE_TIMESTAMP, UPDATE_USER ) 
VALUES ( SEQ_SPONSOR_TERM.nextval,6, 2, 'NSF GC-1, dated October, 1995', sysdate, user ); 
INSERT INTO SPONSOR_TERM ( SPONSOR_TERM_ID,SPONSOR_TERM_TYPE_CODE,SPONSOR_TERM_CODE, DESCRIPTION, UPDATE_TIMESTAMP, UPDATE_USER ) 
VALUES ( SEQ_SPONSOR_TERM.nextval,6, 21, 'DFAR 235.015-71, Short Form Research Contract', sysdate, user ); 
INSERT INTO SPONSOR_TERM ( SPONSOR_TERM_ID,SPONSOR_TERM_TYPE_CODE,SPONSOR_TERM_CODE, DESCRIPTION, UPDATE_TIMESTAMP, UPDATE_USER ) 
VALUES ( SEQ_SPONSOR_TERM.nextval,6, 22, 'FDP General Terms and Conditions dated 7/1/97', sysdate, user ); 
INSERT INTO SPONSOR_TERM ( SPONSOR_TERM_ID,SPONSOR_TERM_TYPE_CODE,SPONSOR_TERM_CODE, DESCRIPTION, UPDATE_TIMESTAMP, UPDATE_USER ) 
VALUES ( SEQ_SPONSOR_TERM.nextval,6, 23, '1996 ONR Guide to Programs', sysdate, user ); 
INSERT INTO SPONSOR_TERM ( SPONSOR_TERM_ID,SPONSOR_TERM_TYPE_CODE,SPONSOR_TERM_CODE, DESCRIPTION, UPDATE_TIMESTAMP, UPDATE_USER ) 
VALUES ( SEQ_SPONSOR_TERM.nextval,6, 24, 'FDP Terms and Conditions dated 3/97', sysdate, user ); 
INSERT INTO SPONSOR_TERM ( SPONSOR_TERM_ID,SPONSOR_TERM_TYPE_CODE,SPONSOR_TERM_CODE, DESCRIPTION, UPDATE_TIMESTAMP, UPDATE_USER ) 
VALUES ( SEQ_SPONSOR_TERM.nextval,6, 3, 'NASA NHB 5800.1B', sysdate, user ); 
INSERT INTO SPONSOR_TERM ( SPONSOR_TERM_ID,SPONSOR_TERM_TYPE_CODE,SPONSOR_TERM_CODE, DESCRIPTION, UPDATE_TIMESTAMP, UPDATE_USER ) 
VALUES ( SEQ_SPONSOR_TERM.nextval,6, 4, 'NASA NHB 5800.1C', sysdate, user ); 
INSERT INTO SPONSOR_TERM ( SPONSOR_TERM_ID,SPONSOR_TERM_TYPE_CODE,SPONSOR_TERM_CODE, DESCRIPTION, UPDATE_TIMESTAMP, UPDATE_USER ) 
VALUES ( SEQ_SPONSOR_TERM.nextval,6, 5, 'PHS Policy Statement', sysdate, user ); 
INSERT INTO SPONSOR_TERM ( SPONSOR_TERM_ID,SPONSOR_TERM_TYPE_CODE,SPONSOR_TERM_CODE, DESCRIPTION, UPDATE_TIMESTAMP, UPDATE_USER ) 
VALUES ( SEQ_SPONSOR_TERM.nextval,6, 6, 'JPL, "General Provisions-Cost-reimbursement with an Educational Institution for Basic or Applied Research Contract"', sysdate, user ); 
INSERT INTO SPONSOR_TERM ( SPONSOR_TERM_ID,SPONSOR_TERM_TYPE_CODE,SPONSOR_TERM_CODE, DESCRIPTION, UPDATE_TIMESTAMP, UPDATE_USER ) 
VALUES ( SEQ_SPONSOR_TERM.nextval,6, 7, 'JPL "Management of Government Property in the Possession of Contractors"', sysdate, user ); 
INSERT INTO SPONSOR_TERM ( SPONSOR_TERM_ID,SPONSOR_TERM_TYPE_CODE,SPONSOR_TERM_CODE, DESCRIPTION, UPDATE_TIMESTAMP, UPDATE_USER ) 
VALUES ( SEQ_SPONSOR_TERM.nextval,6, 8, 'DOT-FAA 9550.7, "Research Grants Program"', sysdate, user ); 
INSERT INTO SPONSOR_TERM ( SPONSOR_TERM_ID,SPONSOR_TERM_TYPE_CODE,SPONSOR_TERM_CODE, DESCRIPTION, UPDATE_TIMESTAMP, UPDATE_USER ) 
VALUES ( SEQ_SPONSOR_TERM.nextval,6, 10, 'DOE Program Regulations, 10 CFR 605', sysdate, user ); 
INSERT INTO SPONSOR_TERM ( SPONSOR_TERM_ID,SPONSOR_TERM_TYPE_CODE,SPONSOR_TERM_CODE, DESCRIPTION, UPDATE_TIMESTAMP, UPDATE_USER ) 
VALUES ( SEQ_SPONSOR_TERM.nextval,6, 11, 'ONR Guide to Programs dated 8/92', sysdate, user ); 
INSERT INTO SPONSOR_TERM ( SPONSOR_TERM_ID,SPONSOR_TERM_TYPE_CODE,SPONSOR_TERM_CODE, DESCRIPTION, UPDATE_TIMESTAMP, UPDATE_USER ) 
VALUES ( SEQ_SPONSOR_TERM.nextval,6, 12, 'AFOSR Grant Terms & Conditions dated January, 1995', sysdate, user ); 
INSERT INTO SPONSOR_TERM ( SPONSOR_TERM_ID,SPONSOR_TERM_TYPE_CODE,SPONSOR_TERM_CODE, DESCRIPTION, UPDATE_TIMESTAMP, UPDATE_USER ) 
VALUES ( SEQ_SPONSOR_TERM.nextval,6, 13, 'AFOSR Grants Brochure (Dated, 1985) with Amendments No. 1, 2, and 3', sysdate, user ); 
INSERT INTO SPONSOR_TERM ( SPONSOR_TERM_ID,SPONSOR_TERM_TYPE_CODE,SPONSOR_TERM_CODE, DESCRIPTION, UPDATE_TIMESTAMP, UPDATE_USER ) 
VALUES ( SEQ_SPONSOR_TERM.nextval,6, 14, '40 CFR Various Parts', sysdate, user ); 
INSERT INTO SPONSOR_TERM ( SPONSOR_TERM_ID,SPONSOR_TERM_TYPE_CODE,SPONSOR_TERM_CODE, DESCRIPTION, UPDATE_TIMESTAMP, UPDATE_USER ) 
VALUES ( SEQ_SPONSOR_TERM.nextval,6, 25, 'FDP AFOSR Agency Specific Terms dated 4/97', sysdate, user ); 
INSERT INTO SPONSOR_TERM ( SPONSOR_TERM_ID,SPONSOR_TERM_TYPE_CODE,SPONSOR_TERM_CODE, DESCRIPTION, UPDATE_TIMESTAMP, UPDATE_USER ) 
VALUES ( SEQ_SPONSOR_TERM.nextval,6, 26, 'FDP ONR Agency Specific terms dated 7/96', sysdate, user ); 
INSERT INTO SPONSOR_TERM ( SPONSOR_TERM_ID,SPONSOR_TERM_TYPE_CODE,SPONSOR_TERM_CODE, DESCRIPTION, UPDATE_TIMESTAMP, UPDATE_USER ) 
VALUES ( SEQ_SPONSOR_TERM.nextval,6, 27, 'FDP ARO Agency Specific Terms dated 9/96', sysdate, user ); 
INSERT INTO SPONSOR_TERM ( SPONSOR_TERM_ID,SPONSOR_TERM_TYPE_CODE,SPONSOR_TERM_CODE, DESCRIPTION, UPDATE_TIMESTAMP, UPDATE_USER ) 
VALUES ( SEQ_SPONSOR_TERM.nextval,6, 28, 'FDP DOE Agency Specific Terms dated 11/95', sysdate, user ); 
INSERT INTO SPONSOR_TERM ( SPONSOR_TERM_ID,SPONSOR_TERM_TYPE_CODE,SPONSOR_TERM_CODE, DESCRIPTION, UPDATE_TIMESTAMP, UPDATE_USER ) 
VALUES ( SEQ_SPONSOR_TERM.nextval,6, 29, 'DOE Program Regulations, 10 CFR 600', sysdate, user ); 
INSERT INTO SPONSOR_TERM ( SPONSOR_TERM_ID,SPONSOR_TERM_TYPE_CODE,SPONSOR_TERM_CODE, DESCRIPTION, UPDATE_TIMESTAMP, UPDATE_USER ) 
VALUES ( SEQ_SPONSOR_TERM.nextval,6, 30, 'FDP General Terms and Conditions dated 7/1/97', sysdate, user ); 
INSERT INTO SPONSOR_TERM ( SPONSOR_TERM_ID,SPONSOR_TERM_TYPE_CODE,SPONSOR_TERM_CODE, DESCRIPTION, UPDATE_TIMESTAMP, UPDATE_USER ) 
VALUES ( SEQ_SPONSOR_TERM.nextval,6, 31, 'F.L. 26, "Administration of NSF Conference or Group Travel Award Grant Special Conditions" dated 02/98.', sysdate, user ); 
INSERT INTO SPONSOR_TERM ( SPONSOR_TERM_ID,SPONSOR_TERM_TYPE_CODE,SPONSOR_TERM_CODE, DESCRIPTION, UPDATE_TIMESTAMP, UPDATE_USER ) 
VALUES ( SEQ_SPONSOR_TERM.nextval,6, 32, 'NSF Grants Policy Manual (NSF 95-26)', sysdate, user ); 
INSERT INTO SPONSOR_TERM ( SPONSOR_TERM_ID,SPONSOR_TERM_TYPE_CODE,SPONSOR_TERM_CODE, DESCRIPTION, UPDATE_TIMESTAMP, UPDATE_USER ) 
VALUES ( SEQ_SPONSOR_TERM.nextval,6, 33, 'NSF FDP Agency Specific Terms dated 7/96', sysdate, user ); 
INSERT INTO SPONSOR_TERM ( SPONSOR_TERM_ID,SPONSOR_TERM_TYPE_CODE,SPONSOR_TERM_CODE, DESCRIPTION, UPDATE_TIMESTAMP, UPDATE_USER ) 
VALUES ( SEQ_SPONSOR_TERM.nextval,6, 34, 'NSF Conference or Travel Award Special Conditions (FL-26)', sysdate, user ); 
INSERT INTO SPONSOR_TERM ( SPONSOR_TERM_ID,SPONSOR_TERM_TYPE_CODE,SPONSOR_TERM_CODE, DESCRIPTION, UPDATE_TIMESTAMP, UPDATE_USER ) 
VALUES ( SEQ_SPONSOR_TERM.nextval,6, 35, 'NIH FDP Agency Specific Terms dated 4/96', sysdate, user ); 
INSERT INTO SPONSOR_TERM ( SPONSOR_TERM_ID,SPONSOR_TERM_TYPE_CODE,SPONSOR_TERM_CODE, DESCRIPTION, UPDATE_TIMESTAMP, UPDATE_USER ) 
VALUES ( SEQ_SPONSOR_TERM.nextval,6, 36, 'NSF GC-1, dated 10/98', sysdate, user ); 
INSERT INTO SPONSOR_TERM ( SPONSOR_TERM_ID,SPONSOR_TERM_TYPE_CODE,SPONSOR_TERM_CODE, DESCRIPTION, UPDATE_TIMESTAMP, UPDATE_USER ) 
VALUES ( SEQ_SPONSOR_TERM.nextval,6, 37, 'NSF FDP Agency Specific Terms dated 10/98', sysdate, user ); 
INSERT INTO SPONSOR_TERM ( SPONSOR_TERM_ID,SPONSOR_TERM_TYPE_CODE,SPONSOR_TERM_CODE, DESCRIPTION, UPDATE_TIMESTAMP, UPDATE_USER ) 
VALUES ( SEQ_SPONSOR_TERM.nextval,6, 38, 'FDP ONR Agency Specific terms dated 10/98', sysdate, user ); 
INSERT INTO SPONSOR_TERM ( SPONSOR_TERM_ID,SPONSOR_TERM_TYPE_CODE,SPONSOR_TERM_CODE, DESCRIPTION, UPDATE_TIMESTAMP, UPDATE_USER ) 
VALUES ( SEQ_SPONSOR_TERM.nextval,6, 39, 'NEH General Grant Provisions for Organizations (4/99)', sysdate, user ); 
INSERT INTO SPONSOR_TERM ( SPONSOR_TERM_ID,SPONSOR_TERM_TYPE_CODE,SPONSOR_TERM_CODE, DESCRIPTION, UPDATE_TIMESTAMP, UPDATE_USER ) 
VALUES ( SEQ_SPONSOR_TERM.nextval,6, 40, 'NSF 99-29 "Knowledge & Distributed Intelligence in the Information Age (KDI)"', sysdate, user ); 
INSERT INTO SPONSOR_TERM ( SPONSOR_TERM_ID,SPONSOR_TERM_TYPE_CODE,SPONSOR_TERM_CODE, DESCRIPTION, UPDATE_TIMESTAMP, UPDATE_USER ) 
VALUES ( SEQ_SPONSOR_TERM.nextval,6, 41, 'FDP AFOSR Agency Specific Terms dated 10/99', sysdate, user ); 
INSERT INTO SPONSOR_TERM ( SPONSOR_TERM_ID,SPONSOR_TERM_TYPE_CODE,SPONSOR_TERM_CODE, DESCRIPTION, UPDATE_TIMESTAMP, UPDATE_USER ) 
VALUES ( SEQ_SPONSOR_TERM.nextval,6, 42, 'NASA NHB 5800.1D', sysdate, user ); 
INSERT INTO SPONSOR_TERM ( SPONSOR_TERM_ID,SPONSOR_TERM_TYPE_CODE,SPONSOR_TERM_CODE, DESCRIPTION, UPDATE_TIMESTAMP, UPDATE_USER ) 
VALUES ( SEQ_SPONSOR_TERM.nextval,6, 43, 'NASA NHB 5800.1E', sysdate, user ); 
INSERT INTO SPONSOR_TERM ( SPONSOR_TERM_ID,SPONSOR_TERM_TYPE_CODE,SPONSOR_TERM_CODE, DESCRIPTION, UPDATE_TIMESTAMP, UPDATE_USER ) 
VALUES ( SEQ_SPONSOR_TERM.nextval,6, 44, 'FDP ONR Agency Specific terms dated 10/99', sysdate, user ); 
INSERT INTO SPONSOR_TERM ( SPONSOR_TERM_ID,SPONSOR_TERM_TYPE_CODE,SPONSOR_TERM_CODE, DESCRIPTION, UPDATE_TIMESTAMP, UPDATE_USER ) 
VALUES ( SEQ_SPONSOR_TERM.nextval,6, 45, 'FDP AFOSR Agency Specific Terms dated 7/97', sysdate, user ); 
INSERT INTO SPONSOR_TERM ( SPONSOR_TERM_ID,SPONSOR_TERM_TYPE_CODE,SPONSOR_TERM_CODE, DESCRIPTION, UPDATE_TIMESTAMP, UPDATE_USER ) 
VALUES ( SEQ_SPONSOR_TERM.nextval,6, 46, 'FDP ONR Agency Specific terms dated 10/99', sysdate, user ); 
INSERT INTO SPONSOR_TERM ( SPONSOR_TERM_ID,SPONSOR_TERM_TYPE_CODE,SPONSOR_TERM_CODE, DESCRIPTION, UPDATE_TIMESTAMP, UPDATE_USER ) 
VALUES ( SEQ_SPONSOR_TERM.nextval,6, 47, 'FDP General Terms and Conditions dated 7/1/00', sysdate, user ); 
INSERT INTO SPONSOR_TERM ( SPONSOR_TERM_ID,SPONSOR_TERM_TYPE_CODE,SPONSOR_TERM_CODE, DESCRIPTION, UPDATE_TIMESTAMP, UPDATE_USER ) 
VALUES ( SEQ_SPONSOR_TERM.nextval,6, 48, 'FDP NSF Agency Specific Terms dated 7/1/00', sysdate, user ); 
INSERT INTO SPONSOR_TERM ( SPONSOR_TERM_ID,SPONSOR_TERM_TYPE_CODE,SPONSOR_TERM_CODE, DESCRIPTION, UPDATE_TIMESTAMP, UPDATE_USER ) 
VALUES ( SEQ_SPONSOR_TERM.nextval,6, 49, 'NSF 99-110, Faculty Early Career Development (CAREER) Program', sysdate, user ); 
INSERT INTO SPONSOR_TERM ( SPONSOR_TERM_ID,SPONSOR_TERM_TYPE_CODE,SPONSOR_TERM_CODE, DESCRIPTION, UPDATE_TIMESTAMP, UPDATE_USER ) 
VALUES ( SEQ_SPONSOR_TERM.nextval,6, 50, 'FDP ONR Agency Specific Terms dated 7/1/00', sysdate, user ); 
INSERT INTO SPONSOR_TERM ( SPONSOR_TERM_ID,SPONSOR_TERM_TYPE_CODE,SPONSOR_TERM_CODE, DESCRIPTION, UPDATE_TIMESTAMP, UPDATE_USER ) 
VALUES ( SEQ_SPONSOR_TERM.nextval,6, 51, 'FDP Terms and Conditions dated 5/16/00', sysdate, user ); 
INSERT INTO SPONSOR_TERM ( SPONSOR_TERM_ID,SPONSOR_TERM_TYPE_CODE,SPONSOR_TERM_CODE, DESCRIPTION, UPDATE_TIMESTAMP, UPDATE_USER ) 
VALUES ( SEQ_SPONSOR_TERM.nextval,6, 52, 'FDP NASA Agency Specific Terms Dated 7/1/00', sysdate, user ); 
INSERT INTO SPONSOR_TERM ( SPONSOR_TERM_ID,SPONSOR_TERM_TYPE_CODE,SPONSOR_TERM_CODE, DESCRIPTION, UPDATE_TIMESTAMP, UPDATE_USER ) 
VALUES ( SEQ_SPONSOR_TERM.nextval,6, 53, 'FDP AFOSR  Agency Specific Terms dated 7/1/00', sysdate, user ); 
INSERT INTO SPONSOR_TERM ( SPONSOR_TERM_ID,SPONSOR_TERM_TYPE_CODE,SPONSOR_TERM_CODE, DESCRIPTION, UPDATE_TIMESTAMP, UPDATE_USER ) 
VALUES ( SEQ_SPONSOR_TERM.nextval,6, 54, 'FDP DOE Agency Specific Terms dated 7/1/00', sysdate, user ); 
INSERT INTO SPONSOR_TERM ( SPONSOR_TERM_ID,SPONSOR_TERM_TYPE_CODE,SPONSOR_TERM_CODE, DESCRIPTION, UPDATE_TIMESTAMP, UPDATE_USER ) 
VALUES ( SEQ_SPONSOR_TERM.nextval,6, 55, 'AFOSR Grant Terms and Conditions Dated 3/00', sysdate, user ); 
INSERT INTO SPONSOR_TERM ( SPONSOR_TERM_ID,SPONSOR_TERM_TYPE_CODE,SPONSOR_TERM_CODE, DESCRIPTION, UPDATE_TIMESTAMP, UPDATE_USER ) 
VALUES ( SEQ_SPONSOR_TERM.nextval,6, 56, 'FDP ARO Agency Specific Terms dated 7/00', sysdate, user ); 
INSERT INTO SPONSOR_TERM ( SPONSOR_TERM_ID,SPONSOR_TERM_TYPE_CODE,SPONSOR_TERM_CODE, DESCRIPTION, UPDATE_TIMESTAMP, UPDATE_USER ) 
VALUES ( SEQ_SPONSOR_TERM.nextval,6, 58, 'FDP III Terms dated 7/1/00', sysdate, user ); 
INSERT INTO SPONSOR_TERM ( SPONSOR_TERM_ID,SPONSOR_TERM_TYPE_CODE,SPONSOR_TERM_CODE, DESCRIPTION, UPDATE_TIMESTAMP, UPDATE_USER ) 
VALUES ( SEQ_SPONSOR_TERM.nextval,6, 57, 'NSF GC-1, April, 2001', sysdate, user ); 
INSERT INTO SPONSOR_TERM ( SPONSOR_TERM_ID,SPONSOR_TERM_TYPE_CODE,SPONSOR_TERM_CODE, DESCRIPTION, UPDATE_TIMESTAMP, UPDATE_USER ) 
VALUES ( SEQ_SPONSOR_TERM.nextval,6, 60, 'FDP DOE Agency Specific Terms dated 10/02', sysdate, user ); 
INSERT INTO SPONSOR_TERM ( SPONSOR_TERM_ID,SPONSOR_TERM_TYPE_CODE,SPONSOR_TERM_CODE, DESCRIPTION, UPDATE_TIMESTAMP, UPDATE_USER ) 
VALUES ( SEQ_SPONSOR_TERM.nextval,6, 59, 'FDP IV General Terms and Conditions dated 10/1/02 ', sysdate, user ); 
INSERT INTO SPONSOR_TERM ( SPONSOR_TERM_ID,SPONSOR_TERM_TYPE_CODE,SPONSOR_TERM_CODE, DESCRIPTION, UPDATE_TIMESTAMP, UPDATE_USER ) 
VALUES ( SEQ_SPONSOR_TERM.nextval,6, 61, 'NSF FDP Agency Specific Terms dated 10/02', sysdate, user ); 
INSERT INTO SPONSOR_TERM ( SPONSOR_TERM_ID,SPONSOR_TERM_TYPE_CODE,SPONSOR_TERM_CODE, DESCRIPTION, UPDATE_TIMESTAMP, UPDATE_USER ) 
VALUES ( SEQ_SPONSOR_TERM.nextval,6, 62, 'FDP NASA Agency Specific Terms dated 10/1/02', sysdate, user ); 
INSERT INTO SPONSOR_TERM ( SPONSOR_TERM_ID,SPONSOR_TERM_TYPE_CODE,SPONSOR_TERM_CODE, DESCRIPTION, UPDATE_TIMESTAMP, UPDATE_USER ) 
VALUES ( SEQ_SPONSOR_TERM.nextval,6, 63, 'FDP AFOSR Agency Specific Terms dated 10/02', sysdate, user ); 
INSERT INTO SPONSOR_TERM ( SPONSOR_TERM_ID,SPONSOR_TERM_TYPE_CODE,SPONSOR_TERM_CODE, DESCRIPTION, UPDATE_TIMESTAMP, UPDATE_USER ) 
VALUES ( SEQ_SPONSOR_TERM.nextval,6, 64, 'NASA NHB 5800.1D', sysdate, user ); 
INSERT INTO SPONSOR_TERM ( SPONSOR_TERM_ID,SPONSOR_TERM_TYPE_CODE,SPONSOR_TERM_CODE, DESCRIPTION, UPDATE_TIMESTAMP, UPDATE_USER ) 
VALUES ( SEQ_SPONSOR_TERM.nextval,6, 65, 'FDP ARO Agency Specific Terms dated 10/02.', sysdate, user ); 
INSERT INTO SPONSOR_TERM ( SPONSOR_TERM_ID,SPONSOR_TERM_TYPE_CODE,SPONSOR_TERM_CODE, DESCRIPTION, UPDATE_TIMESTAMP, UPDATE_USER ) 
VALUES ( SEQ_SPONSOR_TERM.nextval,6, 66, 'FDP ARO Agency Specific Terms dated 7/04', sysdate, user ); 
INSERT INTO SPONSOR_TERM ( SPONSOR_TERM_ID,SPONSOR_TERM_TYPE_CODE,SPONSOR_TERM_CODE, DESCRIPTION, UPDATE_TIMESTAMP, UPDATE_USER ) 
VALUES ( SEQ_SPONSOR_TERM.nextval,6, 67, 'NSF GC-1, July 2002', sysdate, user ); 
INSERT INTO SPONSOR_TERM ( SPONSOR_TERM_ID,SPONSOR_TERM_TYPE_CODE,SPONSOR_TERM_CODE, DESCRIPTION, UPDATE_TIMESTAMP, UPDATE_USER ) 
VALUES ( SEQ_SPONSOR_TERM.nextval,6, 68, 'FDP IV General terms dated 7/04', sysdate, user ); 

commit;

INSERT INTO SPONSOR_TERM ( SPONSOR_TERM_ID,SPONSOR_TERM_TYPE_CODE,SPONSOR_TERM_CODE, DESCRIPTION, UPDATE_TIMESTAMP, UPDATE_USER ) 
VALUES ( SEQ_SPONSOR_TERM.nextval,7, 1, 'No clause', sysdate, user ); 
INSERT INTO SPONSOR_TERM ( SPONSOR_TERM_ID,SPONSOR_TERM_TYPE_CODE,SPONSOR_TERM_CODE, DESCRIPTION, UPDATE_TIMESTAMP, UPDATE_USER ) 
VALUES ( SEQ_SPONSOR_TERM.nextval,7, 9, 'For other than computer software:  Title to MIT; license to sponsor', sysdate, user ); 
INSERT INTO SPONSOR_TERM ( SPONSOR_TERM_ID,SPONSOR_TERM_TYPE_CODE,SPONSOR_TERM_CODE, DESCRIPTION, UPDATE_TIMESTAMP, UPDATE_USER ) 
VALUES ( SEQ_SPONSOR_TERM.nextval,7, 2, 'Unusual requirement', sysdate, user ); 
INSERT INTO SPONSOR_TERM ( SPONSOR_TERM_ID,SPONSOR_TERM_TYPE_CODE,SPONSOR_TERM_CODE, DESCRIPTION, UPDATE_TIMESTAMP, UPDATE_USER ) 
VALUES ( SEQ_SPONSOR_TERM.nextval,7, 15, 'Title to MIT; Copies of data to be delivered to Sponsor upon reasonable request.', sysdate, user ); 
INSERT INTO SPONSOR_TERM ( SPONSOR_TERM_ID,SPONSOR_TERM_TYPE_CODE,SPONSOR_TERM_CODE, DESCRIPTION, UPDATE_TIMESTAMP, UPDATE_USER ) 
VALUES ( SEQ_SPONSOR_TERM.nextval,7, 16, 'For other than computer software:  Title to MIT; Sponsor receives unlimited use.', sysdate, user ); 
INSERT INTO SPONSOR_TERM ( SPONSOR_TERM_ID,SPONSOR_TERM_TYPE_CODE,SPONSOR_TERM_CODE, DESCRIPTION, UPDATE_TIMESTAMP, UPDATE_USER ) 
VALUES ( SEQ_SPONSOR_TERM.nextval,7, 3, 'FAR 52.227-14, Rights in Data General:  For scientific articles, Title to MIT; Nonexclusive paid-up license to the Government.  Sponsor approval required to copyright other data.', sysdate, user ); 
INSERT INTO SPONSOR_TERM ( SPONSOR_TERM_ID,SPONSOR_TERM_TYPE_CODE,SPONSOR_TERM_CODE, DESCRIPTION, UPDATE_TIMESTAMP, UPDATE_USER ) 
VALUES ( SEQ_SPONSOR_TERM.nextval,7, 17, 'For computer software (software specified to be developed in the SOW): Title to MIT; software shall be dedicated to the public.', sysdate, user ); 
INSERT INTO SPONSOR_TERM ( SPONSOR_TERM_ID,SPONSOR_TERM_TYPE_CODE,SPONSOR_TERM_CODE, DESCRIPTION, UPDATE_TIMESTAMP, UPDATE_USER ) 
VALUES ( SEQ_SPONSOR_TERM.nextval,7, 4, 'FAR 52-227-14, Alt IV, Rights in Data General:  For all data produced, Title to MIT; Nonexclusive, paid-up license to the Government', sysdate, user ); 
INSERT INTO SPONSOR_TERM ( SPONSOR_TERM_ID,SPONSOR_TERM_TYPE_CODE,SPONSOR_TERM_CODE, DESCRIPTION, UPDATE_TIMESTAMP, UPDATE_USER ) 
VALUES ( SEQ_SPONSOR_TERM.nextval,7, 5, 'Standard MIT Single Sponsor Agreement dated 1/31/00', sysdate, user ); 
INSERT INTO SPONSOR_TERM ( SPONSOR_TERM_ID,SPONSOR_TERM_TYPE_CODE,SPONSOR_TERM_CODE, DESCRIPTION, UPDATE_TIMESTAMP, UPDATE_USER ) 
VALUES ( SEQ_SPONSOR_TERM.nextval,7, 6, 'Standard MIT Consortium Agreement clause dated 2/1/93', sysdate, user ); 
INSERT INTO SPONSOR_TERM ( SPONSOR_TERM_ID,SPONSOR_TERM_TYPE_CODE,SPONSOR_TERM_CODE, DESCRIPTION, UPDATE_TIMESTAMP, UPDATE_USER ) 
VALUES ( SEQ_SPONSOR_TERM.nextval,7, 7, 'Title to MIT; Nonexclusive, royalty-free license to the Government', sysdate, user ); 
INSERT INTO SPONSOR_TERM ( SPONSOR_TERM_ID,SPONSOR_TERM_TYPE_CODE,SPONSOR_TERM_CODE, DESCRIPTION, UPDATE_TIMESTAMP, UPDATE_USER ) 
VALUES ( SEQ_SPONSOR_TERM.nextval,7, 8, 'Title to MIT; Nonexclusive, royalty-free license to sponsor', sysdate, user ); 
INSERT INTO SPONSOR_TERM ( SPONSOR_TERM_ID,SPONSOR_TERM_TYPE_CODE,SPONSOR_TERM_CODE, DESCRIPTION, UPDATE_TIMESTAMP, UPDATE_USER ) 
VALUES ( SEQ_SPONSOR_TERM.nextval,7, 10, 'For computer software:  Title to MIT; Non-exclusive internal license to sponsor to software specified to be developed in the SOW', sysdate, user ); 
INSERT INTO SPONSOR_TERM ( SPONSOR_TERM_ID,SPONSOR_TERM_TYPE_CODE,SPONSOR_TERM_CODE, DESCRIPTION, UPDATE_TIMESTAMP, UPDATE_USER ) 
VALUES ( SEQ_SPONSOR_TERM.nextval,7, 11, 'Government approval required to copyright software', sysdate, user ); 
INSERT INTO SPONSOR_TERM ( SPONSOR_TERM_ID,SPONSOR_TERM_TYPE_CODE,SPONSOR_TERM_CODE, DESCRIPTION, UPDATE_TIMESTAMP, UPDATE_USER ) 
VALUES ( SEQ_SPONSOR_TERM.nextval,7, 12, 'For other than computer software:  Title to MIT; Non-exclusive license to the Government', sysdate, user ); 
INSERT INTO SPONSOR_TERM ( SPONSOR_TERM_ID,SPONSOR_TERM_TYPE_CODE,SPONSOR_TERM_CODE, DESCRIPTION, UPDATE_TIMESTAMP, UPDATE_USER ) 
VALUES ( SEQ_SPONSOR_TERM.nextval,7, 13, 'Title to MIT; Nonexclusive license to the Government and sponsor', sysdate, user ); 
INSERT INTO SPONSOR_TERM ( SPONSOR_TERM_ID,SPONSOR_TERM_TYPE_CODE,SPONSOR_TERM_CODE, DESCRIPTION, UPDATE_TIMESTAMP, UPDATE_USER ) 
VALUES ( SEQ_SPONSOR_TERM.nextval,7, 14, 'DFAR 252.227-7013, Rights in Technical Data and Computer Software', sysdate, user ); 
INSERT INTO SPONSOR_TERM ( SPONSOR_TERM_ID,SPONSOR_TERM_TYPE_CODE,SPONSOR_TERM_CODE, DESCRIPTION, UPDATE_TIMESTAMP, UPDATE_USER ) 
VALUES ( SEQ_SPONSOR_TERM.nextval,7, 18, 'DFAR 252.227-7013, Alt I, Rights in Technical Data and Computer Software', sysdate, user ); 
INSERT INTO SPONSOR_TERM ( SPONSOR_TERM_ID,SPONSOR_TERM_TYPE_CODE,SPONSOR_TERM_CODE, DESCRIPTION, UPDATE_TIMESTAMP, UPDATE_USER ) 
VALUES ( SEQ_SPONSOR_TERM.nextval,7, 19, 'DFAR 252.227-7013, Rights in Technical Data-Noncommercial items (June, 1995)', sysdate, user ); 
INSERT INTO SPONSOR_TERM ( SPONSOR_TERM_ID,SPONSOR_TERM_TYPE_CODE,SPONSOR_TERM_CODE, DESCRIPTION, UPDATE_TIMESTAMP, UPDATE_USER ) 
VALUES ( SEQ_SPONSOR_TERM.nextval,7, 20, 'DFAR 252.227-7014, Rights in noncommercial computer software and noncommercial computer software documentation (June, 1995)', sysdate, user ); 
INSERT INTO SPONSOR_TERM ( SPONSOR_TERM_ID,SPONSOR_TERM_TYPE_CODE,SPONSOR_TERM_CODE, DESCRIPTION, UPDATE_TIMESTAMP, UPDATE_USER ) 
VALUES ( SEQ_SPONSOR_TERM.nextval,7, 21, 'Title to MIT; Rights to the Government', sysdate, user ); 
INSERT INTO SPONSOR_TERM ( SPONSOR_TERM_ID,SPONSOR_TERM_TYPE_CODE,SPONSOR_TERM_CODE, DESCRIPTION, UPDATE_TIMESTAMP, UPDATE_USER ) 
VALUES ( SEQ_SPONSOR_TERM.nextval,7, 22, 'For Computer Software:  Title to MIT; Non-exclusive license to Sponsor to software specified to be developed and delivered under the SOW', sysdate, user ); 
INSERT INTO SPONSOR_TERM ( SPONSOR_TERM_ID,SPONSOR_TERM_TYPE_CODE,SPONSOR_TERM_CODE, DESCRIPTION, UPDATE_TIMESTAMP, UPDATE_USER ) 
VALUES ( SEQ_SPONSOR_TERM.nextval,7, 23, 'For computer software:  Title to MIT; Non-exclusive internal license to member for software specified to be developed in the SOW', sysdate, user ); 
INSERT INTO SPONSOR_TERM ( SPONSOR_TERM_ID,SPONSOR_TERM_TYPE_CODE,SPONSOR_TERM_CODE, DESCRIPTION, UPDATE_TIMESTAMP, UPDATE_USER ) 
VALUES ( SEQ_SPONSOR_TERM.nextval,7, 24, 'For other than computer software:  Title to MIT; license to member', sysdate, user ); 
INSERT INTO SPONSOR_TERM ( SPONSOR_TERM_ID,SPONSOR_TERM_TYPE_CODE,SPONSOR_TERM_CODE, DESCRIPTION, UPDATE_TIMESTAMP, UPDATE_USER ) 
VALUES ( SEQ_SPONSOR_TERM.nextval,7, 25, 'Joint title to jointly created data', sysdate, user ); 
INSERT INTO SPONSOR_TERM ( SPONSOR_TERM_ID,SPONSOR_TERM_TYPE_CODE,SPONSOR_TERM_CODE, DESCRIPTION, UPDATE_TIMESTAMP, UPDATE_USER ) 
VALUES ( SEQ_SPONSOR_TERM.nextval,7, 26, 'Joint works are jointly owned and copyrighted', sysdate, user ); 
INSERT INTO SPONSOR_TERM ( SPONSOR_TERM_ID,SPONSOR_TERM_TYPE_CODE,SPONSOR_TERM_CODE, DESCRIPTION, UPDATE_TIMESTAMP, UPDATE_USER ) 
VALUES ( SEQ_SPONSOR_TERM.nextval,7, 27, 'For computer software:  Title to MIT; Non-exclusive license to sponsor to software specified to be developed in the SOW', sysdate, user ); 
INSERT INTO SPONSOR_TERM ( SPONSOR_TERM_ID,SPONSOR_TERM_TYPE_CODE,SPONSOR_TERM_CODE, DESCRIPTION, UPDATE_TIMESTAMP, UPDATE_USER ) 
VALUES ( SEQ_SPONSOR_TERM.nextval,7, 28, 'DFAR 252.227-7018 Rights in Data and Software (SBIR)', sysdate, user ); 
INSERT INTO SPONSOR_TERM ( SPONSOR_TERM_ID,SPONSOR_TERM_TYPE_CODE,SPONSOR_TERM_CODE, DESCRIPTION, UPDATE_TIMESTAMP, UPDATE_USER ) 
VALUES ( SEQ_SPONSOR_TERM.nextval,7, 29, 'Joint title, non-exclusive royalty-free license to members', sysdate, user ); 
INSERT INTO SPONSOR_TERM ( SPONSOR_TERM_ID,SPONSOR_TERM_TYPE_CODE,SPONSOR_TERM_CODE, DESCRIPTION, UPDATE_TIMESTAMP, UPDATE_USER ) 
VALUES ( SEQ_SPONSOR_TERM.nextval,7, 30, 'FAR 52.227-20, Rights in data---SBIR program ', sysdate, user ); 
INSERT INTO SPONSOR_TERM ( SPONSOR_TERM_ID,SPONSOR_TERM_TYPE_CODE,SPONSOR_TERM_CODE, DESCRIPTION, UPDATE_TIMESTAMP, UPDATE_USER ) 
VALUES ( SEQ_SPONSOR_TERM.nextval,7, 31, 'Title to MIT', sysdate, user ); 
INSERT INTO SPONSOR_TERM ( SPONSOR_TERM_ID,SPONSOR_TERM_TYPE_CODE,SPONSOR_TERM_CODE, DESCRIPTION, UPDATE_TIMESTAMP, UPDATE_USER ) 
VALUES ( SEQ_SPONSOR_TERM.nextval,7, 32, 'For computer software:  Title to MIT; royalty-free, non-exclusive license to sponsor for internal R&D.', sysdate, user ); 
INSERT INTO SPONSOR_TERM ( SPONSOR_TERM_ID,SPONSOR_TERM_TYPE_CODE,SPONSOR_TERM_CODE, DESCRIPTION, UPDATE_TIMESTAMP, UPDATE_USER ) 
VALUES ( SEQ_SPONSOR_TERM.nextval,7, 33, 'For Computer Software: Title to MIT; non-exclusive, royalty-bearing license to Sponsor to MIT-owned software for commercial purposes, at MITs discretion.', sysdate, user ); 
INSERT INTO SPONSOR_TERM ( SPONSOR_TERM_ID,SPONSOR_TERM_TYPE_CODE,SPONSOR_TERM_CODE, DESCRIPTION, UPDATE_TIMESTAMP, UPDATE_USER ) 
VALUES ( SEQ_SPONSOR_TERM.nextval,7, 34, 'FAR 52.227-14 Rights in Data per DEAR 927.409 (Limited Rights in Data)', sysdate, user ); 
INSERT INTO SPONSOR_TERM ( SPONSOR_TERM_ID,SPONSOR_TERM_TYPE_CODE,SPONSOR_TERM_CODE, DESCRIPTION, UPDATE_TIMESTAMP, UPDATE_USER ) 
VALUES ( SEQ_SPONSOR_TERM.nextval,7, 35, 'For scientific articles, title to MIT; non-exclusive paid up license to Government.', sysdate, user ); 
INSERT INTO SPONSOR_TERM ( SPONSOR_TERM_ID,SPONSOR_TERM_TYPE_CODE,SPONSOR_TERM_CODE, DESCRIPTION, UPDATE_TIMESTAMP, UPDATE_USER ) 
VALUES ( SEQ_SPONSOR_TERM.nextval,7, 36, 'For computer software, sponsor prior written permission required to copyright.', sysdate, user ); 
INSERT INTO SPONSOR_TERM ( SPONSOR_TERM_ID,SPONSOR_TERM_TYPE_CODE,SPONSOR_TERM_CODE, DESCRIPTION, UPDATE_TIMESTAMP, UPDATE_USER ) 
VALUES ( SEQ_SPONSOR_TERM.nextval,7, 37, 'Standard MIT Single Sponsor Agreement dated 7/1/04', sysdate, user ); 

commit;

INSERT INTO SPONSOR_TERM ( SPONSOR_TERM_ID,SPONSOR_TERM_TYPE_CODE,SPONSOR_TERM_CODE, DESCRIPTION, UPDATE_TIMESTAMP, UPDATE_USER ) 
VALUES ( SEQ_SPONSOR_TERM.nextval,8, 2, 'Unusual requirement', sysdate, user ); 
INSERT INTO SPONSOR_TERM ( SPONSOR_TERM_ID,SPONSOR_TERM_TYPE_CODE,SPONSOR_TERM_CODE, DESCRIPTION, UPDATE_TIMESTAMP, UPDATE_USER ) 
VALUES ( SEQ_SPONSOR_TERM.nextval,8, 16, 'Substantive subcontracting of SOW requires prior approval', sysdate, user ); 
INSERT INTO SPONSOR_TERM ( SPONSOR_TERM_ID,SPONSOR_TERM_TYPE_CODE,SPONSOR_TERM_CODE, DESCRIPTION, UPDATE_TIMESTAMP, UPDATE_USER ) 
VALUES ( SEQ_SPONSOR_TERM.nextval,8, 17, 'Approval of subcontracts in excess of $2,500 not included in approved budget', sysdate, user ); 
INSERT INTO SPONSOR_TERM ( SPONSOR_TERM_ID,SPONSOR_TERM_TYPE_CODE,SPONSOR_TERM_CODE, DESCRIPTION, UPDATE_TIMESTAMP, UPDATE_USER ) 
VALUES ( SEQ_SPONSOR_TERM.nextval,8, 18, 'Approval authority delegated to ACO', sysdate, user ); 
INSERT INTO SPONSOR_TERM ( SPONSOR_TERM_ID,SPONSOR_TERM_TYPE_CODE,SPONSOR_TERM_CODE, DESCRIPTION, UPDATE_TIMESTAMP, UPDATE_USER ) 
VALUES ( SEQ_SPONSOR_TERM.nextval,8, 3, 'No subcontracting restrictions', sysdate, user ); 
INSERT INTO SPONSOR_TERM ( SPONSOR_TERM_ID,SPONSOR_TERM_TYPE_CODE,SPONSOR_TERM_CODE, DESCRIPTION, UPDATE_TIMESTAMP, UPDATE_USER ) 
VALUES ( SEQ_SPONSOR_TERM.nextval,8, 4, 'Approval of all subcontracting of SOW required', sysdate, user ); 
INSERT INTO SPONSOR_TERM ( SPONSOR_TERM_ID,SPONSOR_TERM_TYPE_CODE,SPONSOR_TERM_CODE, DESCRIPTION, UPDATE_TIMESTAMP, UPDATE_USER ) 
VALUES ( SEQ_SPONSOR_TERM.nextval,8, 19, 'Prior consent required for all unbudgeted subcontracts over $5,000', sysdate, user ); 
INSERT INTO SPONSOR_TERM ( SPONSOR_TERM_ID,SPONSOR_TERM_TYPE_CODE,SPONSOR_TERM_CODE, DESCRIPTION, UPDATE_TIMESTAMP, UPDATE_USER ) 
VALUES ( SEQ_SPONSOR_TERM.nextval,8, 20, 'Prior consent required for all unbudgeted sole source subcontracts over $25,000', sysdate, user ); 
INSERT INTO SPONSOR_TERM ( SPONSOR_TERM_ID,SPONSOR_TERM_TYPE_CODE,SPONSOR_TERM_CODE, DESCRIPTION, UPDATE_TIMESTAMP, UPDATE_USER ) 
VALUES ( SEQ_SPONSOR_TERM.nextval,8, 21, 'Inclusion of a subcontract in the approved budget constitute prior approval if the subcontractors name and subcontract amount are identified in the budget.', sysdate, user ); 
INSERT INTO SPONSOR_TERM ( SPONSOR_TERM_ID,SPONSOR_TERM_TYPE_CODE,SPONSOR_TERM_CODE, DESCRIPTION, UPDATE_TIMESTAMP, UPDATE_USER ) 
VALUES ( SEQ_SPONSOR_TERM.nextval,8, 1, 'No clause', sysdate, user ); 
INSERT INTO SPONSOR_TERM ( SPONSOR_TERM_ID,SPONSOR_TERM_TYPE_CODE,SPONSOR_TERM_CODE, DESCRIPTION, UPDATE_TIMESTAMP, UPDATE_USER ) 
VALUES ( SEQ_SPONSOR_TERM.nextval,8, 5, 'FAR 52.244-2, Subcontracts (Cost-reimbursement,...)', sysdate, user ); 
INSERT INTO SPONSOR_TERM ( SPONSOR_TERM_ID,SPONSOR_TERM_TYPE_CODE,SPONSOR_TERM_CODE, DESCRIPTION, UPDATE_TIMESTAMP, UPDATE_USER ) 
VALUES ( SEQ_SPONSOR_TERM.nextval,8, 6, 'FAR 52.244, Alt 1, Subcontracts (Cost-reimbursement,....)', sysdate, user ); 
INSERT INTO SPONSOR_TERM ( SPONSOR_TERM_ID,SPONSOR_TERM_TYPE_CODE,SPONSOR_TERM_CODE, DESCRIPTION, UPDATE_TIMESTAMP, UPDATE_USER ) 
VALUES ( SEQ_SPONSOR_TERM.nextval,8, 7, 'NASA 667 required for all purchases over $25,000', sysdate, user ); 
INSERT INTO SPONSOR_TERM ( SPONSOR_TERM_ID,SPONSOR_TERM_TYPE_CODE,SPONSOR_TERM_CODE, DESCRIPTION, UPDATE_TIMESTAMP, UPDATE_USER ) 
VALUES ( SEQ_SPONSOR_TERM.nextval,8, 8, 'Authorized use of GSE supply sources', sysdate, user ); 
INSERT INTO SPONSOR_TERM ( SPONSOR_TERM_ID,SPONSOR_TERM_TYPE_CODE,SPONSOR_TERM_CODE, DESCRIPTION, UPDATE_TIMESTAMP, UPDATE_USER ) 
VALUES ( SEQ_SPONSOR_TERM.nextval,8, 9, 'Prior consent required for all unbudgeted subcontracts over $25,000', sysdate, user ); 
INSERT INTO SPONSOR_TERM ( SPONSOR_TERM_ID,SPONSOR_TERM_TYPE_CODE,SPONSOR_TERM_CODE, DESCRIPTION, UPDATE_TIMESTAMP, UPDATE_USER ) 
VALUES ( SEQ_SPONSOR_TERM.nextval,8, 10, 'Subcontract approval delegated to ONRRR', sysdate, user ); 
INSERT INTO SPONSOR_TERM ( SPONSOR_TERM_ID,SPONSOR_TERM_TYPE_CODE,SPONSOR_TERM_CODE, DESCRIPTION, UPDATE_TIMESTAMP, UPDATE_USER ) 
VALUES ( SEQ_SPONSOR_TERM.nextval,8, 11, 'Advanced notification required prior to issuance of subcontracts of SOW', sysdate, user ); 
INSERT INTO SPONSOR_TERM ( SPONSOR_TERM_ID,SPONSOR_TERM_TYPE_CODE,SPONSOR_TERM_CODE, DESCRIPTION, UPDATE_TIMESTAMP, UPDATE_USER ) 
VALUES ( SEQ_SPONSOR_TERM.nextval,8, 12, 'NASA 667 required for all purchases over $10,000', sysdate, user ); 
INSERT INTO SPONSOR_TERM ( SPONSOR_TERM_ID,SPONSOR_TERM_TYPE_CODE,SPONSOR_TERM_CODE, DESCRIPTION, UPDATE_TIMESTAMP, UPDATE_USER ) 
VALUES ( SEQ_SPONSOR_TERM.nextval,8, 13, 'Approval of all cost reimbursement, time and material and labor hours subcontracts over $10,000 required', sysdate, user ); 
INSERT INTO SPONSOR_TERM ( SPONSOR_TERM_ID,SPONSOR_TERM_TYPE_CODE,SPONSOR_TERM_CODE, DESCRIPTION, UPDATE_TIMESTAMP, UPDATE_USER ) 
VALUES ( SEQ_SPONSOR_TERM.nextval,8, 14, 'Subcontracts may include cost-sharing requirements', sysdate, user ); 
INSERT INTO SPONSOR_TERM ( SPONSOR_TERM_ID,SPONSOR_TERM_TYPE_CODE,SPONSOR_TERM_CODE, DESCRIPTION, UPDATE_TIMESTAMP, UPDATE_USER ) 
VALUES ( SEQ_SPONSOR_TERM.nextval,8, 15, 'Approval of subcontracts over $100,000 requires special documentation', sysdate, user ); 
INSERT INTO SPONSOR_TERM ( SPONSOR_TERM_ID,SPONSOR_TERM_TYPE_CODE,SPONSOR_TERM_CODE, DESCRIPTION, UPDATE_TIMESTAMP, UPDATE_USER ) 
VALUES ( SEQ_SPONSOR_TERM.nextval,8, 22, 'Advance notification of all cost reimbursement, time and material and labor hours subcontracts over $10,000 required.', sysdate, user ); 
INSERT INTO SPONSOR_TERM ( SPONSOR_TERM_ID,SPONSOR_TERM_TYPE_CODE,SPONSOR_TERM_CODE, DESCRIPTION, UPDATE_TIMESTAMP, UPDATE_USER ) 
VALUES ( SEQ_SPONSOR_TERM.nextval,8, 23, 'Approval of all unbudgeted subcontracts of SOW is required', sysdate, user ); 
INSERT INTO SPONSOR_TERM ( SPONSOR_TERM_ID,SPONSOR_TERM_TYPE_CODE,SPONSOR_TERM_CODE, DESCRIPTION, UPDATE_TIMESTAMP, UPDATE_USER ) 
VALUES ( SEQ_SPONSOR_TERM.nextval,8, 24, 'Prior consent required for unbudgeted sole source subcontracts in excess of $100,000.', sysdate, user ); 


commit;

INSERT INTO SPONSOR_TERM ( SPONSOR_TERM_ID,SPONSOR_TERM_TYPE_CODE,SPONSOR_TERM_CODE, DESCRIPTION, UPDATE_TIMESTAMP, UPDATE_USER ) 
VALUES ( SEQ_SPONSOR_TERM.nextval,9, 5, 'Requests for approval should be submitted 30 days prior to the beginning of each foreign trip.', sysdate, user ); 
INSERT INTO SPONSOR_TERM ( SPONSOR_TERM_ID,SPONSOR_TERM_TYPE_CODE,SPONSOR_TERM_CODE, DESCRIPTION, UPDATE_TIMESTAMP, UPDATE_USER ) 
VALUES ( SEQ_SPONSOR_TERM.nextval,9, 14, 'Domestic and Foreign travel budgets may not be exceeded by more than 25% without approval', sysdate, user ); 
INSERT INTO SPONSOR_TERM ( SPONSOR_TERM_ID,SPONSOR_TERM_TYPE_CODE,SPONSOR_TERM_CODE, DESCRIPTION, UPDATE_TIMESTAMP, UPDATE_USER ) 
VALUES ( SEQ_SPONSOR_TERM.nextval,9, 1, 'No clause', sysdate, user ); 
INSERT INTO SPONSOR_TERM ( SPONSOR_TERM_ID,SPONSOR_TERM_TYPE_CODE,SPONSOR_TERM_CODE, DESCRIPTION, UPDATE_TIMESTAMP, UPDATE_USER ) 
VALUES ( SEQ_SPONSOR_TERM.nextval,9, 2, 'Unusual requirement', sysdate, user ); 
INSERT INTO SPONSOR_TERM ( SPONSOR_TERM_ID,SPONSOR_TERM_TYPE_CODE,SPONSOR_TERM_CODE, DESCRIPTION, UPDATE_TIMESTAMP, UPDATE_USER ) 
VALUES ( SEQ_SPONSOR_TERM.nextval,9, 3, 'No travel restrictions', sysdate, user ); 
INSERT INTO SPONSOR_TERM ( SPONSOR_TERM_ID,SPONSOR_TERM_TYPE_CODE,SPONSOR_TERM_CODE, DESCRIPTION, UPDATE_TIMESTAMP, UPDATE_USER ) 
VALUES ( SEQ_SPONSOR_TERM.nextval,9, 15, 'Requests for approval should be submitted 60 days prior to the beginning of each foreign trip.', sysdate, user ); 
INSERT INTO SPONSOR_TERM ( SPONSOR_TERM_ID,SPONSOR_TERM_TYPE_CODE,SPONSOR_TERM_CODE, DESCRIPTION, UPDATE_TIMESTAMP, UPDATE_USER ) 
VALUES ( SEQ_SPONSOR_TERM.nextval,9, 16, 'Requests for approval should be submitted 45 days prior to the beginning of each foreign trip.', sysdate, user ); 
INSERT INTO SPONSOR_TERM ( SPONSOR_TERM_ID,SPONSOR_TERM_TYPE_CODE,SPONSOR_TERM_CODE, DESCRIPTION, UPDATE_TIMESTAMP, UPDATE_USER ) 
VALUES ( SEQ_SPONSOR_TERM.nextval,9, 17, 'Approval from Award Office Contact prior to use of foreign air carrier required', sysdate, user ); 
INSERT INTO SPONSOR_TERM ( SPONSOR_TERM_ID,SPONSOR_TERM_TYPE_CODE,SPONSOR_TERM_CODE, DESCRIPTION, UPDATE_TIMESTAMP, UPDATE_USER ) 
VALUES ( SEQ_SPONSOR_TERM.nextval,9, 18, 'Unbudgeted domestic travel requires prior approval.', sysdate, user ); 
INSERT INTO SPONSOR_TERM ( SPONSOR_TERM_ID,SPONSOR_TERM_TYPE_CODE,SPONSOR_TERM_CODE, DESCRIPTION, UPDATE_TIMESTAMP, UPDATE_USER ) 
VALUES ( SEQ_SPONSOR_TERM.nextval,9, 19, 'Travel within or outside U.S. will be reimbursed at coach class.', sysdate, user ); 
INSERT INTO SPONSOR_TERM ( SPONSOR_TERM_ID,SPONSOR_TERM_TYPE_CODE,SPONSOR_TERM_CODE, DESCRIPTION, UPDATE_TIMESTAMP, UPDATE_USER ) 
VALUES ( SEQ_SPONSOR_TERM.nextval,9, 4, 'Each foreign trip requires approval, whether or not in the approved budget', sysdate, user ); 
INSERT INTO SPONSOR_TERM ( SPONSOR_TERM_ID,SPONSOR_TERM_TYPE_CODE,SPONSOR_TERM_CODE, DESCRIPTION, UPDATE_TIMESTAMP, UPDATE_USER ) 
VALUES ( SEQ_SPONSOR_TERM.nextval,9, 6, 'Requests for approval should be submitted 90 days prior to the beginning of each foreign trip.', sysdate, user ); 
INSERT INTO SPONSOR_TERM ( SPONSOR_TERM_ID,SPONSOR_TERM_TYPE_CODE,SPONSOR_TERM_CODE, DESCRIPTION, UPDATE_TIMESTAMP, UPDATE_USER ) 
VALUES ( SEQ_SPONSOR_TERM.nextval,9, 7, 'Use of US air carriers required for foreign travel', sysdate, user ); 
INSERT INTO SPONSOR_TERM ( SPONSOR_TERM_ID,SPONSOR_TERM_TYPE_CODE,SPONSOR_TERM_CODE, DESCRIPTION, UPDATE_TIMESTAMP, UPDATE_USER ) 
VALUES ( SEQ_SPONSOR_TERM.nextval,9, 8, 'Domestic travel budget may not be exceeded by $500 or 25%, whichever is greater,  without approval', sysdate, user ); 
INSERT INTO SPONSOR_TERM ( SPONSOR_TERM_ID,SPONSOR_TERM_TYPE_CODE,SPONSOR_TERM_CODE, DESCRIPTION, UPDATE_TIMESTAMP, UPDATE_USER ) 
VALUES ( SEQ_SPONSOR_TERM.nextval,9, 9, 'Advance notification required for domestic travel expenditures in excess of $500 or 125% of budget whichever is greater', sysdate, user ); 
INSERT INTO SPONSOR_TERM ( SPONSOR_TERM_ID,SPONSOR_TERM_TYPE_CODE,SPONSOR_TERM_CODE, DESCRIPTION, UPDATE_TIMESTAMP, UPDATE_USER ) 
VALUES ( SEQ_SPONSOR_TERM.nextval,9, 10, 'Notification 90 days in advance of foreign travel is required.', sysdate, user ); 
INSERT INTO SPONSOR_TERM ( SPONSOR_TERM_ID,SPONSOR_TERM_TYPE_CODE,SPONSOR_TERM_CODE, DESCRIPTION, UPDATE_TIMESTAMP, UPDATE_USER ) 
VALUES ( SEQ_SPONSOR_TERM.nextval,9, 11, 'Travel approval delegated to ONRRR', sysdate, user ); 
INSERT INTO SPONSOR_TERM ( SPONSOR_TERM_ID,SPONSOR_TERM_TYPE_CODE,SPONSOR_TERM_CODE, DESCRIPTION, UPDATE_TIMESTAMP, UPDATE_USER ) 
VALUES ( SEQ_SPONSOR_TERM.nextval,9, 12, 'Consult with Award Office Contact prior to use of foreign air carrier', sysdate, user ); 
INSERT INTO SPONSOR_TERM ( SPONSOR_TERM_ID,SPONSOR_TERM_TYPE_CODE,SPONSOR_TERM_CODE, DESCRIPTION, UPDATE_TIMESTAMP, UPDATE_USER ) 
VALUES ( SEQ_SPONSOR_TERM.nextval,9, 13, 'Unbudgeted foreign travel requires prior approval', sysdate, user ); 
INSERT INTO SPONSOR_TERM ( SPONSOR_TERM_ID,SPONSOR_TERM_TYPE_CODE,SPONSOR_TERM_CODE, DESCRIPTION, UPDATE_TIMESTAMP, UPDATE_USER ) 
VALUES ( SEQ_SPONSOR_TERM.nextval,9, 20, 'No Foreign travel is allowed', sysdate, user ); 
INSERT INTO SPONSOR_TERM ( SPONSOR_TERM_ID,SPONSOR_TERM_TYPE_CODE,SPONSOR_TERM_CODE, DESCRIPTION, UPDATE_TIMESTAMP, UPDATE_USER ) 
VALUES ( SEQ_SPONSOR_TERM.nextval,9, 21, 'Travel costs in excess of 15% or $20,000 (whichever is less) requires prior written approval for each trip taken as part of project activities.', sysdate, user ); 
INSERT INTO SPONSOR_TERM ( SPONSOR_TERM_ID,SPONSOR_TERM_TYPE_CODE,SPONSOR_TERM_CODE, DESCRIPTION, UPDATE_TIMESTAMP, UPDATE_USER ) 
VALUES ( SEQ_SPONSOR_TERM.nextval,9, 22, 'Traveler must submit report at the conclusion of each foreign trip.', sysdate, user ); 
INSERT INTO SPONSOR_TERM ( SPONSOR_TERM_ID,SPONSOR_TERM_TYPE_CODE,SPONSOR_TERM_CODE, DESCRIPTION, UPDATE_TIMESTAMP, UPDATE_USER ) 
VALUES ( SEQ_SPONSOR_TERM.nextval,9, 23, 'Use of International Business Class Airfare is specifically approved by the Sponsor', sysdate, user ); 
INSERT INTO SPONSOR_TERM ( SPONSOR_TERM_ID,SPONSOR_TERM_TYPE_CODE,SPONSOR_TERM_CODE, DESCRIPTION, UPDATE_TIMESTAMP, UPDATE_USER ) 
VALUES ( SEQ_SPONSOR_TERM.nextval,9, 24, 'All travel requires prior approval whether or not in approved budget', sysdate, user ); 
INSERT INTO SPONSOR_TERM ( SPONSOR_TERM_ID,SPONSOR_TERM_TYPE_CODE,SPONSOR_TERM_CODE, DESCRIPTION, UPDATE_TIMESTAMP, UPDATE_USER ) 
VALUES ( SEQ_SPONSOR_TERM.nextval,9, 25, 'Sponsor will pay reasonable cost of 2 units of alcohol per person per day.', sysdate, user ); 

commit;

INSERT INTO FP_DOC_TYPE_T (FDOC_TYP_CD,FDOC_NM,FDOC_TYP_ACTIVE_CD) VALUES ('PRET','PROTOCOL REFERENCE TYPE','Y'); 
COMMIT; 

INSERT INTO AFFILIATION_TYPE (AFFILIATION_TYPE_CODE, DESCRIPTION, UPDATE_TIMESTAMP, UPDATE_USER)
VALUES(2, 'Non-Faculty', sysdate, user);
INSERT INTO AFFILIATION_TYPE(AFFILIATION_TYPE_CODE, DESCRIPTION, UPDATE_TIMESTAMP, UPDATE_USER)
VALUES(3, 'Affiliate', sysdate, user);
INSERT INTO AFFILIATION_TYPE(AFFILIATION_TYPE_CODE, DESCRIPTION, UPDATE_TIMESTAMP, UPDATE_USER)
VALUES(1, 'Faculty', sysdate, user);

commit;

INSERT INTO PROTOCOL_PERSON_ROLE_MAPPING ( ROLE_MAPPING_ID, SOURCE_ROLE_ID, TARGET_ROLE_ID, UPDATE_TIMESTAMP, UPDATE_USER, VER_NBR, OBJ_ID ) 
VALUES ( 1, 'PI', 'COI', sysdate, user, 1, 'F9CBAA4058814FDAAE85F9567B84F8BB' ); 
INSERT INTO PROTOCOL_PERSON_ROLE_MAPPING ( ROLE_MAPPING_ID, SOURCE_ROLE_ID, TARGET_ROLE_ID, UPDATE_TIMESTAMP, UPDATE_USER, VER_NBR, OBJ_ID ) 
VALUES ( 2, 'COI', 'PI', sysdate, user, 1, 'D8FF86A02CA142D59FD6F92A71B0F5D1' ); 
INSERT INTO PROTOCOL_PERSON_ROLE_MAPPING ( ROLE_MAPPING_ID, SOURCE_ROLE_ID, TARGET_ROLE_ID, UPDATE_TIMESTAMP, UPDATE_USER, VER_NBR, OBJ_ID ) 
VALUES ( 3, 'SP', 'CA', sysdate, user, 1, '247759D7176C460594532CE5A9A3A468' ); 
INSERT INTO PROTOCOL_PERSON_ROLE_MAPPING ( ROLE_MAPPING_ID, SOURCE_ROLE_ID, TARGET_ROLE_ID, UPDATE_TIMESTAMP, UPDATE_USER, VER_NBR, OBJ_ID ) 
VALUES ( 4, 'SP', 'CRC', sysdate, user, 1, '4AB7E5FAB42349E98C57E8C13B3C4265' ); 
INSERT INTO PROTOCOL_PERSON_ROLE_MAPPING ( ROLE_MAPPING_ID, SOURCE_ROLE_ID, TARGET_ROLE_ID, UPDATE_TIMESTAMP, UPDATE_USER, VER_NBR, OBJ_ID ) 
VALUES ( 5, 'CA', 'SP', sysdate, user, 1, '822556F26DA94072A2487ED94FEE0E06' ); 
INSERT INTO PROTOCOL_PERSON_ROLE_MAPPING ( ROLE_MAPPING_ID, SOURCE_ROLE_ID, TARGET_ROLE_ID, UPDATE_TIMESTAMP, UPDATE_USER, VER_NBR, OBJ_ID ) 
VALUES ( 6, 'CA', 'CRC', sysdate, user, 1, '83DBA44EDC3A4E94B55C4D133D7D169E' ); 
INSERT INTO PROTOCOL_PERSON_ROLE_MAPPING ( ROLE_MAPPING_ID, SOURCE_ROLE_ID, TARGET_ROLE_ID, UPDATE_TIMESTAMP, UPDATE_USER, VER_NBR, OBJ_ID ) 
VALUES ( 7, 'CRC', 'SP', sysdate, user, 1, 'F23CACD24BCF4BC9BEA6D0CB92C43EC6' ); 
INSERT INTO PROTOCOL_PERSON_ROLE_MAPPING ( ROLE_MAPPING_ID, SOURCE_ROLE_ID, TARGET_ROLE_ID, UPDATE_TIMESTAMP, UPDATE_USER, VER_NBR, OBJ_ID ) 
VALUES ( 8, 'CRC', 'CA', sysdate, user, 1, 'C4307C73DD594F8BBE2B3CC6949FABA7' ); 

commit;

INSERT INTO ACCOUNT_TYPE ( ACCOUNT_TYPE_CODE, DESCRIPTION, UPDATE_TIMESTAMP, UPDATE_USER ) 
VALUES ( 1, 'Regular', sysdate, user ); 
INSERT INTO ACCOUNT_TYPE ( ACCOUNT_TYPE_CODE, DESCRIPTION, UPDATE_TIMESTAMP, UPDATE_USER ) 
VALUES ( 2, 'Fabricated Equipment', sysdate, user ); 
INSERT INTO ACCOUNT_TYPE ( ACCOUNT_TYPE_CODE, DESCRIPTION, UPDATE_TIMESTAMP, UPDATE_USER ) 
VALUES ( 3, 'Draper Fellowship', sysdate, user ); 
INSERT INTO ACCOUNT_TYPE ( ACCOUNT_TYPE_CODE, DESCRIPTION, UPDATE_TIMESTAMP, UPDATE_USER ) 
VALUES ( 4, 'Core Grant Administration', sysdate, user ); 
INSERT INTO ACCOUNT_TYPE ( ACCOUNT_TYPE_CODE, DESCRIPTION, UPDATE_TIMESTAMP, UPDATE_USER ) 
VALUES ( 5, 'Gift', sysdate, user ); 
INSERT INTO ACCOUNT_TYPE ( ACCOUNT_TYPE_CODE, DESCRIPTION, UPDATE_TIMESTAMP, UPDATE_USER ) 
VALUES ( 6, 'Conversion Account', sysdate, user ); 
INSERT INTO ACCOUNT_TYPE ( ACCOUNT_TYPE_CODE, DESCRIPTION, UPDATE_TIMESTAMP, UPDATE_USER ) 
VALUES ( 7, 'Off-campus account', sysdate, user ); 
INSERT INTO ACCOUNT_TYPE ( ACCOUNT_TYPE_CODE, DESCRIPTION, UPDATE_TIMESTAMP, UPDATE_USER ) 
VALUES ( 8, 'SBIR', sysdate, user ); 
INSERT INTO ACCOUNT_TYPE ( ACCOUNT_TYPE_CODE, DESCRIPTION, UPDATE_TIMESTAMP, UPDATE_USER ) 
VALUES ( 9, 'STTR', sysdate, user ); 
INSERT INTO ACCOUNT_TYPE ( ACCOUNT_TYPE_CODE, DESCRIPTION, UPDATE_TIMESTAMP, UPDATE_USER ) 
VALUES ( 10, 'No Account', sysdate, user ); 
INSERT INTO ACCOUNT_TYPE ( ACCOUNT_TYPE_CODE, DESCRIPTION, UPDATE_TIMESTAMP, UPDATE_USER ) 
VALUES ( 11, 'Service Facilities', sysdate, user ); 

Commit;

INSERT INTO AWARD_TYPE ( AWARD_TYPE_CODE, DESCRIPTION, UPDATE_TIMESTAMP, UPDATE_USER ) 
VALUES ( 1, 'Grant', sysdate, user ); 
INSERT INTO AWARD_TYPE ( AWARD_TYPE_CODE, DESCRIPTION, UPDATE_TIMESTAMP, UPDATE_USER ) 
VALUES ( 2, 'NIH Training Grant ', sysdate, user ); 
INSERT INTO AWARD_TYPE ( AWARD_TYPE_CODE, DESCRIPTION, UPDATE_TIMESTAMP, UPDATE_USER ) 
VALUES ( 3, 'Contract', sysdate, user ); 
INSERT INTO AWARD_TYPE ( AWARD_TYPE_CODE, DESCRIPTION, UPDATE_TIMESTAMP, UPDATE_USER ) 
VALUES ( 4, 'Indefinite Delivery Contract ', sysdate, user ); 
INSERT INTO AWARD_TYPE ( AWARD_TYPE_CODE, DESCRIPTION, UPDATE_TIMESTAMP, UPDATE_USER ) 
VALUES ( 5, 'Cooperative Agreement', sysdate, user ); 
INSERT INTO AWARD_TYPE ( AWARD_TYPE_CODE, DESCRIPTION, UPDATE_TIMESTAMP, UPDATE_USER ) 
VALUES ( 6, 'Facilities Agreement', sysdate, user ); 
INSERT INTO AWARD_TYPE ( AWARD_TYPE_CODE, DESCRIPTION, UPDATE_TIMESTAMP, UPDATE_USER ) 
VALUES ( 7, 'Fellowship', sysdate, user ); 
INSERT INTO AWARD_TYPE ( AWARD_TYPE_CODE, DESCRIPTION, UPDATE_TIMESTAMP, UPDATE_USER ) 
VALUES ( 8, 'Consortium Membership', sysdate, user ); 
INSERT INTO AWARD_TYPE ( AWARD_TYPE_CODE, DESCRIPTION, UPDATE_TIMESTAMP, UPDATE_USER ) 
VALUES ( 10, 'Student Financial Aid', sysdate, user ); 
INSERT INTO AWARD_TYPE ( AWARD_TYPE_CODE, DESCRIPTION, UPDATE_TIMESTAMP, UPDATE_USER ) 
VALUES ( 9, 'Other Transaction Agreement', sysdate, user ); 
INSERT INTO AWARD_TYPE ( AWARD_TYPE_CODE, DESCRIPTION, UPDATE_TIMESTAMP, UPDATE_USER ) 
VALUES ( 11, 'Gift', sysdate, user ); 
INSERT INTO AWARD_TYPE ( AWARD_TYPE_CODE, DESCRIPTION, UPDATE_TIMESTAMP, UPDATE_USER ) 
VALUES ( 12, 'Consortium Expenditures', sysdate, user ); 
INSERT INTO AWARD_TYPE ( AWARD_TYPE_CODE, DESCRIPTION, UPDATE_TIMESTAMP, UPDATE_USER ) 
VALUES ( 13, 'Budget Office WBS', sysdate, user ); 

commit;

UPDATE PROTOCOL_PERSON_ROLES
SET AFFILIATION_DETAILS_REQUIRED = 'Y',
TRAINING_DETAILS_REQUIRED = 'Y'
WHERE PROTOCOL_PERSON_ROLE_ID IN ('PI', 'COI', 'SP');

INSERT INTO AFFILIATION_TYPE (AFFILIATION_TYPE_CODE, DESCRIPTION, UPDATE_TIMESTAMP, UPDATE_USER)
VALUES(4, 'Student Investigator', sysdate, user);
INSERT INTO AFFILIATION_TYPE (AFFILIATION_TYPE_CODE, DESCRIPTION, UPDATE_TIMESTAMP, UPDATE_USER)
VALUES(5, 'Faculty Supervisor', sysdate, user);

commit;

insert into FP_DOC_TYPE_T (FDOC_TYP_CD, VER_NBR, FDOC_NM, FDOC_TYP_ACTIVE_CD)
values ('AWRD', 1, 'AWARD', 'Y');

insert into CUSTOM_ATTRIBUTE_DOCUMENT (DOCUMENT_TYPE_CODE, CUSTOM_ATTRIBUTE_ID, IS_REQUIRED, UPDATE_TIMESTAMP, UPDATE_USER, VER_NBR, ACTIVE_FLAG)
values ('AWRD', 1, 'Y', sysdate, 'quickstart', 1, 'Y');

insert into CUSTOM_ATTRIBUTE_DOCUMENT (DOCUMENT_TYPE_CODE, CUSTOM_ATTRIBUTE_ID, IS_REQUIRED, UPDATE_TIMESTAMP, UPDATE_USER, VER_NBR, ACTIVE_FLAG)
values ('AWRD', 2, 'N', sysdate, 'quickstart', 1, 'Y');

insert into CUSTOM_ATTRIBUTE_DOCUMENT (DOCUMENT_TYPE_CODE, CUSTOM_ATTRIBUTE_ID, IS_REQUIRED, UPDATE_TIMESTAMP, UPDATE_USER, VER_NBR, ACTIVE_FLAG)
values ('AWRD', 3, 'N', sysdate, 'quickstart', 1, 'Y');

insert into CUSTOM_ATTRIBUTE_DOCUMENT (DOCUMENT_TYPE_CODE, CUSTOM_ATTRIBUTE_ID, IS_REQUIRED, UPDATE_TIMESTAMP, UPDATE_USER, VER_NBR, ACTIVE_FLAG)
values ('AWRD', 4, 'Y', sysdate, 'quickstart', 1, 'Y');

insert into CUSTOM_ATTRIBUTE_DOCUMENT (DOCUMENT_TYPE_CODE, CUSTOM_ATTRIBUTE_ID, IS_REQUIRED, UPDATE_TIMESTAMP, UPDATE_USER, VER_NBR, ACTIVE_FLAG)
values ('AWRD', 5, 'N', sysdate, 'quickstart', 1, 'Y');

insert into CUSTOM_ATTRIBUTE_DOCUMENT (DOCUMENT_TYPE_CODE, CUSTOM_ATTRIBUTE_ID, IS_REQUIRED, UPDATE_TIMESTAMP, UPDATE_USER, VER_NBR, ACTIVE_FLAG)
values ('AWRD', 6, 'N', sysdate, 'quickstart', 1, 'Y');

insert into CUSTOM_ATTRIBUTE_DOCUMENT (DOCUMENT_TYPE_CODE, CUSTOM_ATTRIBUTE_ID, IS_REQUIRED, UPDATE_TIMESTAMP, UPDATE_USER, VER_NBR, ACTIVE_FLAG)
values ('AWRD', 7, 'N', sysdate, 'quickstart', 1, 'Y');

commit;

INSERT INTO SUBMISSION_TYPE (SUBMISSION_TYPE_CODE, DESCRIPTION, UPDATE_TIMESTAMP,UPDATE_USER) VALUES ('100', 'Initial Protocol Application for Approval', sysdate,'KRADEV');
INSERT INTO SUBMISSION_TYPE (SUBMISSION_TYPE_CODE, DESCRIPTION, UPDATE_TIMESTAMP,UPDATE_USER) VALUES ('102', 'Amendment', sysdate,'KRADEV');
INSERT INTO SUBMISSION_TYPE (SUBMISSION_TYPE_CODE, DESCRIPTION, UPDATE_TIMESTAMP,UPDATE_USER) VALUES ('103', 'Response to Previous IRB Notification', sysdate,'KRADEV');
INSERT INTO SUBMISSION_TYPE (SUBMISSION_TYPE_CODE, DESCRIPTION, UPDATE_TIMESTAMP,UPDATE_USER) VALUES ('131', 'Continuing Review/Continuation with Amendment', sysdate,'KRADEV');
INSERT INTO SUBMISSION_TYPE (SUBMISSION_TYPE_CODE, DESCRIPTION, UPDATE_TIMESTAMP,UPDATE_USER) VALUES ('132', 'Continuing Review/Continuation without Amendment', sysdate,'KRADEV');


INSERT INTO PROTOCOL_REVIEW_TYPE (PROTOCOL_REVIEW_TYPE_CODE, DESCRIPTION, UPDATE_TIMESTAMP,UPDATE_USER) VALUES ('4', 'Limited/Single Use', sysdate,'KRADEV');
INSERT INTO PROTOCOL_REVIEW_TYPE (PROTOCOL_REVIEW_TYPE_CODE, DESCRIPTION, UPDATE_TIMESTAMP,UPDATE_USER) VALUES ('5', 'IRB Review not required', sysdate,'KRADEV');
INSERT INTO PROTOCOL_REVIEW_TYPE (PROTOCOL_REVIEW_TYPE_CODE, DESCRIPTION, UPDATE_TIMESTAMP,UPDATE_USER) VALUES ('6', 'Response', sysdate,'KRADEV');
INSERT INTO PROTOCOL_REVIEW_TYPE (PROTOCOL_REVIEW_TYPE_CODE, DESCRIPTION, UPDATE_TIMESTAMP,UPDATE_USER) VALUES ('7', 'FYI', sysdate,'KRADEV');

commit;

INSERT INTO SUBMISSION_TYPE_QUALIFIER (SUBMISSION_TYPE_QUAL_CODE, DESCRIPTION, UPDATE_TIMESTAMP,UPDATE_USER) VALUES ('2', 'Annual Scheduled by IRB', sysdate,'KRADEV');
INSERT INTO SUBMISSION_TYPE_QUALIFIER (SUBMISSION_TYPE_QUAL_CODE, DESCRIPTION, UPDATE_TIMESTAMP,UPDATE_USER) VALUES ('3', 'Contingent/Conditional Approval/Deferred Approval/ Non-Approval', sysdate,'KRADEV');
INSERT INTO SUBMISSION_TYPE_QUALIFIER (SUBMISSION_TYPE_QUAL_CODE, DESCRIPTION, UPDATE_TIMESTAMP,UPDATE_USER) VALUES ('4', 'Eligibility Exceptions/Protocol Deviations', sysdate,'KRADEV');
INSERT INTO SUBMISSION_TYPE_QUALIFIER (SUBMISSION_TYPE_QUAL_CODE, DESCRIPTION, UPDATE_TIMESTAMP,UPDATE_USER) VALUES ('5', 'AE/UADE', sysdate,'KRADEV');
INSERT INTO SUBMISSION_TYPE_QUALIFIER (SUBMISSION_TYPE_QUAL_CODE, DESCRIPTION, UPDATE_TIMESTAMP,UPDATE_USER) VALUES ('6', 'Complaint', sysdate,'KRADEV');
INSERT INTO SUBMISSION_TYPE_QUALIFIER (SUBMISSION_TYPE_QUAL_CODE, DESCRIPTION, UPDATE_TIMESTAMP,UPDATE_USER) VALUES ('7', 'Deviation', sysdate,'KRADEV');
INSERT INTO SUBMISSION_TYPE_QUALIFIER (SUBMISSION_TYPE_QUAL_CODE, DESCRIPTION, UPDATE_TIMESTAMP,UPDATE_USER) VALUES ('8', 'Protocol-related COI Report', sysdate,'KRADEV');
INSERT INTO SUBMISSION_TYPE_QUALIFIER (SUBMISSION_TYPE_QUAL_CODE, DESCRIPTION, UPDATE_TIMESTAMP,UPDATE_USER) VALUES ('9', 'Self report for Noncompliance', sysdate,'KRADEV');
INSERT INTO SUBMISSION_TYPE_QUALIFIER (SUBMISSION_TYPE_QUAL_CODE, DESCRIPTION, UPDATE_TIMESTAMP,UPDATE_USER) VALUES ('10', 'Request for Eligibility Exception', sysdate,'KRADEV');
INSERT INTO SUBMISSION_TYPE_QUALIFIER (SUBMISSION_TYPE_QUAL_CODE, DESCRIPTION, UPDATE_TIMESTAMP,UPDATE_USER) VALUES ('11', 'Training Certification', sysdate,'KRADEV');
INSERT INTO SUBMISSION_TYPE_QUALIFIER (SUBMISSION_TYPE_QUAL_CODE, DESCRIPTION, UPDATE_TIMESTAMP,UPDATE_USER) VALUES ('12', 'Unanticipated Problems', sysdate,'KRADEV');
INSERT INTO SUBMISSION_TYPE_QUALIFIER (SUBMISSION_TYPE_QUAL_CODE, DESCRIPTION, UPDATE_TIMESTAMP,UPDATE_USER) VALUES ('13', 'DSMB Report', sysdate,'KRADEV');
INSERT INTO SUBMISSION_TYPE_QUALIFIER (SUBMISSION_TYPE_QUAL_CODE, DESCRIPTION, UPDATE_TIMESTAMP,UPDATE_USER) VALUES ('14', 'Annual Report', sysdate,'KRADEV');

commit;

INSERT INTO PROTOCOL_ATTACHMENT_STATUS ( STATUS_CD, DESCRIPTION, UPDATE_TIMESTAMP, UPDATE_USER ) 
	VALUES ( 1, 'Incomplete', sysdate, user ); 
INSERT INTO PROTOCOL_ATTACHMENT_STATUS ( STATUS_CD, DESCRIPTION, UPDATE_TIMESTAMP, UPDATE_USER ) 
	VALUES ( 2, 'Complete', sysdate, user );
commit;

INSERT INTO PROTOCOL_ATTACHMENT_TYPE ( TYPE_CD, DESCRIPTION, UPDATE_TIMESTAMP, UPDATE_USER ) 
VALUES ( 1, 'Informed Consent Document', sysdate, user ); 
INSERT INTO PROTOCOL_ATTACHMENT_TYPE ( TYPE_CD, DESCRIPTION, UPDATE_TIMESTAMP, UPDATE_USER ) 
VALUES ( 2, 'Recruitment Brochure', sysdate, user ); 
INSERT INTO PROTOCOL_ATTACHMENT_TYPE ( TYPE_CD, DESCRIPTION, UPDATE_TIMESTAMP, UPDATE_USER ) 
VALUES ( 3, 'Advertisement', sysdate, user ); 
INSERT INTO PROTOCOL_ATTACHMENT_TYPE ( TYPE_CD, DESCRIPTION, UPDATE_TIMESTAMP, UPDATE_USER ) 
VALUES ( 4, 'Protocol Narrative', sysdate, user ); 
INSERT INTO PROTOCOL_ATTACHMENT_TYPE ( TYPE_CD, DESCRIPTION, UPDATE_TIMESTAMP, UPDATE_USER ) 
VALUES ( 5, 'Investigator Brochure', sysdate, user ); 
INSERT INTO PROTOCOL_ATTACHMENT_TYPE ( TYPE_CD, DESCRIPTION, UPDATE_TIMESTAMP, UPDATE_USER ) 
VALUES ( 6, 'Children''s Assent Form', sysdate, user ); 
INSERT INTO PROTOCOL_ATTACHMENT_TYPE ( TYPE_CD, DESCRIPTION, UPDATE_TIMESTAMP, UPDATE_USER ) 
VALUES ( 7, 'HIPAA Research Authorization Form', sysdate, user ); 
INSERT INTO PROTOCOL_ATTACHMENT_TYPE ( TYPE_CD, DESCRIPTION, UPDATE_TIMESTAMP, UPDATE_USER ) 
VALUES ( 8, 'HIPAA Waiver of Research Authorization Form', sysdate, user );
INSERT INTO PROTOCOL_ATTACHMENT_TYPE ( TYPE_CD, DESCRIPTION, UPDATE_TIMESTAMP, UPDATE_USER ) 
VALUES ( 9, 'Other', sysdate, user );
INSERT INTO PROTOCOL_ATTACHMENT_TYPE ( TYPE_CD, DESCRIPTION, UPDATE_TIMESTAMP, UPDATE_USER ) 
VALUES ( 10, 'Adverse Event', sysdate, user );
INSERT INTO PROTOCOL_ATTACHMENT_TYPE ( TYPE_CD, DESCRIPTION, UPDATE_TIMESTAMP, UPDATE_USER ) 
VALUES ( 11, 'Biography', sysdate, user );
commit;

INSERT INTO PROTOCOL_ATTACHMENT_GROUP ( GROUP_CD, DESCRIPTION, UPDATE_TIMESTAMP, UPDATE_USER ) 
VALUES ( 1, 'Protocol Attachments', sysdate, user ); 
INSERT INTO PROTOCOL_ATTACHMENT_GROUP ( GROUP_CD, DESCRIPTION, UPDATE_TIMESTAMP, UPDATE_USER ) 
VALUES ( 2, 'Personnel Attachments', sysdate, user );
commit;

INSERT INTO PROTOCOL_ATTACHMENT_TYPE_GROUP ( TYPE_GROUP_ID, TYPE_CD, GROUP_CD, UPDATE_TIMESTAMP, UPDATE_USER ) 
VALUES ( 1, 1, 1, sysdate, user ); 
INSERT INTO PROTOCOL_ATTACHMENT_TYPE_GROUP ( TYPE_GROUP_ID, TYPE_CD, GROUP_CD, UPDATE_TIMESTAMP, UPDATE_USER ) 
VALUES ( 2, 2, 1, sysdate, user ); 
INSERT INTO PROTOCOL_ATTACHMENT_TYPE_GROUP ( TYPE_GROUP_ID, TYPE_CD, GROUP_CD, UPDATE_TIMESTAMP, UPDATE_USER ) 
VALUES ( 3, 3, 1, sysdate, user ); 
INSERT INTO PROTOCOL_ATTACHMENT_TYPE_GROUP ( TYPE_GROUP_ID, TYPE_CD, GROUP_CD, UPDATE_TIMESTAMP, UPDATE_USER ) 
VALUES ( 4, 4, 1, sysdate, user ); 
INSERT INTO PROTOCOL_ATTACHMENT_TYPE_GROUP ( TYPE_GROUP_ID, TYPE_CD, GROUP_CD, UPDATE_TIMESTAMP, UPDATE_USER ) 
VALUES ( 5, 5, 1, sysdate, user ); 
INSERT INTO PROTOCOL_ATTACHMENT_TYPE_GROUP ( TYPE_GROUP_ID, TYPE_CD, GROUP_CD, UPDATE_TIMESTAMP, UPDATE_USER ) 
VALUES ( 6, 6, 1, sysdate, user ); 
INSERT INTO PROTOCOL_ATTACHMENT_TYPE_GROUP ( TYPE_GROUP_ID, TYPE_CD, GROUP_CD, UPDATE_TIMESTAMP, UPDATE_USER ) 
VALUES ( 7, 7, 1, sysdate, user ); 
INSERT INTO PROTOCOL_ATTACHMENT_TYPE_GROUP ( TYPE_GROUP_ID, TYPE_CD, GROUP_CD, UPDATE_TIMESTAMP, UPDATE_USER ) 
VALUES ( 8, 8, 1, sysdate, user ); 
INSERT INTO PROTOCOL_ATTACHMENT_TYPE_GROUP ( TYPE_GROUP_ID, TYPE_CD, GROUP_CD, UPDATE_TIMESTAMP, UPDATE_USER ) 
VALUES ( 9, 9, 1, sysdate, user );
INSERT INTO PROTOCOL_ATTACHMENT_TYPE_GROUP ( TYPE_GROUP_ID, TYPE_CD, GROUP_CD, UPDATE_TIMESTAMP, UPDATE_USER ) 
VALUES ( 10, 10, 1, sysdate, user );
INSERT INTO PROTOCOL_ATTACHMENT_TYPE_GROUP ( TYPE_GROUP_ID, TYPE_CD, GROUP_CD, UPDATE_TIMESTAMP, UPDATE_USER ) 
VALUES ( 12, 9, 2, sysdate, user );
INSERT INTO PROTOCOL_ATTACHMENT_TYPE_GROUP ( TYPE_GROUP_ID, TYPE_CD, GROUP_CD, UPDATE_TIMESTAMP, UPDATE_USER ) 
VALUES ( 11, 11, 2, sysdate, user );
commit;

set escape \
INSERT INTO TRAINING ( TRAINING_CODE, DESCRIPTION, UPDATE_TIMESTAMP, UPDATE_USER ) 
VALUES ( 1, 'Rochester Training Booklet - Human Subjects', sysdate, user ); 
INSERT INTO TRAINING ( TRAINING_CODE, DESCRIPTION, UPDATE_TIMESTAMP, UPDATE_USER ) 
VALUES ( 2, 'MIT Human Subjects Training via Traincasters', sysdate, user ); 
INSERT INTO TRAINING ( TRAINING_CODE, DESCRIPTION, UPDATE_TIMESTAMP, UPDATE_USER ) 
VALUES ( 3, 'NIH Training - Human Subjects', sysdate, user ); 
INSERT INTO TRAINING ( TRAINING_CODE, DESCRIPTION, UPDATE_TIMESTAMP, UPDATE_USER ) 
VALUES ( 4, 'Johns Hopkins - Human Subjects', sysdate, user ); 
INSERT INTO TRAINING ( TRAINING_CODE, DESCRIPTION, UPDATE_TIMESTAMP, UPDATE_USER ) 
VALUES ( 5, 'Massachusetts General Hospital - Human Subjects', sysdate, user ); 
INSERT INTO TRAINING ( TRAINING_CODE, DESCRIPTION, UPDATE_TIMESTAMP, UPDATE_USER ) 
VALUES ( 6, 'Stanford - Human Subjects', sysdate, user ); 
INSERT INTO TRAINING ( TRAINING_CODE, DESCRIPTION, UPDATE_TIMESTAMP, UPDATE_USER ) 
VALUES ( 7, 'Beth Israel Deaconess Medical Center - Human Subjects', sysdate, user ); 
INSERT INTO TRAINING ( TRAINING_CODE, DESCRIPTION, UPDATE_TIMESTAMP, UPDATE_USER ) 
VALUES ( 8, 'Massachusetts Eye \& Ear Infirmary - Human Subjects', sysdate, user ); 
INSERT INTO TRAINING ( TRAINING_CODE, DESCRIPTION, UPDATE_TIMESTAMP, UPDATE_USER ) 
VALUES ( 9, 'University of Miami CITI Ethics Training program', sysdate, user ); 


INSERT INTO FP_DOC_TYPE_T (FDOC_TYP_CD,FDOC_NM,FDOC_TYP_ACTIVE_CD) VALUES ('TRAI','TRAINING','Y');

commit;

INSERT INTO PROTO_CORRESP_TYPE (proto_corresp_type_code, description, module_id, update_timestamp, update_user) VALUES ('1','Approval Letter','Y',sysdate,'KRADEV');
INSERT INTO PROTO_CORRESP_TYPE (proto_corresp_type_code, description, module_id, update_timestamp, update_user) VALUES ('2','Rejection Letter','Y',sysdate,'KRADEV');
INSERT INTO PROTO_CORRESP_TYPE (proto_corresp_type_code, description, module_id, update_timestamp, update_user) VALUES ('3','Notice Of Deferral','Y',sysdate,'KRADEV');
INSERT INTO PROTO_CORRESP_TYPE (proto_corresp_type_code, description, module_id, update_timestamp, update_user) VALUES ('4','Substantive Revisions Required Letter','Y',sysdate,'KRADEV');
INSERT INTO PROTO_CORRESP_TYPE (proto_corresp_type_code, description, module_id, update_timestamp, update_user) VALUES ('5','Expedited Approval Letter','Y',sysdate,'KRADEV');
INSERT INTO PROTO_CORRESP_TYPE (proto_corresp_type_code, description, module_id, update_timestamp, update_user) VALUES ('6','Specific Minor Revisions Letter','Y',sysdate,'KRADEV');
INSERT INTO PROTO_CORRESP_TYPE (proto_corresp_type_code, description, module_id, update_timestamp, update_user) VALUES ('7','Suspension notice','Y',sysdate,'KRADEV');
INSERT INTO PROTO_CORRESP_TYPE (proto_corresp_type_code, description, module_id, update_timestamp, update_user) VALUES ('8','Termination Notice','Y',sysdate,'KRADEV');
INSERT INTO PROTO_CORRESP_TYPE (proto_corresp_type_code, description, module_id, update_timestamp, update_user) VALUES ('9','Agenda Report','Y',sysdate,'KRADEV');
INSERT INTO PROTO_CORRESP_TYPE (proto_corresp_type_code, description, module_id, update_timestamp, update_user) VALUES ('10','Schedule Minutes','Y',sysdate,'KRADEV');
INSERT INTO PROTO_CORRESP_TYPE (proto_corresp_type_code, description, module_id, update_timestamp, update_user) VALUES ('110','Schedule Optional Report #1','Y',sysdate,'KRADEV');
INSERT INTO PROTO_CORRESP_TYPE (proto_corresp_type_code, description, module_id, update_timestamp, update_user) VALUES ('12','Schedule Optional Report #2','Y',sysdate,'KRADEV');
INSERT INTO PROTO_CORRESP_TYPE (proto_corresp_type_code, description, module_id, update_timestamp, update_user) VALUES ('13','Protocol Optional Report #1','Y',sysdate,'KRADEV');
INSERT INTO PROTO_CORRESP_TYPE (proto_corresp_type_code, description, module_id, update_timestamp, update_user) VALUES ('20','Renewal Reminder Letter #1','Y',sysdate,'KRADEV');
INSERT INTO PROTO_CORRESP_TYPE (proto_corresp_type_code, description, module_id, update_timestamp, update_user) VALUES ('21','Renewal Reminder Letter #2','Y',sysdate,'KRADEV');
INSERT INTO PROTO_CORRESP_TYPE (proto_corresp_type_code, description, module_id, update_timestamp, update_user) VALUES ('22','Renewal Reminder Letter #3','Y',sysdate,'KRADEV');
INSERT INTO PROTO_CORRESP_TYPE (proto_corresp_type_code, description, module_id, update_timestamp, update_user) VALUES ('23','Reminder to IRB Notification #1','Y',sysdate,'KRADEV');
INSERT INTO PROTO_CORRESP_TYPE (proto_corresp_type_code, description, module_id, update_timestamp, update_user) VALUES ('24','Reminder to IRB Notification #2','Y',sysdate,'KRADEV');
INSERT INTO PROTO_CORRESP_TYPE (proto_corresp_type_code, description, module_id, update_timestamp, update_user) VALUES ('25','Reminder to IRB Notification #3','Y',sysdate,'KRADEV');
INSERT INTO PROTO_CORRESP_TYPE (proto_corresp_type_code, description, module_id, update_timestamp, update_user) VALUES ('26','Closure Notice','Y',sysdate,'KRADEV');
INSERT INTO PROTO_CORRESP_TYPE (proto_corresp_type_code, description, module_id, update_timestamp, update_user) VALUES ('17','Grant Exemption Notice','Y',sysdate,'KRADEV');
INSERT INTO PROTO_CORRESP_TYPE (proto_corresp_type_code, description, module_id, update_timestamp, update_user) VALUES ('14','Protocol Optional Report #2','Y',sysdate,'KRADEV');
INSERT INTO PROTO_CORRESP_TYPE (proto_corresp_type_code, description, module_id, update_timestamp, update_user) VALUES ('15','Committee Roster Report','Y',sysdate,'KRADEV');
INSERT INTO PROTO_CORRESP_TYPE (proto_corresp_type_code, description, module_id, update_timestamp, update_user) VALUES ('16','Withdrawal Notice','Y',sysdate,'KRADEV');
INSERT INTO PROTO_CORRESP_TYPE (proto_corresp_type_code, description, module_id, update_timestamp, update_user) VALUES ('18','Protocol Submission Report #1','Y',sysdate,'KRADEV');
INSERT INTO PROTO_CORRESP_TYPE (proto_corresp_type_code, description, module_id, update_timestamp, update_user) VALUES ('19','Protocol Submission Report #2','Y',sysdate,'KRADEV');

commit;

INSERT INTO SUBMISSION_STATUS (submission_status_code, description, update_timestamp, update_user) VALUES ('100','Submitted to Committee',sysdate,'KRADEV');
INSERT INTO SUBMISSION_STATUS (submission_status_code, description, update_timestamp, update_user) VALUES ('101','In Agenda',sysdate,'KRADEV');
INSERT INTO SUBMISSION_STATUS (submission_status_code, description, update_timestamp, update_user) VALUES ('102','Pending',sysdate,'KRADEV');
INSERT INTO SUBMISSION_STATUS (submission_status_code, description, update_timestamp, update_user) VALUES ('200','Complete',sysdate,'KRADEV');
INSERT INTO SUBMISSION_STATUS (submission_status_code, description, update_timestamp, update_user) VALUES ('201','Substantive Revisions Required',sysdate,'KRADEV');
INSERT INTO SUBMISSION_STATUS (submission_status_code, description, update_timestamp, update_user) VALUES ('202','Specific Minor Revisions Requested',sysdate,'KRADEV');
INSERT INTO SUBMISSION_STATUS (submission_status_code, description, update_timestamp, update_user) VALUES ('203','Approved',sysdate,'KRADEV');
INSERT INTO SUBMISSION_STATUS (submission_status_code, description, update_timestamp, update_user) VALUES ('204','Exemption Granted',sysdate,'KRADEV');
INSERT INTO SUBMISSION_STATUS (submission_status_code, description, update_timestamp, update_user) VALUES ('205','Disapproved',sysdate,'KRADEV');
INSERT INTO SUBMISSION_STATUS (submission_status_code, description, update_timestamp, update_user) VALUES ('206','Deferred',sysdate,'KRADEV');
INSERT INTO SUBMISSION_STATUS (submission_status_code, description, update_timestamp, update_user) VALUES ('207','Closed',sysdate,'KRADEV');
INSERT INTO SUBMISSION_STATUS (submission_status_code, description, update_timestamp, update_user) VALUES ('208','Terminated',sysdate,'KRADEV');
INSERT INTO SUBMISSION_STATUS (submission_status_code, description, update_timestamp, update_user) VALUES ('209','Suspended',sysdate,'KRADEV');
INSERT INTO SUBMISSION_STATUS (submission_status_code, description, update_timestamp, update_user) VALUES ('210','Withdrawn',sysdate,'KRADEV');
INSERT INTO SUBMISSION_STATUS (submission_status_code, description, update_timestamp, update_user) VALUES ('211','Closed for Enrollment',sysdate,'KRADEV');
INSERT INTO SUBMISSION_STATUS (submission_status_code, description, update_timestamp, update_user) VALUES ('212','IRB Acknowledgement',sysdate,'KRADEV');
INSERT INTO SUBMISSION_STATUS (submission_status_code, description, update_timestamp, update_user) VALUES ('104','IRB review not required',sysdate,'KRADEV');  

commit;
INSERT INTO EXEMPT_STUDIES_CHECKLIST (EXEMPT_STUDIES_CHECKLIST_CODE, DESCRIPTION, UPDATE_TIMESTAMP,UPDATE_USER) VALUES ('1', 'Educational Research Conducted in Educational Settings -  Research conducted in established or commonly accepted educational settings, involving normal educational practices, such as: i) research on regular and special education instructional strategies, or ii) research on the effectiveness of, or the comparison among instructional techniques, curricula, or classroom management methods.', sysdate,'KRADEV');

INSERT INTO EXEMPT_STUDIES_CHECKLIST (EXEMPT_STUDIES_CHECKLIST_CODE, DESCRIPTION, UPDATE_TIMESTAMP,UPDATE_USER) VALUES ('2', 'Surveys/Interviews/Standardized Educational Tests/Observation of Public Behavior - Research involving the use of educational tests (cognitive, diagnostic, aptitude, achievement), survey procedures, interview procedures or observation of public behavior if: i) information obtained is recorded in such a manner that human subjects cannot be identified, directly or through identifiers linked to the subjects; or ii) any disclosure of the human subjects'' responses outside the research would not reasonably place the subjects at risk of criminal or civil liability or be damaging to the subjects'' financial standing, employability or reputation.', sysdate,'KRADEV');

INSERT INTO EXEMPT_STUDIES_CHECKLIST (EXEMPT_STUDIES_CHECKLIST_CODE, DESCRIPTION, UPDATE_TIMESTAMP,UPDATE_USER) VALUES ('3', 'Surveys/ Interviews /Observation of Public Behavior - Research involving the use of educational tests (cognitive, diagnostic, aptitude, achievement), survey procedures, interview procedures or observation of public behavior if the subjects are elected or appointed public officials.', sysdate,'KRADEV');

INSERT INTO EXEMPT_STUDIES_CHECKLIST (EXEMPT_STUDIES_CHECKLIST_CODE, DESCRIPTION, UPDATE_TIMESTAMP,UPDATE_USER) VALUES ('4', 'Secondary Use of Pre-Existing Data (Data must exist at the time the research is submitted for review.) - Research involving the collection or study of existing data, documents, records, pathological specimens or diagnostic specimens if :i) these sources are publicly available, or ii) the information is recorded by the investigator in such a manner that subjects cannot be identified, directly or through identifiers linked to the subjects.', sysdate,'KRADEV');

INSERT INTO EXEMPT_STUDIES_CHECKLIST (EXEMPT_STUDIES_CHECKLIST_CODE, DESCRIPTION, UPDATE_TIMESTAMP,UPDATE_USER) VALUES ('5', 'Evaluation of Public Benefit or Service Program - Research and demonstration projects which are conducted by or subject to the approval of Department or Agency heads, and which are designed to study, evaluate, or otherwise examine public benefit or service programs. The following criteria must be satisfied to qualify for exemption: i) the program must deliver a public benefit (e.g. financial or medical benefits as provided under the Social Security Act) or service (e.g. social, supportive, or nutrition services as provided under the Older Americans Act);ii) project must be conducted pursuant to specific federal statutory authority; iii) there must be no statutory requirement that the project be reviewed by an IRB; iv) the project must not involve significant physical invasions or intrusions upon the privacy of participants.', sysdate,'KRADEV');

INSERT INTO EXEMPT_STUDIES_CHECKLIST (EXEMPT_STUDIES_CHECKLIST_CODE, DESCRIPTION, UPDATE_TIMESTAMP,UPDATE_USER) VALUES ('6', 'Taste and Food Quality Evaluation - Taste and food quality evaluation and consumer acceptance studies: i) if wholesome foods without additive are consumed, or ii) If food is consumed that contains a food ingredient at or below the level and for a use found to be safe, or agricultural chemical or environmental contaminant at or below the level found to be safe, by the FDA or approved by the Environmental Protection Agency or the Food Safety and Inspection Service of the U.S. Department of Agriculture.', sysdate,'KRADEV');

INSERT INTO EXPEDITED_REVIEW_CHECKLIST (EXPEDITED_REV_CHKLST_CODE, DESCRIPTION, UPDATE_TIMESTAMP,UPDATE_USER) VALUES ('1', 'Clinical studies of drugs and medical devices only when condition (a) or (b) is met. (a) Research on drugs for which an investigational new drug application (21 CFR Part 312) is not required.  (Note: Research on marketed drugs that significantly increases the risks or decreases the acceptability of the risks associated with the use of the product is not eligible for expedited review.) (b) Research on medical devices for which (i) an investigational device exemption application (21 CFR Part 812) is not required; or (ii) the medical device is cleared/approved for marketing and the medical device is being used in accordance with its cleared/approved labeling.', sysdate,'KRADEV');

INSERT INTO EXPEDITED_REVIEW_CHECKLIST (EXPEDITED_REV_CHKLST_CODE, DESCRIPTION, UPDATE_TIMESTAMP,UPDATE_USER) VALUES ('2', 'Collection of blood samples by finger stick, heel stick, ear stick, or venipuncture as follows: (a) from healthy, nonpregnant adults who weigh at least 110 pounds. For these subjects, the amounts drawn may not exceed 550 ml in an 8 week period and collection may not occur more frequently than 2 times per week; or (b) from other adults and children2, considering the age, weight, and health of the subjects, the collection procedure, the amount of blood to be collected, and the frequency with which it will be collected. For these subjects, the amount drawn may not exceed the lesser of 50 ml or 3 ml per kg in an 8 week period and collection may not occur more frequently than 2 times per week.', sysdate,'KRADEV');

INSERT INTO EXPEDITED_REVIEW_CHECKLIST (EXPEDITED_REV_CHKLST_CODE, DESCRIPTION, UPDATE_TIMESTAMP,UPDATE_USER) VALUES ('3', 'Prospective collection of biological specimens for research purposes by noninvasive means. Examples: (a) hair and nail clippings in a nondisfiguring manner; (b) deciduous teeth at time of exfoliation or if routine patient care indicates a need for extraction; (c) permanent teeth if routine patient care indicates a need for extraction; (d) excreta and external secretions (including sweat); (e) uncannulated saliva collected either in an unstimulated fashion or stimulated by chewing gumbase or wax or by applying a dilute citric solution to the tongue; (f) placenta removed at delivery; (g) amniotic fluid obtained at the time of rupture of the membrane prior to or during labor; (h) supra- and subgingival dental plaque and calculus, provided the collection procedure is not more invasive than routine prophylactic scaling of the teeth and the process is accomplished in accordance with accepted prophylactic techniques; (i) mucosal and skin cells collected by buccal scraping or swab, skin swab, or mouth washings; (j) sputum collected after saline mist nebulization.', sysdate,'KRADEV');

INSERT INTO EXPEDITED_REVIEW_CHECKLIST (EXPEDITED_REV_CHKLST_CODE, DESCRIPTION, UPDATE_TIMESTAMP,UPDATE_USER) VALUES ('4', 'Collection of data through noninvasive procedures (not involving general anesthesia or sedation) routinely employed in clinical practice, excluding procedures involving x-rays or microwaves. Where medical devices are employed, they must be cleared/approved for marketing. (Studies intended to evaluate the safety and effectiveness of the medical device are not generally eligible for expedited review, including studies of cleared medical devices for new indications.)', sysdate,'KRADEV');

INSERT INTO EXPEDITED_REVIEW_CHECKLIST (EXPEDITED_REV_CHKLST_CODE, DESCRIPTION, UPDATE_TIMESTAMP,UPDATE_USER) VALUES ('5', 'Research involving materials (data, documents, records, or specimens) that have been collected, or will be collected solely for nonresearch purposes (such as medical treatment or diagnosis). (NOTE: Some research in this category may be exempt from the HHS regulations for the protection of human subjects. 45 CFR 46.101(b)(4). This listing refers only to research that is not exempt.)',  sysdate,'KRADEV');

INSERT INTO EXPEDITED_REVIEW_CHECKLIST (EXPEDITED_REV_CHKLST_CODE, DESCRIPTION, UPDATE_TIMESTAMP,UPDATE_USER) VALUES ('6', 'Collection of data from voice, video, digital, or image recordings made for research purposes.', sysdate,'KRADEV');

INSERT INTO EXPEDITED_REVIEW_CHECKLIST (EXPEDITED_REV_CHKLST_CODE, DESCRIPTION, UPDATE_TIMESTAMP,UPDATE_USER) VALUES ('7', 'Research on individual or group characteristics or behavior (including, but not limited to, research on perception, cognition, motivation, identity, language, communication, cultural beliefs or practices, and social behavior) or research employing survey, interview, oral history, focus group, program evaluation, human factors evaluation, or quality assurance methodologies. (NOTE: Some research in this category may be exempt from the HHS regulations for the protection of human subjects. 45 CFR 46.101(b)(2) and (b)(3). This listing refers only to research that is not exempt.)', sysdate,'KRADEV');

INSERT INTO EXPEDITED_REVIEW_CHECKLIST (EXPEDITED_REV_CHKLST_CODE, DESCRIPTION, UPDATE_TIMESTAMP,UPDATE_USER) VALUES ('8', 'Continuing review of research previously approved by the convened IRB as follows (a) where (i) the research is permanently closed to the enrollment of new subjects; (ii) all subjects have completed all research-related interventions; and (iii) the research remains active only for long-term follow-up of subjects.', sysdate,'KRADEV');

INSERT INTO EXPEDITED_REVIEW_CHECKLIST (EXPEDITED_REV_CHKLST_CODE, DESCRIPTION, UPDATE_TIMESTAMP,UPDATE_USER) VALUES ('9', 'Continuing review of research previously approved by the convened IRB as follows (b) where no subjects have been enrolled and no additional risks have been identified.', sysdate,'KRADEV');

INSERT INTO EXPEDITED_REVIEW_CHECKLIST (EXPEDITED_REV_CHKLST_CODE, DESCRIPTION, UPDATE_TIMESTAMP,UPDATE_USER) VALUES ('10', 'Continuing review of research previously approved by the convened IRB as follows (c) where the remaining research activities are limited to data analysis.', sysdate,'KRADEV');

INSERT INTO EXPEDITED_REVIEW_CHECKLIST (EXPEDITED_REV_CHKLST_CODE, DESCRIPTION, UPDATE_TIMESTAMP,UPDATE_USER) VALUES ('11', 'Continuing review of research, not conducted under an investigational new drug application or investigational device exemption where categories two (2) through eight (8) do not apply but the IRB has determined and documented at a convened meeting that the research involves no greater than minimal risk and no additional risks have been identified.', sysdate,'KRADEV');


INSERT INTO FP_DOC_TYPE_T (FDOC_TYP_CD,FDOC_NM,FDOC_TYP_ACTIVE_CD) VALUES ('ESCK','EXEMPT STUDIES CHECKLIST','Y');
INSERT INTO FP_DOC_TYPE_T (FDOC_TYP_CD,FDOC_NM,FDOC_TYP_ACTIVE_CD) VALUES ('ERCK','EXPEDITED REVIEW CHECKLIST','Y');

commit;

INSERT INTO PROTOCOL_REVIEWER_TYPE (REVIEWER_TYPE_CODE, DESCRIPTION, UPDATE_TIMESTAMP,UPDATE_USER) VALUES ('1', 'primary', sysdate, 'KRADEV');
INSERT INTO PROTOCOL_REVIEWER_TYPE (REVIEWER_TYPE_CODE, DESCRIPTION, UPDATE_TIMESTAMP,UPDATE_USER) VALUES ('2', 'secondary', sysdate, 'KRADEV');


INSERT INTO FP_DOC_TYPE_T (FDOC_TYP_CD,FDOC_NM,FDOC_TYP_ACTIVE_CD) VALUES ('PRRT','PROTOCOL_REVIEWER_TYPE','Y');

commit;

INSERT INTO PERSON_TRAINING ( PERSON_TRAINING_ID,PERSON_ID, TRAINING_NUMBER, TRAINING_CODE, DATE_REQUESTED, DATE_SUBMITTED, DATE_ACKNOWLEDGED, FOLLOWUP_DATE, SCORE, COMMENTS, UPDATE_TIMESTAMP, UPDATE_USER ) 
VALUES ( 1,'000000003', 1, 4, TO_DATE('2008-01-01', 'YYYY-MM-DD'), TO_DATE('2008-01-02', 'YYYY-MM-DD'), TO_DATE('2008-01-03', 'YYYY-MM-DD'), TO_DATE('2009-01-04', 'YYYY-MM-DD'), '100', null, sysdate, user ); 
INSERT INTO PERSON_TRAINING ( PERSON_TRAINING_ID,PERSON_ID, TRAINING_NUMBER, TRAINING_CODE, DATE_REQUESTED, DATE_SUBMITTED, DATE_ACKNOWLEDGED, FOLLOWUP_DATE, SCORE, COMMENTS, UPDATE_TIMESTAMP, UPDATE_USER ) 
VALUES ( 2,'000000008', 1, 2, TO_DATE('2008-01-01', 'YYYY-MM-DD'), TO_DATE('2008-02-01', 'YYYY-MM-DD'), TO_DATE('2008-02-01', 'YYYY-MM-DD'), TO_DATE('2010-01-01', 'YYYY-MM-DD'), '100', null, sysdate, user ); 
INSERT INTO PERSON_TRAINING ( PERSON_TRAINING_ID,PERSON_ID, TRAINING_NUMBER, TRAINING_CODE, DATE_REQUESTED, DATE_SUBMITTED, DATE_ACKNOWLEDGED, FOLLOWUP_DATE, SCORE, COMMENTS, UPDATE_TIMESTAMP, UPDATE_USER ) 
VALUES ( 3,'000000003', 2, 7,  TO_DATE('2008-01-01', 'YYYY-MM-DD'), TO_DATE('2008-02-01', 'YYYY-MM-DD'), TO_DATE('2008-02-01', 'YYYY-MM-DD'), TO_DATE('2010-01-01', 'YYYY-MM-DD'), '95', null, sysdate, user ); 
INSERT INTO PERSON_TRAINING ( PERSON_TRAINING_ID,PERSON_ID, TRAINING_NUMBER, TRAINING_CODE, DATE_REQUESTED, DATE_SUBMITTED, DATE_ACKNOWLEDGED, FOLLOWUP_DATE, SCORE, COMMENTS, UPDATE_TIMESTAMP, UPDATE_USER ) 
VALUES ( 4,'000000008', 2, 2,  TO_DATE('2008-01-01', 'YYYY-MM-DD'), TO_DATE('2008-02-01', 'YYYY-MM-DD'), TO_DATE('2008-02-01', 'YYYY-MM-DD'), TO_DATE('2010-01-01', 'YYYY-MM-DD'), null, null, sysdate, user ); 
INSERT INTO PERSON_TRAINING ( PERSON_TRAINING_ID,PERSON_ID, TRAINING_NUMBER, TRAINING_CODE, DATE_REQUESTED, DATE_SUBMITTED, DATE_ACKNOWLEDGED, FOLLOWUP_DATE, SCORE, COMMENTS, UPDATE_TIMESTAMP, UPDATE_USER ) 
VALUES ( 5,'000000003', 3, 3,  TO_DATE('2008-01-01', 'YYYY-MM-DD'), TO_DATE('2008-02-01', 'YYYY-MM-DD'), TO_DATE('2008-02-01', 'YYYY-MM-DD'), TO_DATE('2010-01-01', 'YYYY-MM-DD'), null, null, sysdate, user ); 

commit;

INSERT INTO KRIM_GRP_MBR_T (GRP_ID,GRP_MBR_ID,LAST_UPDT_DT,MBR_ID,MBR_TYP_CD,OBJ_ID,VER_NBR) 
  VALUES ('1','1186',TO_DATE( '20081208124957', 'YYYYMMDDHH24MISS' ),'quickstart','P',sys_guid(),1);
  
commit;

INSERT INTO GROUP_TYPES ( GROUP_TYPE_CODE, GROUP_NAME, UPDATE_TIMESTAMP, UPDATE_USER ) 
VALUES ( 1, 'IRB', sysdate, user ); 
INSERT INTO GROUP_TYPES ( GROUP_TYPE_CODE, GROUP_NAME, UPDATE_TIMESTAMP, UPDATE_USER ) 
VALUES ( 2, 'Proposal', sysdate, user ); 
INSERT INTO GROUP_TYPES ( GROUP_TYPE_CODE, GROUP_NAME, UPDATE_TIMESTAMP, UPDATE_USER ) 
VALUES ( 3, 'Others', sysdate, user );

COMMIT;

