<?xml version="1.0" encoding="UTF-8"?>
<data xmlns="ns:workflow" xmlns:xsi="http://www.w3.org/2001/XMLSchema-instance" xsi:schemaLocation="ns:workflow resource:WorkflowData">
    <documentTypes xmlns="ns:workflow/DocumentType" xsi:schemaLocation="ns:workflow/DocumentType resource:DocumentType">
        <documentType>
            <name>FinEntitiesDataGroupMaintenanceDocument</name>
            <description>Create a Fin Entity Data Group</description>
            <label>Financial Entity Data Group Maintenance Document</label>
            <parent>KcMiscellaneousMaintenanceDocument</parent>
        </documentType>
    </documentTypes>    
</data>