<?xml version="1.0" encoding="UTF-8"?>
<data xmlns="ns:workflow" xmlns:xsi="http://www.w3.org/2001/XMLSchema-instance" xsi:schemaLocation="ns:workflow resource:WorkflowData">
    <documentTypes xmlns="ns:workflow/DocumentType" xsi:schemaLocation="ns:workflow/DocumentType resource:DocumentType">
        <documentType>
            <name>FinIntEntityRelTypeMaintenanceDocument</name>
            <description>Create a Fin Int Entity relationship type</description>
            <label>Financial Interest Entity Relationship Type Maintenance Document</label>
            <parent>KcMiscellaneousMaintenanceDocument</parent>
        </documentType>
    </documentTypes>    
</data>