<?xml version="1.0" encoding="UTF-8"?>
<data xmlns="ns:workflow" xmlns:xsi="http://www.w3.org/2001/XMLSchema-instance"
	xsi:schemaLocation="ns:workflow resource:WorkflowData">
	<documentTypes xmlns="ns:workflow/DocumentType"
		xsi:schemaLocation="ns:workflow/DocumentType resource:DocumentType">
		<documentType>
			<name>AwardBudgetDocument</name>
			<description>Create an Award Budget</description>
			<label>Award Budget Document</label>
			<parent>KC</parent>
			<postProcessorName>org.kuali.rice.kns.workflow.postprocessor.KualiPostProcessor</postProcessorName>
			<superUserWorkgroupName>KC-WKFLW:KcAdmin</superUserWorkgroupName>
			<blanketApproveWorkgroupName>KC-WKFLW:KcAdmin</blanketApproveWorkgroupName>
			<defaultExceptionWorkgroupName>KC-WKFLW:KcAdmin</defaultExceptionWorkgroupName>
			<docHandler>${kuali.docHandler.url.prefix}/awardBudgetVersions.do?methodToCall=docHandler</docHandler>
			<active>true</active>
			<policies>
              <policy>
                    <name>DOCUMENT_STATUS_POLICY</name>
                    <stringValue>app</stringValue>
              </policy>
				<policy>
					<name>DEFAULT_APPROVE</name>
					<value>false</value>
				</policy>
            </policies>
			<routePaths>
				<routePath>
					<start name="Initiated" nextNode="AwardBudgetOSPApproval"/><!--
					<requests name="AwardBudgetInitialApproval" nextNode="AwardBudgetOSPApproval"/>
					--><requests name="AwardBudgetOSPApproval"/>
				</routePath>
			</routePaths>
			<routeNodes>
				<start name="Initiated">
					<activationType>S</activationType>
				</start><!--
				<role name="AwardBudgetInitialApproval">
					<qualifierResolverClass>org.kuali.rice.kew.role.NullQualifierResolver</qualifierResolverClass>
                    <activationType>S</activationType>
	            </role>
				--><role name="AwardBudgetOSPApproval">
					<qualifierResolverClass>org.kuali.rice.kew.role.NullQualifierResolver</qualifierResolverClass>
                    <activationType>S</activationType>
                    <finalApproval>true</finalApproval>
	            </role>
			</routeNodes>
		</documentType>
	</documentTypes>
</data>