<?xml version="1.0" encoding="UTF-8"?>
<data xmlns="ns:workflow" xmlns:xsi="http://www.w3.org/2001/XMLSchema-instance" xsi:schemaLocation="ns:workflow resource:WorkflowData">
<documentTypes xmlns="ns:workflow/DocumentType" xsi:schemaLocation="ns:workflow/DocumentType resource:DocumentType">
<documentType>
<name>BudgetDocument</name>
<description>Create a Budget</description>
<label>Budget Document</label>
<parent>KC</parent>
<postProcessorName>org.kuali.rice.kns.workflow.postprocessor.KualiPostProcessor</postProcessorName>
<superUserWorkgroupName>KC-WKFLW:KcAdmin</superUserWorkgroupName>
<blanketApproveWorkgroupName>KC-WKFLW:KcAdmin</blanketApproveWorkgroupName>
<defaultExceptionWorkgroupName>KC-WKFLW:KcAdmin</defaultExceptionWorkgroupName>
<docHandler>${kuali.docHandler.url.prefix}/budgetVersions.do?methodToCall=docHandler</docHandler>
<helpDefinitionURL>default.htm?turl=Documents/budgetdocument.htm</helpDefinitionURL>
<active>true</active>
<routePaths>
<routePath>
<start name="Initiated" />
</routePath>
</routePaths>
<routeNodes>
<start name="Initiated">
<activationType>P</activationType>
<mandatoryRoute>false</mandatoryRoute>
<finalApproval>false</finalApproval>
</start>
</routeNodes>
</documentType>
</documentTypes>
</data>