<?xml version="1.0" encoding="UTF-8"?>
<data xmlns="ns:workflow" xmlns:xsi="http://www.w3.org/2001/XMLSchema-instance" xsi:schemaLocation="ns:workflow resource:WorkflowData">
    <documentTypes xmlns="ns:workflow/DocumentType" xsi:schemaLocation="ns:workflow/DocumentType resource:DocumentType">
        <documentType>
            <name>QuestionnaireMaintenanceDocument</name>
            <parent>KcSharedMaintenanceDocument</parent>
            <description>Create/Edit a Questionnaire</description>
            <label>Questionnaire</label>
            <docHandler>${kuali.docHandler.url.prefix}/maintenanceQn.do?methodToCall=docHandler</docHandler>
			<helpDefinitionURL>default.htm?turl=Documents/questionnaire1.htm</helpDefinitionURL>
        </documentType>
    </documentTypes>
</data>