insert into KIM_NAMESPACES_T (ID,NAME,DESCRIPTION) values(1,'KIM','KIM Namespace');
insert into KIM_NAMESPACES_T (ID,NAME,DESCRIPTION) values(2,'KRA','KRA Namespace');

insert into KIM_PERMISSIONS_T (ID,NAME,DESCRIPTION,NAMESPACE_ID) values(1,'CREATE_PROPOSAL','Create Proposal Development Document', 2);
insert into KIM_PERMISSIONS_T (ID,NAME,DESCRIPTION,NAMESPACE_ID) values(2,'MODIFY_PROPOSAL','Modify Proposal Development Document', 2);
insert into KIM_PERMISSIONS_T (ID,NAME,DESCRIPTION,NAMESPACE_ID) values(3,'VIEW_PROPOSAL','View Proposal Development Document', 2);
insert into KIM_PERMISSIONS_T (ID,NAME,DESCRIPTION,NAMESPACE_ID) values(4,'MODIFY_NARRATIVE','Create/Modify Proposal Narrative', 2);
insert into KIM_PERMISSIONS_T (ID,NAME,DESCRIPTION,NAMESPACE_ID) values(5,'VIEW_NARRATIVE','View Proposal Narrative', 2);
insert into KIM_PERMISSIONS_T (ID,NAME,DESCRIPTION,NAMESPACE_ID) values(6,'MODIFY_BUDGET','Create/Modify Proposal Budget', 2);
insert into KIM_PERMISSIONS_T (ID,NAME,DESCRIPTION,NAMESPACE_ID) values(7,'VIEW_BUDGET','View Proposal Budget', 2);
insert into KIM_PERMISSIONS_T (ID,NAME,DESCRIPTION,NAMESPACE_ID) values(8,'MAINTAIN_PROPOSAL_ACCESS','Assign Users to Proposal Roles', 2);
insert into KIM_PERMISSIONS_T (ID,NAME,DESCRIPTION,NAMESPACE_ID) values(9,'ALTER_PROPOSAL_DATA','Change proposal master data once the proposal is locked', 2);
insert into KIM_PERMISSIONS_T (ID,NAME,DESCRIPTION,NAMESPACE_ID) values(10,'PRINT_PROPOSAL','Print proposal on a sponsor specific path', 2);
insert into KIM_PERMISSIONS_T (ID,NAME,DESCRIPTION,NAMESPACE_ID) values(11,'CERTIFY','Certify', 2);
insert into KIM_PERMISSIONS_T (ID,NAME,DESCRIPTION,NAMESPACE_ID) values(12,'SUBMIT_TO_SPONSOR','Submit a Proposal to Grants.gov', 2);
insert into KIM_PERMISSIONS_T (ID,NAME,DESCRIPTION,NAMESPACE_ID) values(13,'SUBMIT_PROPOSAL','Submit a Proposal for approval', 2);
insert into KIM_PERMISSIONS_T (ID,NAME,DESCRIPTION,NAMESPACE_ID) values(14,'CREATE_PROTOCOL','Create Protocol Document', 2);
insert into KIM_PERMISSIONS_T (ID,NAME,DESCRIPTION,NAMESPACE_ID) values(15,'MODIFY_PROTOCOL','Modify Protocol Document', 2);
insert into KIM_PERMISSIONS_T (ID,NAME,DESCRIPTION,NAMESPACE_ID) values(16,'VIEW_PROTOCOL','View Protocol Document', 2);
insert into KIM_PERMISSIONS_T (ID,NAME,DESCRIPTION,NAMESPACE_ID) values(17,'MAINTAIN_PROTOCOL_ACCESS','Assign Users to Protocol Roles', 2);
insert into KIM_PERMISSIONS_T (ID,NAME,DESCRIPTION,NAMESPACE_ID) values(18,'ADD_PROTOCOL_NOTES','Add Protocol Notes', 2);
insert into KIM_PERMISSIONS_T (ID,NAME,DESCRIPTION,NAMESPACE_ID) values(19,'CREATE_AMMENDMENT','Create a new ammendment for a protocol', 2);
insert into KIM_PERMISSIONS_T (ID,NAME,DESCRIPTION,NAMESPACE_ID) values(20,'CREATE_RENEWAL','Create a new renewal for a protocol', 2);
insert into KIM_PERMISSIONS_T (ID,NAME,DESCRIPTION,NAMESPACE_ID) values(21,'MAINTAIN_PROTOCOL_RELATED_PROJ','Maintain protocol links to awards and proposals', 2);
insert into KIM_PERMISSIONS_T (ID,NAME,DESCRIPTION,NAMESPACE_ID) values(22,'EDIT_PROTOCOL_BILLABLE','Edit Billable field', 2);
insert into KIM_PERMISSIONS_T (ID,NAME,DESCRIPTION,NAMESPACE_ID) values(23,'ADD_COMMITTEE','Add new committees in a unit', 2);
insert into KIM_PERMISSIONS_T (ID,NAME,DESCRIPTION,NAMESPACE_ID) values(24,'ADMINSTRATIVE_CORRECTION','Perform Administrative Corrections on Protocols', 2);
insert into KIM_PERMISSIONS_T (ID,NAME,DESCRIPTION,NAMESPACE_ID) values(25,'GENERATE_AGENDA','Generate Agenda', 2);
insert into KIM_PERMISSIONS_T (ID,NAME,DESCRIPTION,NAMESPACE_ID) values(26,'GENERATE_MINUTES','Generate Minutes', 2);
insert into KIM_PERMISSIONS_T (ID,NAME,DESCRIPTION,NAMESPACE_ID) values(27,'GENERATE_SCHEDULE','Generate Schedule', 2);
insert into KIM_PERMISSIONS_T (ID,NAME,DESCRIPTION,NAMESPACE_ID) values(28,'MAINTAIN_IRB_CORRESP_TEMPLATE','Maintain correspondence templates for committees in a unit', 2);
insert into KIM_PERMISSIONS_T (ID,NAME,DESCRIPTION,NAMESPACE_ID) values(29,'MAINTAIN_MEMBERSHIPS','Maintain membership details in committees in a unit', 2);
insert into KIM_PERMISSIONS_T (ID,NAME,DESCRIPTION,NAMESPACE_ID) values(30,'MAINTAIN_MINUTES','Add/modify/delete minute entries in any schedule for committees in a unit', 2);
insert into KIM_PERMISSIONS_T (ID,NAME,DESCRIPTION,NAMESPACE_ID) values(31,'MAINTAIN_PROTOCOL_SUBMISSIONS','Modify Protocol Submission details', 2);
insert into KIM_PERMISSIONS_T (ID,NAME,DESCRIPTION,NAMESPACE_ID) values(32,'MAINTAIN_PROTO_REVIEW_COMMENTS','Maintain Protocol Review Comments', 2);
insert into KIM_PERMISSIONS_T (ID,NAME,DESCRIPTION,NAMESPACE_ID) values(33,'MODIFY_COMMITTEE','Modify existing committees in a unit', 2);
insert into KIM_PERMISSIONS_T (ID,NAME,DESCRIPTION,NAMESPACE_ID) values(34,'MODIFY_SCHEDULE','Modify schedule details for committees in a unit', 2);
insert into KIM_PERMISSIONS_T (ID,NAME,DESCRIPTION,NAMESPACE_ID) values(35,'PERFORM_IRB_ACTIONS_ON_PROTO','Perform any IRB action on a protocol submitted to a committee', 2);
insert into KIM_PERMISSIONS_T (ID,NAME,DESCRIPTION,NAMESPACE_ID) values(36,'VIEW_RESTRICTED_NOTES','View Restricted Notes in Protocols', 2);
insert into KIM_PERMISSIONS_T (ID,NAME,DESCRIPTION,NAMESPACE_ID) values(37,'VIEW_AGENDA','View Agenda', 2);
insert into KIM_PERMISSIONS_T (ID,NAME,DESCRIPTION,NAMESPACE_ID) values(38,'VIEW_COMMITTEE','View all committees in a unit', 2);
insert into KIM_PERMISSIONS_T (ID,NAME,DESCRIPTION,NAMESPACE_ID) values(39,'VIEW_MEMBER_DETAILS','View membership details for a member in a committee', 2);
insert into KIM_PERMISSIONS_T (ID,NAME,DESCRIPTION,NAMESPACE_ID) values(40,'VIEW_MINUTES','View Minutes', 2);
insert into KIM_PERMISSIONS_T (ID,NAME,DESCRIPTION,NAMESPACE_ID) values(41,'VIEW_SCHEDULE','View schedule details of committees in a unit', 2);
Insert into KIM_PERMISSIONS_T (ID,NAME,DESCRIPTION,NAMESPACE_ID) values (43,'VIEW_ANY_PROPOSAL','View Any Proposal',2);
Insert into KIM_PERMISSIONS_T (ID,NAME,DESCRIPTION,NAMESPACE_ID) values (44,'APPROVE_AWARD_BUDGET','Approve Award Budget',2);
Insert into KIM_PERMISSIONS_T (ID,NAME,DESCRIPTION,NAMESPACE_ID) values (45,'CREATE_AWARD_BUDGET','Create Award Budget',2);
Insert into KIM_PERMISSIONS_T (ID,NAME,DESCRIPTION,NAMESPACE_ID) values (46,'MAINTAIN_AWARD_BUDGET_ROUTING','Maintain Award Budget Routing',2);
Insert into KIM_PERMISSIONS_T (ID,NAME,DESCRIPTION,NAMESPACE_ID) values (47,'POST_AWARD_BUDGET','Post Award Budget',2);
Insert into KIM_PERMISSIONS_T (ID,NAME,DESCRIPTION,NAMESPACE_ID) values (48,'SUBMIT_ANY_AWARD_BUDGET','Submit Any Award Budget',2);
Insert into KIM_PERMISSIONS_T (ID,NAME,DESCRIPTION,NAMESPACE_ID) values (49,'CREATE_AWARD','Create Award',2);
Insert into KIM_PERMISSIONS_T (ID,NAME,DESCRIPTION,NAMESPACE_ID) values (50,'MAINTAIN_REPORTING_REQUIREMENTS','Maintain Reporting Requirements',2);
Insert into KIM_PERMISSIONS_T (ID,NAME,DESCRIPTION,NAMESPACE_ID) values (51,'MODIFY_AWARD','Modify Award',2);
Insert into KIM_PERMISSIONS_T (ID,NAME,DESCRIPTION,NAMESPACE_ID) values (52,'VIEW_AWARD','View Award',2);
Insert into KIM_PERMISSIONS_T (ID,NAME,DESCRIPTION,NAMESPACE_ID) values (53,'MAINTAIN_NOTEPAD_ENTRIES','Maintain Notepad Entries',2);
Insert into KIM_PERMISSIONS_T (ID,NAME,DESCRIPTION,NAMESPACE_ID) values (54,'MODIFY_AWARD_BUDGET','Modify Award Budget',2);
Insert into KIM_PERMISSIONS_T (ID,NAME,DESCRIPTION,NAMESPACE_ID) values (55,'SUBMIT_AWARD_BUDGET','Submit Award Budget',2);
Insert into KIM_PERMISSIONS_T (ID,NAME,DESCRIPTION,NAMESPACE_ID) values (56,'VIEW_AWARD_BUDGET','View Award Budget',2);
Insert into KIM_PERMISSIONS_T (ID,NAME,DESCRIPTION,NAMESPACE_ID) values (57,'MAINTAIN_AWARD_DOCUMENTS','Maintain Award Documents',2);
Insert into KIM_PERMISSIONS_T (ID,NAME,DESCRIPTION,NAMESPACE_ID) values (58,'VIEW_AWARD_DOCUMENTS','View Award Documents',2);
Insert into KIM_PERMISSIONS_T (ID,NAME,DESCRIPTION,NAMESPACE_ID) values (59,'VIEW_AWARDS_AT_UNIT','View Award At Unit',2);
Insert into KIM_PERMISSIONS_T (ID,NAME,DESCRIPTION,NAMESPACE_ID) values (60,'VIEW_AWARD_TEMPLATE','View Award Template',2);
Insert into KIM_PERMISSIONS_T (ID,NAME,DESCRIPTION,NAMESPACE_ID) values (61,'SUBMIT_PROTOCOL','Submit a Protocol to IRB for review',2);
Insert into KIM_PERMISSIONS_T (ID,NAME,DESCRIPTION,NAMESPACE_ID) values (62,'ADD_PROPOSAL_VIEWER','Assign User to Proposal Viewer Role',2);

insert into KIM_ROLE_TYPE_T (ROLE_TYPE_CODE, DESCRIPTION) values ('P', 'Proposal');
insert into KIM_ROLE_TYPE_T (ROLE_TYPE_CODE, DESCRIPTION) values ('O', 'OSP');
insert into KIM_ROLE_TYPE_T (ROLE_TYPE_CODE, DESCRIPTION) values ('D', 'Department');
insert into KIM_ROLE_TYPE_T (ROLE_TYPE_CODE, DESCRIPTION) values ('R', 'Protocol');
INSERT INTO KIM_ROLE_TYPE_T (ROLE_TYPE_CODE, DESCRIPTION) VALUES ('A', 'AWARD');

insert into KIM_ROLES_T (ID,NAME,DESCRIPTION, ROLE_TYPE_CODE, DESCEND_FLAG) values(1,'Proposal Creator','Proposal Creator', 'D', 'N');
insert into KIM_ROLES_T (ID,NAME,DESCRIPTION, ROLE_TYPE_CODE, DESCEND_FLAG) values(2,'Aggregator','Proposal Aggregator', 'P', 'N');
insert into KIM_ROLES_T (ID,NAME,DESCRIPTION, ROLE_TYPE_CODE, DESCEND_FLAG) values(3,'Narrative Writer','Proposal Narrative Writer', 'P', 'N');
insert into KIM_ROLES_T (ID,NAME,DESCRIPTION, ROLE_TYPE_CODE, DESCEND_FLAG) values(4,'Budget Creator','Proposal Budget Creator', 'P', 'N');
insert into KIM_ROLES_T (ID,NAME,DESCRIPTION, ROLE_TYPE_CODE, DESCEND_FLAG) values(5,'Viewer','Proposal Viewer', 'P', 'N');
insert into KIM_ROLES_T (ID,NAME,DESCRIPTION, ROLE_TYPE_CODE, DESCEND_FLAG) values(6,'unassigned','Unassigned - no permissions', 'P', 'N');
insert into KIM_ROLES_T (ID,NAME,DESCRIPTION, ROLE_TYPE_CODE, DESCEND_FLAG) values(7,'OSP Administrator','OSP Administrator', 'O', 'Y');
insert into KIM_ROLES_T (ID,NAME,DESCRIPTION, ROLE_TYPE_CODE, DESCEND_FLAG) values(8,'Proposal Submission','Proposal Submission', 'O', 'Y');
insert into KIM_ROLES_T (ID,NAME,DESCRIPTION, ROLE_TYPE_CODE, DESCEND_FLAG) values(9,'Protocol Creator','Protocol Creator', 'D', 'Y');
insert into KIM_ROLES_T (ID,NAME,DESCRIPTION, ROLE_TYPE_CODE, DESCEND_FLAG) values(10,'Protocol Aggregator','Protocol Aggregator', 'R', 'N');
insert into KIM_ROLES_T (ID,NAME,DESCRIPTION, ROLE_TYPE_CODE, DESCEND_FLAG) values(11,'Protocol Viewer','Protocol Viewer', 'R', 'N');
insert into KIM_ROLES_T (ID,NAME,DESCRIPTION, ROLE_TYPE_CODE, DESCEND_FLAG) values(12,'IRB Administrator','IRB Administrator', 'D', 'Y');
insert into KIM_ROLES_T (ID,NAME,DESCRIPTION, ROLE_TYPE_CODE, DESCEND_FLAG) values(13,'IRB Reviewer','IRB Reviewer', 'D', 'Y');
insert into KIM_ROLES_T (ID,NAME,DESCRIPTION, ROLE_TYPE_CODE, DESCEND_FLAG) values(14,'Protocol Unassigned','Protocol Unassigned - no permissions', 'R', 'N');
Insert into kim_roles_t (ID,NAME,DESCRIPTION,ROLE_TYPE_CODE,DESCEND_FLAG) values (15,'Application Administrator','Application Administrator','A','Y');
Insert into kim_roles_t (ID,NAME,DESCRIPTION,ROLE_TYPE_CODE,DESCEND_FLAG) values (16,'Award Budget Approver','Award Budget Approver','A','Y');
Insert into kim_roles_t (ID,NAME,DESCRIPTION,ROLE_TYPE_CODE,DESCEND_FLAG) values (17,'Award Budget Admnistrator','Award Budget Admnistrator','A','Y');
Insert into kim_roles_t (ID,NAME,DESCRIPTION,ROLE_TYPE_CODE,DESCEND_FLAG) values (18,'Award Modifier','Award Modifier','A','Y');
Insert into kim_roles_t (ID,NAME,DESCRIPTION,ROLE_TYPE_CODE,DESCEND_FLAG) values (20,'Award Budget Aggregator','Award Budget Aggregator','A','Y');
Insert into kim_roles_t (ID,NAME,DESCRIPTION,ROLE_TYPE_CODE,DESCEND_FLAG) values (21,'Award Budget Maintainer','Award Budget Maintainer','A','Y');
Insert into kim_roles_t (ID,NAME,DESCRIPTION,ROLE_TYPE_CODE,DESCEND_FLAG) values (22,'Award Documents Maintainer','Award Documents Maintainer','A','Y');
Insert into kim_roles_t (ID,NAME,DESCRIPTION,ROLE_TYPE_CODE,DESCEND_FLAG) values (23,'Award Budget Modifier','Award Budget Modifier','A','Y');
Insert into kim_roles_t (ID,NAME,DESCRIPTION,ROLE_TYPE_CODE,DESCEND_FLAG) values (24,'Award Viewer','Award Viewer','A','Y');
Insert into kim_roles_t (ID,NAME,DESCRIPTION,ROLE_TYPE_CODE,DESCEND_FLAG) values (25,'Award Budget Viewer','Award Budget Viewer','A','Y');
Insert into kim_roles_t (ID,NAME,DESCRIPTION,ROLE_TYPE_CODE,DESCEND_FLAG) values (26,'Award Documents Viewer','Award Documents Viewer','A','Y');
Insert into kim_roles_t (ID,NAME,DESCRIPTION,ROLE_TYPE_CODE,DESCEND_FLAG) values (27,'Departments Awards Viewer','Departments Awards Viewer','A','Y');
Insert into kim_roles_t (ID,NAME,DESCRIPTION,ROLE_TYPE_CODE,DESCEND_FLAG) values (28,'Template Viewer','Template Viewer','A','Y');
Insert into kim_roles_t (ID,NAME,DESCRIPTION,ROLE_TYPE_CODE,DESCEND_FLAG) values (29,'Award Unassigned','Award Unassigned','A','Y');
Insert into kim_roles_t (ID,NAME,DESCRIPTION,ROLE_TYPE_CODE,DESCEND_FLAG) values (30,'approver','approver','P','N');

insert into KIM_ROLES_PERMISSIONS_T (ROLE_ID,PERMISSION_ID) values(1,1);

insert into KIM_ROLES_PERMISSIONS_T (ROLE_ID,PERMISSION_ID) values(2,2);
insert into KIM_ROLES_PERMISSIONS_T (ROLE_ID,PERMISSION_ID) values(2,3);
insert into KIM_ROLES_PERMISSIONS_T (ROLE_ID,PERMISSION_ID) values(2,4);
insert into KIM_ROLES_PERMISSIONS_T (ROLE_ID,PERMISSION_ID) values(2,5);
insert into KIM_ROLES_PERMISSIONS_T (ROLE_ID,PERMISSION_ID) values(2,6);
insert into KIM_ROLES_PERMISSIONS_T (ROLE_ID,PERMISSION_ID) values(2,7);
insert into KIM_ROLES_PERMISSIONS_T (ROLE_ID,PERMISSION_ID) values(2,8);
insert into KIM_ROLES_PERMISSIONS_T (ROLE_ID,PERMISSION_ID) values(2,10);
insert into KIM_ROLES_PERMISSIONS_T (ROLE_ID,PERMISSION_ID) values(2,11);
insert into KIM_ROLES_PERMISSIONS_T (ROLE_ID,PERMISSION_ID) values(2,13);
Insert into KIM_ROLES_PERMISSIONS_T (ROLE_ID,PERMISSION_ID) values (2,62);

insert into KIM_ROLES_PERMISSIONS_T (ROLE_ID,PERMISSION_ID) values(3,2);
insert into KIM_ROLES_PERMISSIONS_T (ROLE_ID,PERMISSION_ID) values(3,3);
insert into KIM_ROLES_PERMISSIONS_T (ROLE_ID,PERMISSION_ID) values(3,4);
insert into KIM_ROLES_PERMISSIONS_T (ROLE_ID,PERMISSION_ID) values(3,5);
insert into KIM_ROLES_PERMISSIONS_T (ROLE_ID,PERMISSION_ID) values(3,7);
insert into KIM_ROLES_PERMISSIONS_T (ROLE_ID,PERMISSION_ID) values(3,10);

insert into KIM_ROLES_PERMISSIONS_T (ROLE_ID,PERMISSION_ID) values(4,2);
insert into KIM_ROLES_PERMISSIONS_T (ROLE_ID,PERMISSION_ID) values(4,3);
insert into KIM_ROLES_PERMISSIONS_T (ROLE_ID,PERMISSION_ID) values(4,5);
insert into KIM_ROLES_PERMISSIONS_T (ROLE_ID,PERMISSION_ID) values(4,6);
insert into KIM_ROLES_PERMISSIONS_T (ROLE_ID,PERMISSION_ID) values(4,7);
insert into KIM_ROLES_PERMISSIONS_T (ROLE_ID,PERMISSION_ID) values(4,10);

insert into KIM_ROLES_PERMISSIONS_T (ROLE_ID,PERMISSION_ID) values(5,3);
insert into KIM_ROLES_PERMISSIONS_T (ROLE_ID,PERMISSION_ID) values(5,5);
insert into KIM_ROLES_PERMISSIONS_T (ROLE_ID,PERMISSION_ID) values(5,7);
insert into KIM_ROLES_PERMISSIONS_T (ROLE_ID,PERMISSION_ID) values(5,10);

insert into KIM_ROLES_PERMISSIONS_T (ROLE_ID,PERMISSION_ID) values(7,3);
insert into KIM_ROLES_PERMISSIONS_T (ROLE_ID,PERMISSION_ID) values(7,9);
insert into KIM_ROLES_PERMISSIONS_T (ROLE_ID,PERMISSION_ID) values(7,5);
insert into KIM_ROLES_PERMISSIONS_T (ROLE_ID,PERMISSION_ID) values(7,7);
Insert into KIM_ROLES_PERMISSIONS_T (ROLE_ID,PERMISSION_ID) values (7,62);

insert into KIM_ROLES_PERMISSIONS_T (ROLE_ID,PERMISSION_ID) values(8,3);
insert into KIM_ROLES_PERMISSIONS_T (ROLE_ID,PERMISSION_ID) values(8,5);
insert into KIM_ROLES_PERMISSIONS_T (ROLE_ID,PERMISSION_ID) values(8,7);
insert into KIM_ROLES_PERMISSIONS_T (ROLE_ID,PERMISSION_ID) values(8,9);
insert into KIM_ROLES_PERMISSIONS_T (ROLE_ID,PERMISSION_ID) values(8,10);
insert into KIM_ROLES_PERMISSIONS_T (ROLE_ID,PERMISSION_ID) values(8,12);

insert into KIM_ROLES_PERMISSIONS_T (ROLE_ID,PERMISSION_ID) values(9,14);

insert into KIM_ROLES_PERMISSIONS_T (ROLE_ID,PERMISSION_ID) values(10,15);
insert into KIM_ROLES_PERMISSIONS_T (ROLE_ID,PERMISSION_ID) values(10,16);
insert into KIM_ROLES_PERMISSIONS_T (ROLE_ID,PERMISSION_ID) values(10,17);
insert into KIM_ROLES_PERMISSIONS_T (ROLE_ID,PERMISSION_ID) values(10,18);
insert into KIM_ROLES_PERMISSIONS_T (ROLE_ID,PERMISSION_ID) values(10,19);
insert into KIM_ROLES_PERMISSIONS_T (ROLE_ID,PERMISSION_ID) values(10,20);
insert into KIM_ROLES_PERMISSIONS_T (ROLE_ID,PERMISSION_ID) values(10,21);
Insert into KIM_ROLES_PERMISSIONS_T (ROLE_ID,PERMISSION_ID) values (10,61);

insert into KIM_ROLES_PERMISSIONS_T (ROLE_ID,PERMISSION_ID) values(11,16);

insert into KIM_ROLES_PERMISSIONS_T (ROLE_ID,PERMISSION_ID) values(12,22);
insert into KIM_ROLES_PERMISSIONS_T (ROLE_ID,PERMISSION_ID) values(12,23);
insert into KIM_ROLES_PERMISSIONS_T (ROLE_ID,PERMISSION_ID) values(12,24);
insert into KIM_ROLES_PERMISSIONS_T (ROLE_ID,PERMISSION_ID) values(12,25);
insert into KIM_ROLES_PERMISSIONS_T (ROLE_ID,PERMISSION_ID) values(12,26);
insert into KIM_ROLES_PERMISSIONS_T (ROLE_ID,PERMISSION_ID) values(12,27);
insert into KIM_ROLES_PERMISSIONS_T (ROLE_ID,PERMISSION_ID) values(12,28);
insert into KIM_ROLES_PERMISSIONS_T (ROLE_ID,PERMISSION_ID) values(12,29);
insert into KIM_ROLES_PERMISSIONS_T (ROLE_ID,PERMISSION_ID) values(12,30);
insert into KIM_ROLES_PERMISSIONS_T (ROLE_ID,PERMISSION_ID) values(12,31);
insert into KIM_ROLES_PERMISSIONS_T (ROLE_ID,PERMISSION_ID) values(12,32);
insert into KIM_ROLES_PERMISSIONS_T (ROLE_ID,PERMISSION_ID) values(12,33);
insert into KIM_ROLES_PERMISSIONS_T (ROLE_ID,PERMISSION_ID) values(12,34);
insert into KIM_ROLES_PERMISSIONS_T (ROLE_ID,PERMISSION_ID) values(12,35);
insert into KIM_ROLES_PERMISSIONS_T (ROLE_ID,PERMISSION_ID) values(12,36);
insert into KIM_ROLES_PERMISSIONS_T (ROLE_ID,PERMISSION_ID) values(12,37);
insert into KIM_ROLES_PERMISSIONS_T (ROLE_ID,PERMISSION_ID) values(12,38);
insert into KIM_ROLES_PERMISSIONS_T (ROLE_ID,PERMISSION_ID) values(12,39);
insert into KIM_ROLES_PERMISSIONS_T (ROLE_ID,PERMISSION_ID) values(12,40);
insert into KIM_ROLES_PERMISSIONS_T (ROLE_ID,PERMISSION_ID) values(12,41);

insert into KIM_ROLES_PERMISSIONS_T (ROLE_ID,PERMISSION_ID) values(13,37);
insert into KIM_ROLES_PERMISSIONS_T (ROLE_ID,PERMISSION_ID) values(13,38);
insert into KIM_ROLES_PERMISSIONS_T (ROLE_ID,PERMISSION_ID) values(13,39);
insert into KIM_ROLES_PERMISSIONS_T (ROLE_ID,PERMISSION_ID) values(13,40);
insert into KIM_ROLES_PERMISSIONS_T (ROLE_ID,PERMISSION_ID) values(13,41);

INSERT INTO KIM_ROLES_PERMISSIONS_T (ROLE_ID,PERMISSION_ID) VALUES(15, 42);
INSERT INTO KIM_ROLES_PERMISSIONS_T (ROLE_ID,PERMISSION_ID) VALUES(15, 43);
INSERT INTO KIM_ROLES_PERMISSIONS_T (ROLE_ID,PERMISSION_ID) VALUES(15, 44);

INSERT INTO KIM_ROLES_PERMISSIONS_T (ROLE_ID,PERMISSION_ID) VALUES(16, 42);
INSERT INTO KIM_ROLES_PERMISSIONS_T (ROLE_ID,PERMISSION_ID) VALUES(16, 43);
INSERT INTO KIM_ROLES_PERMISSIONS_T (ROLE_ID,PERMISSION_ID) VALUES(16, 44);

INSERT INTO KIM_ROLES_PERMISSIONS_T (ROLE_ID,PERMISSION_ID) VALUES(17, 43);
INSERT INTO KIM_ROLES_PERMISSIONS_T (ROLE_ID,PERMISSION_ID) VALUES(17, 44);
Insert into KIM_ROLES_PERMISSIONS_T (ROLE_ID,PERMISSION_ID) values (17,45);
Insert into KIM_ROLES_PERMISSIONS_T (ROLE_ID,PERMISSION_ID) values (17,46);
Insert into KIM_ROLES_PERMISSIONS_T (ROLE_ID,PERMISSION_ID) values (17,47);
Insert into KIM_ROLES_PERMISSIONS_T (ROLE_ID,PERMISSION_ID) values (17,48);

INSERT INTO KIM_ROLES_PERMISSIONS_T (ROLE_ID,PERMISSION_ID) VALUES(18, 44);
Insert into KIM_ROLES_PERMISSIONS_T (ROLE_ID,PERMISSION_ID) values (18,49);
Insert into KIM_ROLES_PERMISSIONS_T (ROLE_ID,PERMISSION_ID) values (18,50);
Insert into KIM_ROLES_PERMISSIONS_T (ROLE_ID,PERMISSION_ID) values (18,51);
Insert into KIM_ROLES_PERMISSIONS_T (ROLE_ID,PERMISSION_ID) values (18,52);

Insert into KIM_ROLES_PERMISSIONS_T (ROLE_ID,PERMISSION_ID) values (20,54);
Insert into KIM_ROLES_PERMISSIONS_T (ROLE_ID,PERMISSION_ID) values (20,55);

Insert into KIM_ROLES_PERMISSIONS_T (ROLE_ID,PERMISSION_ID) values (21,54);
Insert into KIM_ROLES_PERMISSIONS_T (ROLE_ID,PERMISSION_ID) values (21,55);
Insert into KIM_ROLES_PERMISSIONS_T (ROLE_ID,PERMISSION_ID) values (21,56);

Insert into KIM_ROLES_PERMISSIONS_T (ROLE_ID,PERMISSION_ID) values (22,57);

Insert into KIM_ROLES_PERMISSIONS_T (ROLE_ID,PERMISSION_ID) values (23,54);

Insert into KIM_ROLES_PERMISSIONS_T (ROLE_ID,PERMISSION_ID) values (24,52);

Insert into KIM_ROLES_PERMISSIONS_T (ROLE_ID,PERMISSION_ID) values (25,56);

Insert into KIM_ROLES_PERMISSIONS_T (ROLE_ID,PERMISSION_ID) values (26,58);

Insert into KIM_ROLES_PERMISSIONS_T (ROLE_ID,PERMISSION_ID) values (27,59);

Insert into KIM_ROLES_PERMISSIONS_T (ROLE_ID,PERMISSION_ID) values (28,60);
