--
-- Kuali Coeus, a comprehensive research administration system for higher education.
-- 
-- Copyright 2005-2015 Kuali, Inc.
-- 
-- This program is free software: you can redistribute it and/or modify
-- it under the terms of the GNU Affero General Public License as
-- published by the Free Software Foundation, either version 3 of the
-- License, or (at your option) any later version.
-- 
-- This program is distributed in the hope that it will be useful,
-- but WITHOUT ANY WARRANTY; without even the implied warranty of
-- MERCHANTABILITY or FITNESS FOR A PARTICULAR PURPOSE.  See the
-- GNU Affero General Public License for more details.
-- 
-- You should have received a copy of the GNU Affero General Public License
-- along with this program.  If not, see <http://www.gnu.org/licenses/>.
--

DELIMITER /
Insert into ARG_VALUE_LOOKUP
(ARG_VALUE_LOOKUP_ID,ARGUMENT_NAME,VALUE,DESCRIPTION,UPDATE_TIMESTAMP,UPDATE_USER,VER_NBR,OBJ_ID)
Values
(1000,'GG Form','PHS398 Modular Budget V1-2',null,NOW(), 'admin',1,UUID())
/
delete from ARG_VALUE_LOOKUP
where ARGUMENT_NAME in ('Fiscal_Year', 'PROPOSAL_SUPPORT_lIST', 'Agency_US GOV', 'STATE_EO_12372')
/
Insert into ARG_VALUE_LOOKUP
(ARG_VALUE_LOOKUP_ID,ARGUMENT_NAME,VALUE,DESCRIPTION,UPDATE_TIMESTAMP,UPDATE_USER,VER_NBR,OBJ_ID)
Values
(1001,'Fiscal_Year', '2010', '2010', NOW(), 'admin',1,UUID())
/
Insert into ARG_VALUE_LOOKUP
(ARG_VALUE_LOOKUP_ID,ARGUMENT_NAME,VALUE,DESCRIPTION,UPDATE_TIMESTAMP,UPDATE_USER,VER_NBR,OBJ_ID)
Values
(1002,'Fiscal_Year', '2011', '2011', NOW(), 'admin',1,UUID())
/
Insert into ARG_VALUE_LOOKUP
(ARG_VALUE_LOOKUP_ID,ARGUMENT_NAME,VALUE,DESCRIPTION,UPDATE_TIMESTAMP,UPDATE_USER,VER_NBR,OBJ_ID)
Values
(1003,'Fiscal_Year', '2012', '2012', NOW(), 'admin',1,UUID())
/
Insert into ARG_VALUE_LOOKUP
(ARG_VALUE_LOOKUP_ID,ARGUMENT_NAME,VALUE,DESCRIPTION,UPDATE_TIMESTAMP,UPDATE_USER,VER_NBR,OBJ_ID)
Values
(1004,'Fiscal_Year', '2013', '2013', NOW(), 'admin',1,UUID())
/
Insert into ARG_VALUE_LOOKUP
(ARG_VALUE_LOOKUP_ID,ARGUMENT_NAME,VALUE,DESCRIPTION,UPDATE_TIMESTAMP,UPDATE_USER,VER_NBR,OBJ_ID)
Values
(1005,'Fiscal_Year', '2014', '2014', NOW(), 'admin',1,UUID())
/
Insert into ARG_VALUE_LOOKUP
(ARG_VALUE_LOOKUP_ID,ARGUMENT_NAME,VALUE,DESCRIPTION,UPDATE_TIMESTAMP,UPDATE_USER,VER_NBR,OBJ_ID)
Values
(1006,'Fiscal_Year', '2015', '2015', NOW(), 'admin',1,UUID())
/
Insert into ARG_VALUE_LOOKUP
(ARG_VALUE_LOOKUP_ID,ARGUMENT_NAME,VALUE,DESCRIPTION,UPDATE_TIMESTAMP,UPDATE_USER,VER_NBR,OBJ_ID)
Values
(1007,'Fiscal_Year', '2016', '2016', NOW(), 'admin',1,UUID())
/
Insert into ARG_VALUE_LOOKUP
(ARG_VALUE_LOOKUP_ID,ARGUMENT_NAME,VALUE,DESCRIPTION,UPDATE_TIMESTAMP,UPDATE_USER,VER_NBR,OBJ_ID)
Values
(1008,'Fiscal_Year', '2017', '2017', NOW(), 'admin',1,UUID())
/
Insert into ARG_VALUE_LOOKUP
(ARG_VALUE_LOOKUP_ID,ARGUMENT_NAME,VALUE,DESCRIPTION,UPDATE_TIMESTAMP,UPDATE_USER,VER_NBR,OBJ_ID)
Values
(1009,'Fiscal_Year', '2018', '2018', NOW(), 'admin',1,UUID())
/
Insert into ARG_VALUE_LOOKUP
(ARG_VALUE_LOOKUP_ID,ARGUMENT_NAME,VALUE,DESCRIPTION,UPDATE_TIMESTAMP,UPDATE_USER,VER_NBR,OBJ_ID)
Values
(1010,'Fiscal_Year', '2019', '2019', NOW(), 'admin',1,UUID())
/
Insert into ARG_VALUE_LOOKUP
(ARG_VALUE_LOOKUP_ID,ARGUMENT_NAME,VALUE,DESCRIPTION,UPDATE_TIMESTAMP,UPDATE_USER,VER_NBR,OBJ_ID)
Values
(1011,'Fiscal_Year', '2020', '2020', NOW(), 'admin',1,UUID())
/
Insert into ARG_VALUE_LOOKUP
(ARG_VALUE_LOOKUP_ID,ARGUMENT_NAME,VALUE,DESCRIPTION,UPDATE_TIMESTAMP,UPDATE_USER,VER_NBR,OBJ_ID)
Values
(1012,'Fiscal_Year', '2021', '2021', NOW(), 'admin',1,UUID())
/
Insert into ARG_VALUE_LOOKUP
(ARG_VALUE_LOOKUP_ID,ARGUMENT_NAME,VALUE,DESCRIPTION,UPDATE_TIMESTAMP,UPDATE_USER,VER_NBR,OBJ_ID)
Values
(1013,'PROPOSAL_SUPPORT_lIST', 'PI', 'Principal Investigator', NOW(), 'admin',1,UUID())
/
Insert into ARG_VALUE_LOOKUP
(ARG_VALUE_LOOKUP_ID,ARGUMENT_NAME,VALUE,DESCRIPTION,UPDATE_TIMESTAMP,UPDATE_USER,VER_NBR,OBJ_ID)
Values
(1014,'PROPOSAL_SUPPORT_lIST', 'Co-I', 'Co-Investigator', NOW(), 'admin',1,UUID())
/
Insert into ARG_VALUE_LOOKUP
(ARG_VALUE_LOOKUP_ID,ARGUMENT_NAME,VALUE,DESCRIPTION,UPDATE_TIMESTAMP,UPDATE_USER,VER_NBR,OBJ_ID)
Values
(1015,'PROPOSAL_SUPPORT_lIST', 'Collaborator', 'Collaborator', NOW(), 'admin',1,UUID())
/
Insert into ARG_VALUE_LOOKUP
(ARG_VALUE_LOOKUP_ID,ARGUMENT_NAME,VALUE,DESCRIPTION,UPDATE_TIMESTAMP,UPDATE_USER,VER_NBR,OBJ_ID)
Values
(1016,'PROPOSAL_SUPPORT_lIST', 'Equipment', 'Equipment', NOW(), 'admin',1,UUID())
/
Insert into ARG_VALUE_LOOKUP
(ARG_VALUE_LOOKUP_ID,ARGUMENT_NAME,VALUE,DESCRIPTION,UPDATE_TIMESTAMP,UPDATE_USER,VER_NBR,OBJ_ID)
Values
(1017,'PROPOSAL_SUPPORT_lIST', 'Facility', 'Facility', NOW(), 'admin',1,UUID())
/
Insert into ARG_VALUE_LOOKUP
(ARG_VALUE_LOOKUP_ID,ARGUMENT_NAME,VALUE,DESCRIPTION,UPDATE_TIMESTAMP,UPDATE_USER,VER_NBR,OBJ_ID)
Values
(1018,'Agency_US GOV', '101', '101: Agency for International Development', NOW(), 'admin',1,UUID())
/
Insert into ARG_VALUE_LOOKUP
(ARG_VALUE_LOOKUP_ID,ARGUMENT_NAME,VALUE,DESCRIPTION,UPDATE_TIMESTAMP,UPDATE_USER,VER_NBR,OBJ_ID)
Values
(1019,'Agency_US GOV', '102', '102: Air Force Research Laboratory', NOW(), 'admin',1,UUID())
/
Insert into ARG_VALUE_LOOKUP
(ARG_VALUE_LOOKUP_ID,ARGUMENT_NAME,VALUE,DESCRIPTION,UPDATE_TIMESTAMP,UPDATE_USER,VER_NBR,OBJ_ID)
Values
(1020,'Agency_US GOV', '103', '103: Army Research Laboratory', NOW(), 'admin',1,UUID())
/
Insert into ARG_VALUE_LOOKUP
(ARG_VALUE_LOOKUP_ID,ARGUMENT_NAME,VALUE,DESCRIPTION,UPDATE_TIMESTAMP,UPDATE_USER,VER_NBR,OBJ_ID)
Values
(1021,'Agency_US GOV', '104', '104: Center for Disease Control and Prevention', NOW(), 'admin',1,UUID())
/
Insert into ARG_VALUE_LOOKUP
(ARG_VALUE_LOOKUP_ID,ARGUMENT_NAME,VALUE,DESCRIPTION,UPDATE_TIMESTAMP,UPDATE_USER,VER_NBR,OBJ_ID)
Values
(1022,'Agency_US GOV', '105', '105: Coast Guard', NOW(), 'admin',1,UUID())
/
Insert into ARG_VALUE_LOOKUP
(ARG_VALUE_LOOKUP_ID,ARGUMENT_NAME,VALUE,DESCRIPTION,UPDATE_TIMESTAMP,UPDATE_USER,VER_NBR,OBJ_ID)
Values
(1023,'Agency_US GOV', '106', '106: Customs Service', NOW(), 'admin',1,UUID())
/
Insert into ARG_VALUE_LOOKUP
(ARG_VALUE_LOOKUP_ID,ARGUMENT_NAME,VALUE,DESCRIPTION,UPDATE_TIMESTAMP,UPDATE_USER,VER_NBR,OBJ_ID)
Values
(1024,'Agency_US GOV', '107', '107: Defense Advanced Research Projects Agency', NOW(), 'admin',1,UUID())
/
Insert into ARG_VALUE_LOOKUP
(ARG_VALUE_LOOKUP_ID,ARGUMENT_NAME,VALUE,DESCRIPTION,UPDATE_TIMESTAMP,UPDATE_USER,VER_NBR,OBJ_ID)
Values
(1025,'Agency_US GOV', '108', '108: Department of Agriculture (USDA)', NOW(), 'admin',1,UUID())
/
Insert into ARG_VALUE_LOOKUP
(ARG_VALUE_LOOKUP_ID,ARGUMENT_NAME,VALUE,DESCRIPTION,UPDATE_TIMESTAMP,UPDATE_USER,VER_NBR,OBJ_ID)
Values
(1026,'Agency_US GOV', '109', '109: Department of Commerce (DOC)', NOW(), 'admin',1,UUID())
/
Insert into ARG_VALUE_LOOKUP
(ARG_VALUE_LOOKUP_ID,ARGUMENT_NAME,VALUE,DESCRIPTION,UPDATE_TIMESTAMP,UPDATE_USER,VER_NBR,OBJ_ID)
Values
(1027,'Agency_US GOV', '110', '110: Department of Defense (DOD)', NOW(), 'admin',1,UUID())
/
Insert into ARG_VALUE_LOOKUP
(ARG_VALUE_LOOKUP_ID,ARGUMENT_NAME,VALUE,DESCRIPTION,UPDATE_TIMESTAMP,UPDATE_USER,VER_NBR,OBJ_ID)
Values
(1028,'Agency_US GOV', '111', '111: Department of Education (ED)', NOW(), 'admin',1,UUID())
/
Insert into ARG_VALUE_LOOKUP
(ARG_VALUE_LOOKUP_ID,ARGUMENT_NAME,VALUE,DESCRIPTION,UPDATE_TIMESTAMP,UPDATE_USER,VER_NBR,OBJ_ID)
Values
(1029,'Agency_US GOV', '112', '112: Department of Energy (DOE)', NOW(), 'admin',1,UUID())
/
Insert into ARG_VALUE_LOOKUP
(ARG_VALUE_LOOKUP_ID,ARGUMENT_NAME,VALUE,DESCRIPTION,UPDATE_TIMESTAMP,UPDATE_USER,VER_NBR,OBJ_ID)
Values
(1030,'Agency_US GOV', '113', '113: Department of Health and Human Services (HHS)', NOW(), 'admin',1,UUID())
/
Insert into ARG_VALUE_LOOKUP
(ARG_VALUE_LOOKUP_ID,ARGUMENT_NAME,VALUE,DESCRIPTION,UPDATE_TIMESTAMP,UPDATE_USER,VER_NBR,OBJ_ID)
Values
(1031,'Agency_US GOV', '114', '114: Department of Homeland Security (DHS)', NOW(), 'admin',1,UUID())
/
Insert into ARG_VALUE_LOOKUP
(ARG_VALUE_LOOKUP_ID,ARGUMENT_NAME,VALUE,DESCRIPTION,UPDATE_TIMESTAMP,UPDATE_USER,VER_NBR,OBJ_ID)
Values
(1032,'Agency_US GOV', '115', '115: Department of Justice (DOJ)', NOW(), 'admin',1,UUID())
/
Insert into ARG_VALUE_LOOKUP
(ARG_VALUE_LOOKUP_ID,ARGUMENT_NAME,VALUE,DESCRIPTION,UPDATE_TIMESTAMP,UPDATE_USER,VER_NBR,OBJ_ID)
Values
(1033,'Agency_US GOV', '116', '116: Department of State (DOS)', NOW(), 'admin',1,UUID())
/
Insert into ARG_VALUE_LOOKUP
(ARG_VALUE_LOOKUP_ID,ARGUMENT_NAME,VALUE,DESCRIPTION,UPDATE_TIMESTAMP,UPDATE_USER,VER_NBR,OBJ_ID)
Values
(1034,'Agency_US GOV', '117', '117: Department of the Air Force', NOW(), 'admin',1,UUID())
/
Insert into ARG_VALUE_LOOKUP
(ARG_VALUE_LOOKUP_ID,ARGUMENT_NAME,VALUE,DESCRIPTION,UPDATE_TIMESTAMP,UPDATE_USER,VER_NBR,OBJ_ID)
Values
(1035,'Agency_US GOV', '118', '118: Department of the Army', NOW(), 'admin',1,UUID())
/
Insert into ARG_VALUE_LOOKUP
(ARG_VALUE_LOOKUP_ID,ARGUMENT_NAME,VALUE,DESCRIPTION,UPDATE_TIMESTAMP,UPDATE_USER,VER_NBR,OBJ_ID)
Values
(1036,'Agency_US GOV', '119', '119: Department of the Interior (DOI)', NOW(), 'admin',1,UUID())
/
Insert into ARG_VALUE_LOOKUP
(ARG_VALUE_LOOKUP_ID,ARGUMENT_NAME,VALUE,DESCRIPTION,UPDATE_TIMESTAMP,UPDATE_USER,VER_NBR,OBJ_ID)
Values
(1037,'Agency_US GOV', '122', '122: Department of Veterans Affairs (VA)', NOW(), 'admin',1,UUID())
/
Insert into ARG_VALUE_LOOKUP
(ARG_VALUE_LOOKUP_ID,ARGUMENT_NAME,VALUE,DESCRIPTION,UPDATE_TIMESTAMP,UPDATE_USER,VER_NBR,OBJ_ID)
Values
(1038,'Agency_US GOV', '120', '120: Department of the Navy', NOW(), 'admin',1,UUID())
/
Insert into ARG_VALUE_LOOKUP
(ARG_VALUE_LOOKUP_ID,ARGUMENT_NAME,VALUE,DESCRIPTION,UPDATE_TIMESTAMP,UPDATE_USER,VER_NBR,OBJ_ID)
Values
(1039,'Agency_US GOV', '121', '121: Department of Transportation (DOT)', NOW(), 'admin',1,UUID())
/
Insert into ARG_VALUE_LOOKUP
(ARG_VALUE_LOOKUP_ID,ARGUMENT_NAME,VALUE,DESCRIPTION,UPDATE_TIMESTAMP,UPDATE_USER,VER_NBR,OBJ_ID)
Values
(1040,'Agency_US GOV', '123', '123: Environmental Protection Agency (EPA)', NOW(), 'admin',1,UUID())
/
Insert into ARG_VALUE_LOOKUP
(ARG_VALUE_LOOKUP_ID,ARGUMENT_NAME,VALUE,DESCRIPTION,UPDATE_TIMESTAMP,UPDATE_USER,VER_NBR,OBJ_ID)
Values
(1041,'Agency_US GOV', '124', '124: Federal Aviation Administration (FAA)', NOW(), 'admin',1,UUID())
/
Insert into ARG_VALUE_LOOKUP
(ARG_VALUE_LOOKUP_ID,ARGUMENT_NAME,VALUE,DESCRIPTION,UPDATE_TIMESTAMP,UPDATE_USER,VER_NBR,OBJ_ID)
Values
(1042,'Agency_US GOV', '125', '125: Federal Emergency Management Agency (FEMA)', NOW(), 'admin',1,UUID())
/
Insert into ARG_VALUE_LOOKUP
(ARG_VALUE_LOOKUP_ID,ARGUMENT_NAME,VALUE,DESCRIPTION,UPDATE_TIMESTAMP,UPDATE_USER,VER_NBR,OBJ_ID)
Values
(1043,'Agency_US GOV', '126', '126: Federal Maritime Commission', NOW(), 'admin',1,UUID())
/
Insert into ARG_VALUE_LOOKUP
(ARG_VALUE_LOOKUP_ID,ARGUMENT_NAME,VALUE,DESCRIPTION,UPDATE_TIMESTAMP,UPDATE_USER,VER_NBR,OBJ_ID)
Values
(1044,'Agency_US GOV', '127', ' 127: Fish and Wildlife Service', NOW(), 'admin',1,UUID())
/
Insert into ARG_VALUE_LOOKUP
(ARG_VALUE_LOOKUP_ID,ARGUMENT_NAME,VALUE,DESCRIPTION,UPDATE_TIMESTAMP,UPDATE_USER,VER_NBR,OBJ_ID)
Values
(1045,'Agency_US GOV', '128', '128: Forest Service', NOW(), 'admin',1,UUID())
/
Insert into ARG_VALUE_LOOKUP
(ARG_VALUE_LOOKUP_ID,ARGUMENT_NAME,VALUE,DESCRIPTION,UPDATE_TIMESTAMP,UPDATE_USER,VER_NBR,OBJ_ID)
Values
(1046,'Agency_US GOV', '129', '129: NASA Ames Research Center', NOW(), 'admin',1,UUID())
/
Insert into ARG_VALUE_LOOKUP
(ARG_VALUE_LOOKUP_ID,ARGUMENT_NAME,VALUE,DESCRIPTION,UPDATE_TIMESTAMP,UPDATE_USER,VER_NBR,OBJ_ID)
Values
(1047,'Agency_US GOV', '130', '130: NASA Dryden Flight Research Center', NOW(), 'admin',1,UUID())
/
Insert into ARG_VALUE_LOOKUP
(ARG_VALUE_LOOKUP_ID,ARGUMENT_NAME,VALUE,DESCRIPTION,UPDATE_TIMESTAMP,UPDATE_USER,VER_NBR,OBJ_ID)
Values
(1048,'Agency_US GOV', '131', '131: NASA Glenn Research Center', NOW(), 'admin',1,UUID())
/
Insert into ARG_VALUE_LOOKUP
(ARG_VALUE_LOOKUP_ID,ARGUMENT_NAME,VALUE,DESCRIPTION,UPDATE_TIMESTAMP,UPDATE_USER,VER_NBR,OBJ_ID)
Values
(1049,'Agency_US GOV', '132', '132: NASA Goddard Space Flight Center', NOW(), 'admin',1,UUID())
/
Insert into ARG_VALUE_LOOKUP
(ARG_VALUE_LOOKUP_ID,ARGUMENT_NAME,VALUE,DESCRIPTION,UPDATE_TIMESTAMP,UPDATE_USER,VER_NBR,OBJ_ID)
Values
(1050,'Agency_US GOV', '133', '133: NASA Headquarters', NOW(), 'admin',1,UUID())
/
Insert into ARG_VALUE_LOOKUP
(ARG_VALUE_LOOKUP_ID,ARGUMENT_NAME,VALUE,DESCRIPTION,UPDATE_TIMESTAMP,UPDATE_USER,VER_NBR,OBJ_ID)
Values
(1051,'Agency_US GOV', '134', '134: NASA Johnson Space Center', NOW(), 'admin',1,UUID())
/
Insert into ARG_VALUE_LOOKUP
(ARG_VALUE_LOOKUP_ID,ARGUMENT_NAME,VALUE,DESCRIPTION,UPDATE_TIMESTAMP,UPDATE_USER,VER_NBR,OBJ_ID)
Values
(1052,'Agency_US GOV', '135', '135: NASA Kennedy Space Center', NOW(), 'admin',1,UUID())
/
Insert into ARG_VALUE_LOOKUP
(ARG_VALUE_LOOKUP_ID,ARGUMENT_NAME,VALUE,DESCRIPTION,UPDATE_TIMESTAMP,UPDATE_USER,VER_NBR,OBJ_ID)
Values
(1053,'Agency_US GOV', '136', '136: NASA Langley Research Center', NOW(), 'admin',1,UUID())
/
Insert into ARG_VALUE_LOOKUP
(ARG_VALUE_LOOKUP_ID,ARGUMENT_NAME,VALUE,DESCRIPTION,UPDATE_TIMESTAMP,UPDATE_USER,VER_NBR,OBJ_ID)
Values
(1054,'Agency_US GOV', '137', '137: NASA Marshall Space Flight Center', NOW(), 'admin',1,UUID())
/
Insert into ARG_VALUE_LOOKUP
(ARG_VALUE_LOOKUP_ID,ARGUMENT_NAME,VALUE,DESCRIPTION,UPDATE_TIMESTAMP,UPDATE_USER,VER_NBR,OBJ_ID)
Values
(1055,'Agency_US GOV', '138', '138: NASA Stennis Space Center', NOW(), 'admin',1,UUID())
/
Insert into ARG_VALUE_LOOKUP
(ARG_VALUE_LOOKUP_ID,ARGUMENT_NAME,VALUE,DESCRIPTION,UPDATE_TIMESTAMP,UPDATE_USER,VER_NBR,OBJ_ID)
Values
(1056,'Agency_US GOV', '139', '139: National Institute of Standards and Technology (NIST)', NOW(), 'admin',1,UUID())
/
Insert into ARG_VALUE_LOOKUP
(ARG_VALUE_LOOKUP_ID,ARGUMENT_NAME,VALUE,DESCRIPTION,UPDATE_TIMESTAMP,UPDATE_USER,VER_NBR,OBJ_ID)
Values
(1057,'Agency_US GOV', '140', '140: National Institutes of Health (NIH)', NOW(), 'admin',1,UUID())
/
Insert into ARG_VALUE_LOOKUP
(ARG_VALUE_LOOKUP_ID,ARGUMENT_NAME,VALUE,DESCRIPTION,UPDATE_TIMESTAMP,UPDATE_USER,VER_NBR,OBJ_ID)
Values
(1058,'Agency_US GOV', '141', '141: National Oceanic and Atmospheric Administration (NOAA)', NOW(), 'admin',1,UUID())
/
Insert into ARG_VALUE_LOOKUP
(ARG_VALUE_LOOKUP_ID,ARGUMENT_NAME,VALUE,DESCRIPTION,UPDATE_TIMESTAMP,UPDATE_USER,VER_NBR,OBJ_ID)
Values
(1059,'Agency_US GOV', '142', '142: National Park Service', NOW(), 'admin',1,UUID())
/
Insert into ARG_VALUE_LOOKUP
(ARG_VALUE_LOOKUP_ID,ARGUMENT_NAME,VALUE,DESCRIPTION,UPDATE_TIMESTAMP,UPDATE_USER,VER_NBR,OBJ_ID)
Values
(1060,'Agency_US GOV', '143', '143: National Science Foundation (NSF)', NOW(), 'admin',1,UUID())
/
Insert into ARG_VALUE_LOOKUP
(ARG_VALUE_LOOKUP_ID,ARGUMENT_NAME,VALUE,DESCRIPTION,UPDATE_TIMESTAMP,UPDATE_USER,VER_NBR,OBJ_ID)
Values
(1061,'Agency_US GOV', '144', '144: Naval Observatory', NOW(), 'admin',1,UUID())
/
Insert into ARG_VALUE_LOOKUP
(ARG_VALUE_LOOKUP_ID,ARGUMENT_NAME,VALUE,DESCRIPTION,UPDATE_TIMESTAMP,UPDATE_USER,VER_NBR,OBJ_ID)
Values
(1062,'Agency_US GOV', '145', '145: Naval Research Laboratory', NOW(), 'admin',1,UUID())
/
Insert into ARG_VALUE_LOOKUP
(ARG_VALUE_LOOKUP_ID,ARGUMENT_NAME,VALUE,DESCRIPTION,UPDATE_TIMESTAMP,UPDATE_USER,VER_NBR,OBJ_ID)
Values
(1063,'Agency_US GOV', '146', '146: Other', NOW(), 'admin',1,UUID())
/
Insert into ARG_VALUE_LOOKUP
(ARG_VALUE_LOOKUP_ID,ARGUMENT_NAME,VALUE,DESCRIPTION,UPDATE_TIMESTAMP,UPDATE_USER,VER_NBR,OBJ_ID)
Values
(1064,'Agency_US GOV', '147', '147: Smithsonian Institution', NOW(), 'admin',1,UUID())
/
Insert into ARG_VALUE_LOOKUP
(ARG_VALUE_LOOKUP_ID,ARGUMENT_NAME,VALUE,DESCRIPTION,UPDATE_TIMESTAMP,UPDATE_USER,VER_NBR,OBJ_ID)
Values
(1065,'Agency_US GOV', '148', '148: United States Geological Survey (USGS)', NOW(), 'admin',1,UUID())
/
Insert into ARG_VALUE_LOOKUP
(ARG_VALUE_LOOKUP_ID,ARGUMENT_NAME,VALUE,DESCRIPTION,UPDATE_TIMESTAMP,UPDATE_USER,VER_NBR,OBJ_ID)
Values
(1066,'Agency_US GOV', '149', '149: United States Marine Corps', NOW(), 'admin',1,UUID())
/
Insert into ARG_VALUE_LOOKUP
(ARG_VALUE_LOOKUP_ID,ARGUMENT_NAME,VALUE,DESCRIPTION,UPDATE_TIMESTAMP,UPDATE_USER,VER_NBR,OBJ_ID)
Values
(1067,'Agency_US GOV', '150', '150: Walter Reed Army Institute Research', NOW(), 'admin',1,UUID())
/
Insert into ARG_VALUE_LOOKUP
(ARG_VALUE_LOOKUP_ID,ARGUMENT_NAME,VALUE,DESCRIPTION,UPDATE_TIMESTAMP,UPDATE_USER,VER_NBR,OBJ_ID)
Values
(1068,'STATE_EO_12372', 'Not Selected', 'Program not selected for 12372 review', NOW(), 'admin',1,UUID())
/
Insert into ARG_VALUE_LOOKUP
(ARG_VALUE_LOOKUP_ID,ARGUMENT_NAME,VALUE,DESCRIPTION,UPDATE_TIMESTAMP,UPDATE_USER,VER_NBR,OBJ_ID)
Values
(1069,'STATE_EO_12372', 'Not Covered', 'Program not covered by EO 12372', NOW(), 'admin',1,UUID())
/
delete from ARG_VALUE_LOOKUP
where ARGUMENT_NAME in ('ownership_interest', 'remuneration_range')
/
Insert into ARG_VALUE_LOOKUP
(ARG_VALUE_LOOKUP_ID,ARGUMENT_NAME,VALUE,DESCRIPTION,UPDATE_TIMESTAMP,UPDATE_USER,VER_NBR,OBJ_ID)
Values
(1070,'ownership_interest', '1', '5 - 25%', NOW(), 'admin',1,UUID())
/
Insert into ARG_VALUE_LOOKUP
(ARG_VALUE_LOOKUP_ID,ARGUMENT_NAME,VALUE,DESCRIPTION,UPDATE_TIMESTAMP,UPDATE_USER,VER_NBR,OBJ_ID)
Values
(1071,'ownership_interest', '2', '26 - 50%', NOW(), 'admin',1,UUID())
/
Insert into ARG_VALUE_LOOKUP
(ARG_VALUE_LOOKUP_ID,ARGUMENT_NAME,VALUE,DESCRIPTION,UPDATE_TIMESTAMP,UPDATE_USER,VER_NBR,OBJ_ID)
Values
(1072,'ownership_interest', '3', '51 - 75%', NOW(), 'admin',1,UUID())
/
Insert into ARG_VALUE_LOOKUP
(ARG_VALUE_LOOKUP_ID,ARGUMENT_NAME,VALUE,DESCRIPTION,UPDATE_TIMESTAMP,UPDATE_USER,VER_NBR,OBJ_ID)
Values
(1073,'ownership_interest', '4', '76 - 100%', NOW(), 'admin',1,UUID())
/
Insert into ARG_VALUE_LOOKUP
(ARG_VALUE_LOOKUP_ID,ARGUMENT_NAME,VALUE,DESCRIPTION,UPDATE_TIMESTAMP,UPDATE_USER,VER_NBR,OBJ_ID)
Values
(1074,'remuneration_range', '1', '10 - 50K', NOW(), 'admin',1,UUID())
/
Insert into ARG_VALUE_LOOKUP
(ARG_VALUE_LOOKUP_ID,ARGUMENT_NAME,VALUE,DESCRIPTION,UPDATE_TIMESTAMP,UPDATE_USER,VER_NBR,OBJ_ID)
Values
(1075,'remuneration_range', '2', '51 - 100K', NOW(), 'admin',1,UUID())
/
Insert into ARG_VALUE_LOOKUP
(ARG_VALUE_LOOKUP_ID,ARGUMENT_NAME,VALUE,DESCRIPTION,UPDATE_TIMESTAMP,UPDATE_USER,VER_NBR,OBJ_ID)
Values
(1076,'remuneration_range', '3', 'Over 100K', NOW(), 'admin',1,UUID())
/
Insert into ARG_VALUE_LOOKUP
(ARG_VALUE_LOOKUP_ID,ARGUMENT_NAME,VALUE,DESCRIPTION,UPDATE_TIMESTAMP,UPDATE_USER,VER_NBR,OBJ_ID)
Values
(1077,'remuneration_range', '4', '100 - 200K', NOW(), 'admin',1,UUID())
/
commit
/
truncate table GROUP_TYPES
/
commit
/
Insert into GROUP_TYPES(GROUP_TYPE_CODE,GROUP_NAME,UPDATE_TIMESTAMP,UPDATE_USER,VER_NBR,OBJ_ID) values (2,'S2S Forms for Proposal Development',NOW(), 'admin',1,UUID())
/
Insert into GROUP_TYPES(GROUP_TYPE_CODE,GROUP_NAME,UPDATE_TIMESTAMP,UPDATE_USER,VER_NBR,OBJ_ID) values (3,'Other Proposal Development',NOW(), 'admin',1,UUID())
/
Insert into GROUP_TYPES(GROUP_TYPE_CODE,GROUP_NAME,UPDATE_TIMESTAMP,UPDATE_USER,VER_NBR,OBJ_ID) values (4,'IRB Human Protocol',NOW(), 'admin',1,UUID())
/
Insert into GROUP_TYPES(GROUP_TYPE_CODE,GROUP_NAME,UPDATE_TIMESTAMP,UPDATE_USER,VER_NBR,OBJ_ID) values (5,'IACUC Animal Protocol',NOW(), 'admin',1,UUID())
/
Insert into GROUP_TYPES(GROUP_TYPE_CODE,GROUP_NAME,UPDATE_TIMESTAMP,UPDATE_USER,VER_NBR,OBJ_ID) values (6,'Certifications for Proposal Development',NOW(), 'admin',1,UUID())
/
Insert into GROUP_TYPES(GROUP_TYPE_CODE,GROUP_NAME,UPDATE_TIMESTAMP,UPDATE_USER,VER_NBR,OBJ_ID) values (7,'Financial Conflict of Interest',NOW(), 'admin',1,UUID())
/
Insert into GROUP_TYPES(GROUP_TYPE_CODE,GROUP_NAME,UPDATE_TIMESTAMP,UPDATE_USER,VER_NBR,OBJ_ID) values (1,'Misc - to be grouped',NOW(), 'admin',1,UUID())
/
commit
/
INSERT INTO SEQ_QUESTIONNAIRE_REF_ID VALUES(NULL)
/
Insert into QUESTION (QUESTION_REF_ID,QUESTION_ID,SEQUENCE_NUMBER,SEQUENCE_STATUS,QUESTION,STATUS,GROUP_TYPE_CODE,QUESTION_TYPE_ID,LOOKUP_CLASS,LOOKUP_RETURN,DISPLAYED_ANSWERS,MAX_ANSWERS,ANSWER_MAX_LENGTH,UPDATE_TIMESTAMP,UPDATE_USER,VER_NBR,OBJ_ID,DOCUMENT_NUMBER) values ((SELECT (MAX(ID)) FROM SEQ_QUESTIONNAIRE_REF_ID),116,1,'C','Does this application reflect a change in grantee institution from that indicated on a previous application?','A',2,1,null,null,null,1,1,NOW(), 'admin',1,UUID(),null)
/
INSERT INTO SEQ_QUESTIONNAIRE_REF_ID VALUES(NULL)
/
Insert into QUESTION (QUESTION_REF_ID,QUESTION_ID,SEQUENCE_NUMBER,SEQUENCE_STATUS,QUESTION,STATUS,GROUP_TYPE_CODE,QUESTION_TYPE_ID,LOOKUP_CLASS,LOOKUP_RETURN,DISPLAYED_ANSWERS,MAX_ANSWERS,ANSWER_MAX_LENGTH,UPDATE_TIMESTAMP,UPDATE_USER,VER_NBR,OBJ_ID,DOCUMENT_NUMBER) values ((SELECT (MAX(ID)) FROM SEQ_QUESTIONNAIRE_REF_ID),117,1,'C','Search and select the former Institution from the Organization records','A',2,6,'org.kuali.kra.bo.Organization','organizationName',null,1,6,NOW(), 'admin',1,UUID(),null)
/
INSERT INTO SEQ_QUESTIONNAIRE_REF_ID VALUES(NULL)
/
Insert into QUESTION (QUESTION_REF_ID,QUESTION_ID,SEQUENCE_NUMBER,SEQUENCE_STATUS,QUESTION,STATUS,GROUP_TYPE_CODE,QUESTION_TYPE_ID,LOOKUP_CLASS,LOOKUP_RETURN,DISPLAYED_ANSWERS,MAX_ANSWERS,ANSWER_MAX_LENGTH,UPDATE_TIMESTAMP,UPDATE_USER,VER_NBR,OBJ_ID,DOCUMENT_NUMBER) values ((SELECT (MAX(ID)) FROM SEQ_QUESTIONNAIRE_REF_ID),118,1,'C','Is this a Renewal Application?','A',2,1,null,null,null,1,1,NOW(), 'admin',1,UUID(),null)
/
INSERT INTO SEQ_QUESTIONNAIRE_REF_ID VALUES(NULL)
/
Insert into QUESTION (QUESTION_REF_ID,QUESTION_ID,SEQUENCE_NUMBER,SEQUENCE_STATUS,QUESTION,STATUS,GROUP_TYPE_CODE,QUESTION_TYPE_ID,LOOKUP_CLASS,LOOKUP_RETURN,DISPLAYED_ANSWERS,MAX_ANSWERS,ANSWER_MAX_LENGTH,UPDATE_TIMESTAMP,UPDATE_USER,VER_NBR,OBJ_ID,DOCUMENT_NUMBER) values ((SELECT (MAX(ID)) FROM SEQ_QUESTIONNAIRE_REF_ID),119,1,'C','Check "No" if no inventions were conceived or reduced to practice during the course of work under this project. Check "Yes" if any inventions were conceived or reduced to practice during the previous period of support.','A',2,1,null,null,null,1,1,NOW(), 'admin',1,UUID(),null)
/
INSERT INTO SEQ_QUESTIONNAIRE_REF_ID VALUES(NULL)
/
Insert into QUESTION (QUESTION_REF_ID,QUESTION_ID,SEQUENCE_NUMBER,SEQUENCE_STATUS,QUESTION,STATUS,GROUP_TYPE_CODE,QUESTION_TYPE_ID,LOOKUP_CLASS,LOOKUP_RETURN,DISPLAYED_ANSWERS,MAX_ANSWERS,ANSWER_MAX_LENGTH,UPDATE_TIMESTAMP,UPDATE_USER,VER_NBR,OBJ_ID,DOCUMENT_NUMBER) values ((SELECT (MAX(ID)) FROM SEQ_QUESTIONNAIRE_REF_ID),120,1,'C','If "Yes" (inventions were concieved or reduced to practice) indicate Yes or No as to whether this information has been reported previously to the PHS or to the applicant organization official responsible for patent matters.','A',2,1,null,null,null,1,1,NOW(), 'admin',1,UUID(),null)
/
INSERT INTO SEQ_QUESTIONNAIRE_REF_ID VALUES(NULL)
/
Insert into QUESTION (QUESTION_REF_ID,QUESTION_ID,SEQUENCE_NUMBER,SEQUENCE_STATUS,QUESTION,STATUS,GROUP_TYPE_CODE,QUESTION_TYPE_ID,LOOKUP_CLASS,LOOKUP_RETURN,DISPLAYED_ANSWERS,MAX_ANSWERS,ANSWER_MAX_LENGTH,UPDATE_TIMESTAMP,UPDATE_USER,VER_NBR,OBJ_ID,DOCUMENT_NUMBER) values ((SELECT (MAX(ID)) FROM SEQ_QUESTIONNAIRE_REF_ID),121,1,'C','If this application does not result in an award, is the Government permitted to disclose the title of your proposed project, and the name, address, telephone number and e-mail address of the official signing for the applicant organization, to organizations that may be interested in contacting you for further information (e.g., possible collaborations, investment)?','A',2,1,null,null,null,1,1,NOW(), 'admin',1,UUID(),null)
/
INSERT INTO SEQ_QUESTIONNAIRE_REF_ID VALUES(NULL)
/
Insert into QUESTION (QUESTION_REF_ID,QUESTION_ID,SEQUENCE_NUMBER,SEQUENCE_STATUS,QUESTION,STATUS,GROUP_TYPE_CODE,QUESTION_TYPE_ID,LOOKUP_CLASS,LOOKUP_RETURN,DISPLAYED_ANSWERS,MAX_ANSWERS,ANSWER_MAX_LENGTH,UPDATE_TIMESTAMP,UPDATE_USER,VER_NBR,OBJ_ID,DOCUMENT_NUMBER) values ((SELECT (MAX(ID)) FROM SEQ_QUESTIONNAIRE_REF_ID),122,1,'C','Is proprietary/privileged information included in the application?','A',2,1,null,null,null,1,1,NOW(), 'admin',1,UUID(),null)
/
INSERT INTO SEQ_QUESTIONNAIRE_REF_ID VALUES(NULL)
/
Insert into QUESTION (QUESTION_REF_ID,QUESTION_ID,SEQUENCE_NUMBER,SEQUENCE_STATUS,QUESTION,STATUS,GROUP_TYPE_CODE,QUESTION_TYPE_ID,LOOKUP_CLASS,LOOKUP_RETURN,DISPLAYED_ANSWERS,MAX_ANSWERS,ANSWER_MAX_LENGTH,UPDATE_TIMESTAMP,UPDATE_USER,VER_NBR,OBJ_ID,DOCUMENT_NUMBER) values ((SELECT (MAX(ID)) FROM SEQ_QUESTIONNAIRE_REF_ID),123,1,'C','Does this project have an actual or potential impact on the environment?','A',2,1,null,null,null,1,1,NOW(), 'admin',1,UUID(),null)
/
INSERT INTO SEQ_QUESTIONNAIRE_REF_ID VALUES(NULL)
/
Insert into QUESTION (QUESTION_REF_ID,QUESTION_ID,SEQUENCE_NUMBER,SEQUENCE_STATUS,QUESTION,STATUS,GROUP_TYPE_CODE,QUESTION_TYPE_ID,LOOKUP_CLASS,LOOKUP_RETURN,DISPLAYED_ANSWERS,MAX_ANSWERS,ANSWER_MAX_LENGTH,UPDATE_TIMESTAMP,UPDATE_USER,VER_NBR,OBJ_ID,DOCUMENT_NUMBER) values ((SELECT (MAX(ID)) FROM SEQ_QUESTIONNAIRE_REF_ID),124,1,'C','If this project has an actual or potential impact on the environment, has an exemption been authorized or a environmental impact statement (EIS) been performed?','A',2,1,null,null,null,1,1,NOW(), 'admin',1,UUID(),null)
/
INSERT INTO SEQ_QUESTIONNAIRE_REF_ID VALUES(NULL)
/
Insert into QUESTION (QUESTION_REF_ID,QUESTION_ID,SEQUENCE_NUMBER,SEQUENCE_STATUS,QUESTION,STATUS,GROUP_TYPE_CODE,QUESTION_TYPE_ID,LOOKUP_CLASS,LOOKUP_RETURN,DISPLAYED_ANSWERS,MAX_ANSWERS,ANSWER_MAX_LENGTH,UPDATE_TIMESTAMP,UPDATE_USER,VER_NBR,OBJ_ID,DOCUMENT_NUMBER) values ((SELECT (MAX(ID)) FROM SEQ_QUESTIONNAIRE_REF_ID),125,1,'C','Is the research performance site designated, or eligible to be designated, as a historic place?','A',2,1,null,null,null,1,1,NOW(), 'admin',1,UUID(),null)
/
INSERT INTO SEQ_QUESTIONNAIRE_REF_ID VALUES(NULL)
/
Insert into QUESTION (QUESTION_REF_ID,QUESTION_ID,SEQUENCE_NUMBER,SEQUENCE_STATUS,QUESTION,STATUS,GROUP_TYPE_CODE,QUESTION_TYPE_ID,LOOKUP_CLASS,LOOKUP_RETURN,DISPLAYED_ANSWERS,MAX_ANSWERS,ANSWER_MAX_LENGTH,UPDATE_TIMESTAMP,UPDATE_USER,VER_NBR,OBJ_ID,DOCUMENT_NUMBER) values ((SELECT (MAX(ID)) FROM SEQ_QUESTIONNAIRE_REF_ID),126,1,'C','Does this project involve activities outside of the United States or partnerships with international collaborators?','A',2,1,null,null,null,1,1,NOW(), 'admin',1,UUID(),null)
/
INSERT INTO SEQ_QUESTIONNAIRE_REF_ID VALUES(NULL)
/
Insert into QUESTION (QUESTION_REF_ID,QUESTION_ID,SEQUENCE_NUMBER,SEQUENCE_STATUS,QUESTION,STATUS,GROUP_TYPE_CODE,QUESTION_TYPE_ID,LOOKUP_CLASS,LOOKUP_RETURN,DISPLAYED_ANSWERS,MAX_ANSWERS,ANSWER_MAX_LENGTH,UPDATE_TIMESTAMP,UPDATE_USER,VER_NBR,OBJ_ID,DOCUMENT_NUMBER) values ((SELECT (MAX(ID)) FROM SEQ_QUESTIONNAIRE_REF_ID),127,1,'C','Identify the countries','A',2,5,null,null,null,1,300,NOW(), 'admin',1,UUID(),null)
/
INSERT INTO SEQ_QUESTIONNAIRE_REF_ID VALUES(NULL)
/
Insert into QUESTION (QUESTION_REF_ID,QUESTION_ID,SEQUENCE_NUMBER,SEQUENCE_STATUS,QUESTION,STATUS,GROUP_TYPE_CODE,QUESTION_TYPE_ID,LOOKUP_CLASS,LOOKUP_RETURN,DISPLAYED_ANSWERS,MAX_ANSWERS,ANSWER_MAX_LENGTH,UPDATE_TIMESTAMP,UPDATE_USER,VER_NBR,OBJ_ID,DOCUMENT_NUMBER) values ((SELECT (MAX(ID)) FROM SEQ_QUESTIONNAIRE_REF_ID),128,1,'C','Is this application being submitted to other agencies?','A',2,1,null,null,null,1,1,NOW(), 'admin',1,UUID(),null)
/
INSERT INTO SEQ_QUESTIONNAIRE_REF_ID VALUES(NULL)
/
Insert into QUESTION (QUESTION_REF_ID,QUESTION_ID,SEQUENCE_NUMBER,SEQUENCE_STATUS,QUESTION,STATUS,GROUP_TYPE_CODE,QUESTION_TYPE_ID,LOOKUP_CLASS,LOOKUP_RETURN,DISPLAYED_ANSWERS,MAX_ANSWERS,ANSWER_MAX_LENGTH,UPDATE_TIMESTAMP,UPDATE_USER,VER_NBR,OBJ_ID,DOCUMENT_NUMBER) values ((SELECT (MAX(ID)) FROM SEQ_QUESTIONNAIRE_REF_ID),129,1,'C','Is the proposal subject to review by state executive order 12372 process?','A',2,1,null,null,null,1,1,NOW(), 'admin',1,UUID(),null)
/
INSERT INTO SEQ_QUESTIONNAIRE_REF_ID VALUES(NULL)
/
Insert into QUESTION (QUESTION_REF_ID,QUESTION_ID,SEQUENCE_NUMBER,SEQUENCE_STATUS,QUESTION,STATUS,GROUP_TYPE_CODE,QUESTION_TYPE_ID,LOOKUP_CLASS,LOOKUP_RETURN,DISPLAYED_ANSWERS,MAX_ANSWERS,ANSWER_MAX_LENGTH,UPDATE_TIMESTAMP,UPDATE_USER,VER_NBR,OBJ_ID,DOCUMENT_NUMBER) values ((SELECT (MAX(ID)) FROM SEQ_QUESTIONNAIRE_REF_ID),130,1,'C','If Yes: Please provide the date the application was made available for review (submitted to the state). Enter in MM/DD/YYYY format.','A',2,4,null,null,null,1,0,NOW(), 'admin',1,UUID(),null)
/
INSERT INTO SEQ_QUESTIONNAIRE_REF_ID VALUES(NULL)
/
Insert into QUESTION (QUESTION_REF_ID,QUESTION_ID,SEQUENCE_NUMBER,SEQUENCE_STATUS,QUESTION,STATUS,GROUP_TYPE_CODE,QUESTION_TYPE_ID,LOOKUP_CLASS,LOOKUP_RETURN,DISPLAYED_ANSWERS,MAX_ANSWERS,ANSWER_MAX_LENGTH,UPDATE_TIMESTAMP,UPDATE_USER,VER_NBR,OBJ_ID,DOCUMENT_NUMBER) values ((SELECT (MAX(ID)) FROM SEQ_QUESTIONNAIRE_REF_ID),131,1,'C','If No: Is the program not selected for review or not covered by E.O. 12372? Select a response.','A',2,6,'org.kuali.kra.bo.ArgValueLookup','STATE_EO_12372',null,1,25,NOW(), 'admin',1,UUID(),null)
/
INSERT INTO SEQ_QUESTIONNAIRE_REF_ID VALUES(NULL)
/
Insert into QUESTION (QUESTION_REF_ID,QUESTION_ID,SEQUENCE_NUMBER,SEQUENCE_STATUS,QUESTION,STATUS,GROUP_TYPE_CODE,QUESTION_TYPE_ID,LOOKUP_CLASS,LOOKUP_RETURN,DISPLAYED_ANSWERS,MAX_ANSWERS,ANSWER_MAX_LENGTH,UPDATE_TIMESTAMP,UPDATE_USER,VER_NBR,OBJ_ID,DOCUMENT_NUMBER) values ((SELECT (MAX(ID)) FROM SEQ_QUESTIONNAIRE_REF_ID),132,1,'C','Is the PI a New NIH Investigator?','A',2,1,null,null,null,1,1,NOW(), 'admin',1,UUID(),null)
/
INSERT INTO SEQ_QUESTIONNAIRE_REF_ID VALUES(NULL)
/
Insert into QUESTION (QUESTION_REF_ID,QUESTION_ID,SEQUENCE_NUMBER,SEQUENCE_STATUS,QUESTION,STATUS,GROUP_TYPE_CODE,QUESTION_TYPE_ID,LOOKUP_CLASS,LOOKUP_RETURN,DISPLAYED_ANSWERS,MAX_ANSWERS,ANSWER_MAX_LENGTH,UPDATE_TIMESTAMP,UPDATE_USER,VER_NBR,OBJ_ID,DOCUMENT_NUMBER) values ((SELECT (MAX(ID)) FROM SEQ_QUESTIONNAIRE_REF_ID),133,1,'C','Is assistance being requested under a program that gives special consideration to novice applicants? Yes, No, or Not Applicable?','A',2,2,null,null,null,1,1,NOW(), 'admin',1,UUID(),null)
/
INSERT INTO SEQ_QUESTIONNAIRE_REF_ID VALUES(NULL)
/
Insert into QUESTION (QUESTION_REF_ID,QUESTION_ID,SEQUENCE_NUMBER,SEQUENCE_STATUS,QUESTION,STATUS,GROUP_TYPE_CODE,QUESTION_TYPE_ID,LOOKUP_CLASS,LOOKUP_RETURN,DISPLAYED_ANSWERS,MAX_ANSWERS,ANSWER_MAX_LENGTH,UPDATE_TIMESTAMP,UPDATE_USER,VER_NBR,OBJ_ID,DOCUMENT_NUMBER) values ((SELECT (MAX(ID)) FROM SEQ_QUESTIONNAIRE_REF_ID),1,1,'C','Is Human Subjects involvement in this project indefinite?','A',4,1,null,null,null,1,1,NOW(), 'admin',1,UUID(),null)
/
INSERT INTO SEQ_QUESTIONNAIRE_REF_ID VALUES(NULL)
/
Insert into QUESTION (QUESTION_REF_ID,QUESTION_ID,SEQUENCE_NUMBER,SEQUENCE_STATUS,QUESTION,STATUS,GROUP_TYPE_CODE,QUESTION_TYPE_ID,LOOKUP_CLASS,LOOKUP_RETURN,DISPLAYED_ANSWERS,MAX_ANSWERS,ANSWER_MAX_LENGTH,UPDATE_TIMESTAMP,UPDATE_USER,VER_NBR,OBJ_ID,DOCUMENT_NUMBER) values ((SELECT (MAX(ID)) FROM SEQ_QUESTIONNAIRE_REF_ID),2,1,'C','Is a Clinical Trial part of this project?','A',4,1,null,null,null,1,1,NOW(), 'admin',1,UUID(),null)
/
INSERT INTO SEQ_QUESTIONNAIRE_REF_ID VALUES(NULL)
/
Insert into QUESTION (QUESTION_REF_ID,QUESTION_ID,SEQUENCE_NUMBER,SEQUENCE_STATUS,QUESTION,STATUS,GROUP_TYPE_CODE,QUESTION_TYPE_ID,LOOKUP_CLASS,LOOKUP_RETURN,DISPLAYED_ANSWERS,MAX_ANSWERS,ANSWER_MAX_LENGTH,UPDATE_TIMESTAMP,UPDATE_USER,VER_NBR,OBJ_ID,DOCUMENT_NUMBER) values ((SELECT (MAX(ID)) FROM SEQ_QUESTIONNAIRE_REF_ID),3,1,'C','Is this an NIH-defined Phase III clinical trial?','A',4,1,null,null,null,1,1,NOW(), 'admin',1,UUID(),null)
/
INSERT INTO SEQ_QUESTIONNAIRE_REF_ID VALUES(NULL)
/
Insert into QUESTION (QUESTION_REF_ID,QUESTION_ID,SEQUENCE_NUMBER,SEQUENCE_STATUS,QUESTION,STATUS,GROUP_TYPE_CODE,QUESTION_TYPE_ID,LOOKUP_CLASS,LOOKUP_RETURN,DISPLAYED_ANSWERS,MAX_ANSWERS,ANSWER_MAX_LENGTH,UPDATE_TIMESTAMP,UPDATE_USER,VER_NBR,OBJ_ID,DOCUMENT_NUMBER) values ((SELECT (MAX(ID)) FROM SEQ_QUESTIONNAIRE_REF_ID),4,1,'C','Is the inclusion of vertebrate animals use in this project indefinite?','A',4,1,null,null,null,1,1,NOW(), 'admin',1,UUID(),null)
/
INSERT INTO SEQ_QUESTIONNAIRE_REF_ID VALUES(NULL)
/
Insert into QUESTION (QUESTION_REF_ID,QUESTION_ID,SEQUENCE_NUMBER,SEQUENCE_STATUS,QUESTION,STATUS,GROUP_TYPE_CODE,QUESTION_TYPE_ID,LOOKUP_CLASS,LOOKUP_RETURN,DISPLAYED_ANSWERS,MAX_ANSWERS,ANSWER_MAX_LENGTH,UPDATE_TIMESTAMP,UPDATE_USER,VER_NBR,OBJ_ID,DOCUMENT_NUMBER) values ((SELECT (MAX(ID)) FROM SEQ_QUESTIONNAIRE_REF_ID),5,1,'C','Does the proposed project involve human embryonic stem cells?','A',4,1,null,null,null,1,1,NOW(), 'admin',1,UUID(),null)
/
INSERT INTO SEQ_QUESTIONNAIRE_REF_ID VALUES(NULL)
/
Insert into QUESTION (QUESTION_REF_ID,QUESTION_ID,SEQUENCE_NUMBER,SEQUENCE_STATUS,QUESTION,STATUS,GROUP_TYPE_CODE,QUESTION_TYPE_ID,LOOKUP_CLASS,LOOKUP_RETURN,DISPLAYED_ANSWERS,MAX_ANSWERS,ANSWER_MAX_LENGTH,UPDATE_TIMESTAMP,UPDATE_USER,VER_NBR,OBJ_ID,DOCUMENT_NUMBER) values ((SELECT (MAX(ID)) FROM SEQ_QUESTIONNAIRE_REF_ID),6,1,'C','Can a specific stem cell line be referenced at this time? A "N" answer affirms that an undefined registry cell line will be used. A "Y" answer requires entering the cell IDs in the next question.','A',4,1,null,null,null,1,1,NOW(), 'admin',1,UUID(),null)
/
INSERT INTO SEQ_QUESTIONNAIRE_REF_ID VALUES(NULL)
/
Insert into QUESTION (QUESTION_REF_ID,QUESTION_ID,SEQUENCE_NUMBER,SEQUENCE_STATUS,QUESTION,STATUS,GROUP_TYPE_CODE,QUESTION_TYPE_ID,LOOKUP_CLASS,LOOKUP_RETURN,DISPLAYED_ANSWERS,MAX_ANSWERS,ANSWER_MAX_LENGTH,UPDATE_TIMESTAMP,UPDATE_USER,VER_NBR,OBJ_ID,DOCUMENT_NUMBER) values ((SELECT (MAX(ID)) FROM SEQ_QUESTIONNAIRE_REF_ID),7,1,'C','List the registration number of the specific cell line(s) from the stem cell registry found at: http://stemcells.nih.gov/registry/','A',4,5,null,null,null,20,4,NOW(), 'admin',1,UUID(),null)
/
INSERT INTO SEQ_QUESTIONNAIRE_REF_ID VALUES(NULL)
/
Insert into QUESTION (QUESTION_REF_ID,QUESTION_ID,SEQUENCE_NUMBER,SEQUENCE_STATUS,QUESTION,STATUS,GROUP_TYPE_CODE,QUESTION_TYPE_ID,LOOKUP_CLASS,LOOKUP_RETURN,DISPLAYED_ANSWERS,MAX_ANSWERS,ANSWER_MAX_LENGTH,UPDATE_TIMESTAMP,UPDATE_USER,VER_NBR,OBJ_ID,DOCUMENT_NUMBER) values ((SELECT (MAX(ID)) FROM SEQ_QUESTIONNAIRE_REF_ID),8,1,'C','Have you already completed a graduate level degree?','A',4,1,null,null,null,1,1,NOW(), 'admin',1,UUID(),null)
/
INSERT INTO SEQ_QUESTIONNAIRE_REF_ID VALUES(NULL)
/
Insert into QUESTION (QUESTION_REF_ID,QUESTION_ID,SEQUENCE_NUMBER,SEQUENCE_STATUS,QUESTION,STATUS,GROUP_TYPE_CODE,QUESTION_TYPE_ID,LOOKUP_CLASS,LOOKUP_RETURN,DISPLAYED_ANSWERS,MAX_ANSWERS,ANSWER_MAX_LENGTH,UPDATE_TIMESTAMP,UPDATE_USER,VER_NBR,OBJ_ID,DOCUMENT_NUMBER) values ((SELECT (MAX(ID)) FROM SEQ_QUESTIONNAIRE_REF_ID),9,1,'C','Please provide the specific Other Masters (MOTH) degree type here.','A',4,5,null,null,null,1,10,NOW(), 'admin',1,UUID(),null)
/
INSERT INTO SEQ_QUESTIONNAIRE_REF_ID VALUES(NULL)
/
Insert into QUESTION (QUESTION_REF_ID,QUESTION_ID,SEQUENCE_NUMBER,SEQUENCE_STATUS,QUESTION,STATUS,GROUP_TYPE_CODE,QUESTION_TYPE_ID,LOOKUP_CLASS,LOOKUP_RETURN,DISPLAYED_ANSWERS,MAX_ANSWERS,ANSWER_MAX_LENGTH,UPDATE_TIMESTAMP,UPDATE_USER,VER_NBR,OBJ_ID,DOCUMENT_NUMBER) values ((SELECT (MAX(ID)) FROM SEQ_QUESTIONNAIRE_REF_ID),10,1,'C','Please provide the specific Other Doctorate (DOTH) degree type here.','A',4,5,null,null,null,1,10,NOW(), 'admin',1,UUID(),null)
/
INSERT INTO SEQ_QUESTIONNAIRE_REF_ID VALUES(NULL)
/
Insert into QUESTION (QUESTION_REF_ID,QUESTION_ID,SEQUENCE_NUMBER,SEQUENCE_STATUS,QUESTION,STATUS,GROUP_TYPE_CODE,QUESTION_TYPE_ID,LOOKUP_CLASS,LOOKUP_RETURN,DISPLAYED_ANSWERS,MAX_ANSWERS,ANSWER_MAX_LENGTH,UPDATE_TIMESTAMP,UPDATE_USER,VER_NBR,OBJ_ID,DOCUMENT_NUMBER) values ((SELECT (MAX(ID)) FROM SEQ_QUESTIONNAIRE_REF_ID),11,1,'C','Please provide the specific Other Doctor of Med Dentistry (DDOT) degree type here.','A',4,5,null,null,null,1,10,NOW(), 'admin',1,UUID(),null)
/
INSERT INTO SEQ_QUESTIONNAIRE_REF_ID VALUES(NULL)
/
Insert into QUESTION (QUESTION_REF_ID,QUESTION_ID,SEQUENCE_NUMBER,SEQUENCE_STATUS,QUESTION,STATUS,GROUP_TYPE_CODE,QUESTION_TYPE_ID,LOOKUP_CLASS,LOOKUP_RETURN,DISPLAYED_ANSWERS,MAX_ANSWERS,ANSWER_MAX_LENGTH,UPDATE_TIMESTAMP,UPDATE_USER,VER_NBR,OBJ_ID,DOCUMENT_NUMBER) values ((SELECT (MAX(ID)) FROM SEQ_QUESTIONNAIRE_REF_ID),12,1,'C','Please provide the specific Other Doctor of Med (MDOT) degree type here.','A',4,5,null,null,null,1,10,NOW(), 'admin',1,UUID(),null)
/
INSERT INTO SEQ_QUESTIONNAIRE_REF_ID VALUES(NULL)
/
Insert into QUESTION (QUESTION_REF_ID,QUESTION_ID,SEQUENCE_NUMBER,SEQUENCE_STATUS,QUESTION,STATUS,GROUP_TYPE_CODE,QUESTION_TYPE_ID,LOOKUP_CLASS,LOOKUP_RETURN,DISPLAYED_ANSWERS,MAX_ANSWERS,ANSWER_MAX_LENGTH,UPDATE_TIMESTAMP,UPDATE_USER,VER_NBR,OBJ_ID,DOCUMENT_NUMBER) values ((SELECT (MAX(ID)) FROM SEQ_QUESTIONNAIRE_REF_ID),13,1,'C','Please provide the specific Other Doctor of Vet Med (VDOT) degree type here.','A',4,5,null,null,null,1,10,NOW(), 'admin',1,UUID(),null)
/
INSERT INTO SEQ_QUESTIONNAIRE_REF_ID VALUES(NULL)
/
Insert into QUESTION (QUESTION_REF_ID,QUESTION_ID,SEQUENCE_NUMBER,SEQUENCE_STATUS,QUESTION,STATUS,GROUP_TYPE_CODE,QUESTION_TYPE_ID,LOOKUP_CLASS,LOOKUP_RETURN,DISPLAYED_ANSWERS,MAX_ANSWERS,ANSWER_MAX_LENGTH,UPDATE_TIMESTAMP,UPDATE_USER,VER_NBR,OBJ_ID,DOCUMENT_NUMBER) values ((SELECT (MAX(ID)) FROM SEQ_QUESTIONNAIRE_REF_ID),14,1,'C','Please provide the specific Other Double Degree Program (DBOTH) degree type(s) here.','A',4,5,null,null,null,1,15,NOW(), 'admin',1,UUID(),null)
/
INSERT INTO SEQ_QUESTIONNAIRE_REF_ID VALUES(NULL)
/
Insert into QUESTION (QUESTION_REF_ID,QUESTION_ID,SEQUENCE_NUMBER,SEQUENCE_STATUS,QUESTION,STATUS,GROUP_TYPE_CODE,QUESTION_TYPE_ID,LOOKUP_CLASS,LOOKUP_RETURN,DISPLAYED_ANSWERS,MAX_ANSWERS,ANSWER_MAX_LENGTH,UPDATE_TIMESTAMP,UPDATE_USER,VER_NBR,OBJ_ID,DOCUMENT_NUMBER) values ((SELECT (MAX(ID)) FROM SEQ_QUESTIONNAIRE_REF_ID),15,1,'C','Please select the type of degree sought during the proposed award, from the list of options provided. If the degree being sought does not appear on the list, please select the most appropriate "other" degree type from the list.','A',4,6,'org.kuali.kra.bo.ArgValueLookup','GraduateLevelDegree',null,1,8,NOW(), 'admin',1,UUID(),null)
/
INSERT INTO SEQ_QUESTIONNAIRE_REF_ID VALUES(NULL)
/
Insert into QUESTION (QUESTION_REF_ID,QUESTION_ID,SEQUENCE_NUMBER,SEQUENCE_STATUS,QUESTION,STATUS,GROUP_TYPE_CODE,QUESTION_TYPE_ID,LOOKUP_CLASS,LOOKUP_RETURN,DISPLAYED_ANSWERS,MAX_ANSWERS,ANSWER_MAX_LENGTH,UPDATE_TIMESTAMP,UPDATE_USER,VER_NBR,OBJ_ID,DOCUMENT_NUMBER) values ((SELECT (MAX(ID)) FROM SEQ_QUESTIONNAIRE_REF_ID),16,1,'C','Please provide the specific Other Masters (MOTH) degree type here.','A',4,5,null,null,null,1,10,NOW(), 'admin',1,UUID(),null)
/
INSERT INTO SEQ_QUESTIONNAIRE_REF_ID VALUES(NULL)
/
Insert into QUESTION (QUESTION_REF_ID,QUESTION_ID,SEQUENCE_NUMBER,SEQUENCE_STATUS,QUESTION,STATUS,GROUP_TYPE_CODE,QUESTION_TYPE_ID,LOOKUP_CLASS,LOOKUP_RETURN,DISPLAYED_ANSWERS,MAX_ANSWERS,ANSWER_MAX_LENGTH,UPDATE_TIMESTAMP,UPDATE_USER,VER_NBR,OBJ_ID,DOCUMENT_NUMBER) values ((SELECT (MAX(ID)) FROM SEQ_QUESTIONNAIRE_REF_ID),17,1,'C','Please provide the specific Other Doctorate (DOTH) degree type here.','A',4,5,null,null,null,1,10,NOW(), 'admin',1,UUID(),null)
/
INSERT INTO SEQ_QUESTIONNAIRE_REF_ID VALUES(NULL)
/
Insert into QUESTION (QUESTION_REF_ID,QUESTION_ID,SEQUENCE_NUMBER,SEQUENCE_STATUS,QUESTION,STATUS,GROUP_TYPE_CODE,QUESTION_TYPE_ID,LOOKUP_CLASS,LOOKUP_RETURN,DISPLAYED_ANSWERS,MAX_ANSWERS,ANSWER_MAX_LENGTH,UPDATE_TIMESTAMP,UPDATE_USER,VER_NBR,OBJ_ID,DOCUMENT_NUMBER) values ((SELECT (MAX(ID)) FROM SEQ_QUESTIONNAIRE_REF_ID),18,1,'C','Please provide the specific Other Doctor Of Med Dentistry (DDOT) degree type here.','A',4,5,null,null,null,1,10,NOW(), 'admin',1,UUID(),null)
/
INSERT INTO SEQ_QUESTIONNAIRE_REF_ID VALUES(NULL)
/
Insert into QUESTION (QUESTION_REF_ID,QUESTION_ID,SEQUENCE_NUMBER,SEQUENCE_STATUS,QUESTION,STATUS,GROUP_TYPE_CODE,QUESTION_TYPE_ID,LOOKUP_CLASS,LOOKUP_RETURN,DISPLAYED_ANSWERS,MAX_ANSWERS,ANSWER_MAX_LENGTH,UPDATE_TIMESTAMP,UPDATE_USER,VER_NBR,OBJ_ID,DOCUMENT_NUMBER) values ((SELECT (MAX(ID)) FROM SEQ_QUESTIONNAIRE_REF_ID),19,1,'C','Please provide the specific Other Doctor of Vet Med (VDOT) degree type here.','A',4,5,null,null,null,1,10,NOW(), 'admin',1,UUID(),null)
/
INSERT INTO SEQ_QUESTIONNAIRE_REF_ID VALUES(NULL)
/
Insert into QUESTION (QUESTION_REF_ID,QUESTION_ID,SEQUENCE_NUMBER,SEQUENCE_STATUS,QUESTION,STATUS,GROUP_TYPE_CODE,QUESTION_TYPE_ID,LOOKUP_CLASS,LOOKUP_RETURN,DISPLAYED_ANSWERS,MAX_ANSWERS,ANSWER_MAX_LENGTH,UPDATE_TIMESTAMP,UPDATE_USER,VER_NBR,OBJ_ID,DOCUMENT_NUMBER) values ((SELECT (MAX(ID)) FROM SEQ_QUESTIONNAIRE_REF_ID),20,1,'C','Please provide the specific Other Double Degree Program (DBOTH) degree type(s) here.','A',4,5,null,null,null,1,10,NOW(), 'admin',1,UUID(),null)
/
INSERT INTO SEQ_QUESTIONNAIRE_REF_ID VALUES(NULL)
/
Insert into QUESTION (QUESTION_REF_ID,QUESTION_ID,SEQUENCE_NUMBER,SEQUENCE_STATUS,QUESTION,STATUS,GROUP_TYPE_CODE,QUESTION_TYPE_ID,LOOKUP_CLASS,LOOKUP_RETURN,DISPLAYED_ANSWERS,MAX_ANSWERS,ANSWER_MAX_LENGTH,UPDATE_TIMESTAMP,UPDATE_USER,VER_NBR,OBJ_ID,DOCUMENT_NUMBER) values ((SELECT (MAX(ID)) FROM SEQ_QUESTIONNAIRE_REF_ID),21,1,'C','Please provide the specific Other Doctor of Med (MDOT) degree type here.','A',4,5,null,null,null,1,10,NOW(), 'admin',1,UUID(),null)
/
INSERT INTO SEQ_QUESTIONNAIRE_REF_ID VALUES(NULL)
/
Insert into QUESTION (QUESTION_REF_ID,QUESTION_ID,SEQUENCE_NUMBER,SEQUENCE_STATUS,QUESTION,STATUS,GROUP_TYPE_CODE,QUESTION_TYPE_ID,LOOKUP_CLASS,LOOKUP_RETURN,DISPLAYED_ANSWERS,MAX_ANSWERS,ANSWER_MAX_LENGTH,UPDATE_TIMESTAMP,UPDATE_USER,VER_NBR,OBJ_ID,DOCUMENT_NUMBER) values ((SELECT (MAX(ID)) FROM SEQ_QUESTIONNAIRE_REF_ID),22,1,'C','Select the field of training that best applies to the proposed award from the sub category list. A list of broad categories is available if there is no suitable subcategory, though use of broad categories is discouraged by the sponsor.','A',4,6,'org.kuali.kra.bo.ArgValueLookup','FieldOfTraining-SubCategory',null,1,100,NOW(), 'admin',1,UUID(),null)
/
INSERT INTO SEQ_QUESTIONNAIRE_REF_ID VALUES(NULL)
/
Insert into QUESTION (QUESTION_REF_ID,QUESTION_ID,SEQUENCE_NUMBER,SEQUENCE_STATUS,QUESTION,STATUS,GROUP_TYPE_CODE,QUESTION_TYPE_ID,LOOKUP_CLASS,LOOKUP_RETURN,DISPLAYED_ANSWERS,MAX_ANSWERS,ANSWER_MAX_LENGTH,UPDATE_TIMESTAMP,UPDATE_USER,VER_NBR,OBJ_ID,DOCUMENT_NUMBER) values ((SELECT (MAX(ID)) FROM SEQ_QUESTIONNAIRE_REF_ID),23,1,'C','Please only use one of these broader category descriptions of field of training if it is truly the best fit.','A',4,6,'org.kuali.kra.bo.ArgValueLookup','FieldOfTraining-Broad',null,1,100,NOW(), 'admin',1,UUID(),null)
/
INSERT INTO SEQ_QUESTIONNAIRE_REF_ID VALUES(NULL)
/
Insert into QUESTION (QUESTION_REF_ID,QUESTION_ID,SEQUENCE_NUMBER,SEQUENCE_STATUS,QUESTION,STATUS,GROUP_TYPE_CODE,QUESTION_TYPE_ID,LOOKUP_CLASS,LOOKUP_RETURN,DISPLAYED_ANSWERS,MAX_ANSWERS,ANSWER_MAX_LENGTH,UPDATE_TIMESTAMP,UPDATE_USER,VER_NBR,OBJ_ID,DOCUMENT_NUMBER) values ((SELECT (MAX(ID)) FROM SEQ_QUESTIONNAIRE_REF_ID),24,1,'C','If you have current or previous Kirschstein-NRSA support, check "yes" and provide details on the support in the following question.','A',4,1,null,null,null,1,1,NOW(), 'admin',1,UUID(),null)
/
INSERT INTO SEQ_QUESTIONNAIRE_REF_ID VALUES(NULL)
/
Insert into QUESTION (QUESTION_REF_ID,QUESTION_ID,SEQUENCE_NUMBER,SEQUENCE_STATUS,QUESTION,STATUS,GROUP_TYPE_CODE,QUESTION_TYPE_ID,LOOKUP_CLASS,LOOKUP_RETURN,DISPLAYED_ANSWERS,MAX_ANSWERS,ANSWER_MAX_LENGTH,UPDATE_TIMESTAMP,UPDATE_USER,VER_NBR,OBJ_ID,DOCUMENT_NUMBER) values ((SELECT (MAX(ID)) FROM SEQ_QUESTIONNAIRE_REF_ID),25,1,'C','What was the start date of this support? Enter the date in format MM/DD/YYYY, otherwise enter UNKNOWN','I',4,5,null,null,null,1,10,NOW(), 'admin',1,UUID(),null)
/
INSERT INTO SEQ_QUESTIONNAIRE_REF_ID VALUES(NULL)
/
Insert into QUESTION (QUESTION_REF_ID,QUESTION_ID,SEQUENCE_NUMBER,SEQUENCE_STATUS,QUESTION,STATUS,GROUP_TYPE_CODE,QUESTION_TYPE_ID,LOOKUP_CLASS,LOOKUP_RETURN,DISPLAYED_ANSWERS,MAX_ANSWERS,ANSWER_MAX_LENGTH,UPDATE_TIMESTAMP,UPDATE_USER,VER_NBR,OBJ_ID,DOCUMENT_NUMBER) values ((SELECT (MAX(ID)) FROM SEQ_QUESTIONNAIRE_REF_ID),26,1,'C','What was the end date of this support? Enter the date in format MM/DD/YYYY, otherwise enter UNKNOWN','I',4,5,null,null,null,1,10,NOW(), 'admin',1,UUID(),null)
/
INSERT INTO SEQ_QUESTIONNAIRE_REF_ID VALUES(NULL)
/
Insert into QUESTION (QUESTION_REF_ID,QUESTION_ID,SEQUENCE_NUMBER,SEQUENCE_STATUS,QUESTION,STATUS,GROUP_TYPE_CODE,QUESTION_TYPE_ID,LOOKUP_CLASS,LOOKUP_RETURN,DISPLAYED_ANSWERS,MAX_ANSWERS,ANSWER_MAX_LENGTH,UPDATE_TIMESTAMP,UPDATE_USER,VER_NBR,OBJ_ID,DOCUMENT_NUMBER) values ((SELECT (MAX(ID)) FROM SEQ_QUESTIONNAIRE_REF_ID),27,1,'C','Please enter the NIH grant number for this prior support, or return to the previous question and change your answer to No.','A',4,5,null,null,null,1,25,NOW(), 'admin',1,UUID(),null)
/
INSERT INTO SEQ_QUESTIONNAIRE_REF_ID VALUES(NULL)
/
Insert into QUESTION (QUESTION_REF_ID,QUESTION_ID,SEQUENCE_NUMBER,SEQUENCE_STATUS,QUESTION,STATUS,GROUP_TYPE_CODE,QUESTION_TYPE_ID,LOOKUP_CLASS,LOOKUP_RETURN,DISPLAYED_ANSWERS,MAX_ANSWERS,ANSWER_MAX_LENGTH,UPDATE_TIMESTAMP,UPDATE_USER,VER_NBR,OBJ_ID,DOCUMENT_NUMBER) values ((SELECT (MAX(ID)) FROM SEQ_QUESTIONNAIRE_REF_ID),28,1,'C','Has this application been previously submitted by a different institution?','A',4,1,null,null,null,1,1,NOW(), 'admin',1,'BCD9D2EDFA45CF23E040A8C002014D57',null)
/
INSERT INTO SEQ_QUESTIONNAIRE_REF_ID VALUES(NULL)
/
Insert into QUESTION (QUESTION_REF_ID,QUESTION_ID,SEQUENCE_NUMBER,SEQUENCE_STATUS,QUESTION,STATUS,GROUP_TYPE_CODE,QUESTION_TYPE_ID,LOOKUP_CLASS,LOOKUP_RETURN,DISPLAYED_ANSWERS,MAX_ANSWERS,ANSWER_MAX_LENGTH,UPDATE_TIMESTAMP,UPDATE_USER,VER_NBR,OBJ_ID,DOCUMENT_NUMBER) values ((SELECT (MAX(ID)) FROM SEQ_QUESTIONNAIRE_REF_ID),29,1,'C','If this application reflects a change in grantee institution, enter the name of the former institution here.','A',4,5,null,null,null,1,40,NOW(), 'admin',1,UUID(),null)
/
INSERT INTO SEQ_QUESTIONNAIRE_REF_ID VALUES(NULL)
/
Insert into QUESTION (QUESTION_REF_ID,QUESTION_ID,SEQUENCE_NUMBER,SEQUENCE_STATUS,QUESTION,STATUS,GROUP_TYPE_CODE,QUESTION_TYPE_ID,LOOKUP_CLASS,LOOKUP_RETURN,DISPLAYED_ANSWERS,MAX_ANSWERS,ANSWER_MAX_LENGTH,UPDATE_TIMESTAMP,UPDATE_USER,VER_NBR,OBJ_ID,DOCUMENT_NUMBER) values ((SELECT (MAX(ID)) FROM SEQ_QUESTIONNAIRE_REF_ID),30,1,'C','Please select the type of graduate level degree earned from the list. If the degree you''ve earned does not appear in the list, please select the most appropriate "other" degree type from the list.','A',4,6,'org.kuali.kra.bo.ArgValueLookup','GraduateLevelDegree',null,1,8,NOW(), 'admin',1,UUID(),null)
/
INSERT INTO SEQ_QUESTIONNAIRE_REF_ID VALUES(NULL)
/
Insert into QUESTION (QUESTION_REF_ID,QUESTION_ID,SEQUENCE_NUMBER,SEQUENCE_STATUS,QUESTION,STATUS,GROUP_TYPE_CODE,QUESTION_TYPE_ID,LOOKUP_CLASS,LOOKUP_RETURN,DISPLAYED_ANSWERS,MAX_ANSWERS,ANSWER_MAX_LENGTH,UPDATE_TIMESTAMP,UPDATE_USER,VER_NBR,OBJ_ID,DOCUMENT_NUMBER) values ((SELECT (MAX(ID)) FROM SEQ_QUESTIONNAIRE_REF_ID),31,1,'C','Do you have another current or prior Kirschstein-NRSA support award to report? Answer yes to record another award; maximum of 4 allowed on this form.','A',4,1,null,null,null,1,1,NOW(), 'admin',1,UUID(),null)
/
INSERT INTO SEQ_QUESTIONNAIRE_REF_ID VALUES(NULL)
/
Insert into QUESTION (QUESTION_REF_ID,QUESTION_ID,SEQUENCE_NUMBER,SEQUENCE_STATUS,QUESTION,STATUS,GROUP_TYPE_CODE,QUESTION_TYPE_ID,LOOKUP_CLASS,LOOKUP_RETURN,DISPLAYED_ANSWERS,MAX_ANSWERS,ANSWER_MAX_LENGTH,UPDATE_TIMESTAMP,UPDATE_USER,VER_NBR,OBJ_ID,DOCUMENT_NUMBER) values ((SELECT (MAX(ID)) FROM SEQ_QUESTIONNAIRE_REF_ID),32,1,'C','Was the Kirschstein NRSA support level for Predoctoral or Postdoctoral training?','A',4,6,'org.kuali.kra.bo.ArgValueLookup','Kirschstein-NRSASupportLevel',null,1,25,NOW(), 'admin',1,UUID(),null)
/
INSERT INTO SEQ_QUESTIONNAIRE_REF_ID VALUES(NULL)
/
Insert into QUESTION (QUESTION_REF_ID,QUESTION_ID,SEQUENCE_NUMBER,SEQUENCE_STATUS,QUESTION,STATUS,GROUP_TYPE_CODE,QUESTION_TYPE_ID,LOOKUP_CLASS,LOOKUP_RETURN,DISPLAYED_ANSWERS,MAX_ANSWERS,ANSWER_MAX_LENGTH,UPDATE_TIMESTAMP,UPDATE_USER,VER_NBR,OBJ_ID,DOCUMENT_NUMBER) values ((SELECT (MAX(ID)) FROM SEQ_QUESTIONNAIRE_REF_ID),33,1,'C','Was the prior Kirschstein NRSA support for an Individual or an Institution?','A',4,6,'org.kuali.kra.bo.ArgValueLookup','Kirschstein-NRSAAwardTYPE',null,1,25,NOW(), 'admin',1,UUID(),null)
/
INSERT INTO SEQ_QUESTIONNAIRE_REF_ID VALUES(NULL)
/
Insert into QUESTION (QUESTION_REF_ID,QUESTION_ID,SEQUENCE_NUMBER,SEQUENCE_STATUS,QUESTION,STATUS,GROUP_TYPE_CODE,QUESTION_TYPE_ID,LOOKUP_CLASS,LOOKUP_RETURN,DISPLAYED_ANSWERS,MAX_ANSWERS,ANSWER_MAX_LENGTH,UPDATE_TIMESTAMP,UPDATE_USER,VER_NBR,OBJ_ID,DOCUMENT_NUMBER) values ((SELECT (MAX(ID)) FROM SEQ_QUESTIONNAIRE_REF_ID),34,1,'C','What date did you earn the graduate degree? Type in format MM/DD/YYYY or use the calendar tool.','A',4,4,null,null,null,1,0,NOW(), 'admin',1,UUID(),null)
/
INSERT INTO SEQ_QUESTIONNAIRE_REF_ID VALUES(NULL)
/
Insert into QUESTION (QUESTION_REF_ID,QUESTION_ID,SEQUENCE_NUMBER,SEQUENCE_STATUS,QUESTION,STATUS,GROUP_TYPE_CODE,QUESTION_TYPE_ID,LOOKUP_CLASS,LOOKUP_RETURN,DISPLAYED_ANSWERS,MAX_ANSWERS,ANSWER_MAX_LENGTH,UPDATE_TIMESTAMP,UPDATE_USER,VER_NBR,OBJ_ID,DOCUMENT_NUMBER) values ((SELECT (MAX(ID)) FROM SEQ_QUESTIONNAIRE_REF_ID),35,1,'C','For the degree sought during the proposed award, what is the expected degree completion date? Type in format MM/DD/YYYY or use the calendar tool.','A',4,4,null,null,null,1,0,NOW(), 'admin',1,UUID(),null)
/
INSERT INTO SEQ_QUESTIONNAIRE_REF_ID VALUES(NULL)
/
Insert into QUESTION (QUESTION_REF_ID,QUESTION_ID,SEQUENCE_NUMBER,SEQUENCE_STATUS,QUESTION,STATUS,GROUP_TYPE_CODE,QUESTION_TYPE_ID,LOOKUP_CLASS,LOOKUP_RETURN,DISPLAYED_ANSWERS,MAX_ANSWERS,ANSWER_MAX_LENGTH,UPDATE_TIMESTAMP,UPDATE_USER,VER_NBR,OBJ_ID,DOCUMENT_NUMBER) values ((SELECT (MAX(ID)) FROM SEQ_QUESTIONNAIRE_REF_ID),36,1,'C','Is this a Senior Fellowship Application?','A',4,1,null,null,null,1,1,NOW(), 'admin',1,UUID(),null)
/
INSERT INTO SEQ_QUESTIONNAIRE_REF_ID VALUES(NULL)
/
Insert into QUESTION (QUESTION_REF_ID,QUESTION_ID,SEQUENCE_NUMBER,SEQUENCE_STATUS,QUESTION,STATUS,GROUP_TYPE_CODE,QUESTION_TYPE_ID,LOOKUP_CLASS,LOOKUP_RETURN,DISPLAYED_ANSWERS,MAX_ANSWERS,ANSWER_MAX_LENGTH,UPDATE_TIMESTAMP,UPDATE_USER,VER_NBR,OBJ_ID,DOCUMENT_NUMBER) values ((SELECT (MAX(ID)) FROM SEQ_QUESTIONNAIRE_REF_ID),37,1,'C','Are you receiving any supplementation funds from other sources? (sabbatical leave, salary, etc?)','A',4,1,null,null,null,1,1,NOW(), 'admin',1,UUID(),null)
/
INSERT INTO SEQ_QUESTIONNAIRE_REF_ID VALUES(NULL)
/
Insert into QUESTION (QUESTION_REF_ID,QUESTION_ID,SEQUENCE_NUMBER,SEQUENCE_STATUS,QUESTION,STATUS,GROUP_TYPE_CODE,QUESTION_TYPE_ID,LOOKUP_CLASS,LOOKUP_RETURN,DISPLAYED_ANSWERS,MAX_ANSWERS,ANSWER_MAX_LENGTH,UPDATE_TIMESTAMP,UPDATE_USER,VER_NBR,OBJ_ID,DOCUMENT_NUMBER) values ((SELECT (MAX(ID)) FROM SEQ_QUESTIONNAIRE_REF_ID),38,1,'C','What is the supplemental funding amount anticipated for the first year of the proposed fellowship? (Enter a numeric value only, no commas or non-numeric characters).','A',4,3,null,null,null,1,6,NOW(), 'admin',1,UUID(),null)
/
INSERT INTO SEQ_QUESTIONNAIRE_REF_ID VALUES(NULL)
/
Insert into QUESTION (QUESTION_REF_ID,QUESTION_ID,SEQUENCE_NUMBER,SEQUENCE_STATUS,QUESTION,STATUS,GROUP_TYPE_CODE,QUESTION_TYPE_ID,LOOKUP_CLASS,LOOKUP_RETURN,DISPLAYED_ANSWERS,MAX_ANSWERS,ANSWER_MAX_LENGTH,UPDATE_TIMESTAMP,UPDATE_USER,VER_NBR,OBJ_ID,DOCUMENT_NUMBER) values ((SELECT (MAX(ID)) FROM SEQ_QUESTIONNAIRE_REF_ID),39,1,'C','Enter the number of months receiving the supplemental funds in the first year of the proposed fellowship. Fractions of months (using two decimal places) may be expressed. (Enter a numeric value only, no commas or non-numeric characters).','I',4,3,null,null,null,1,5,NOW(), 'admin',1,UUID(),null)
/
INSERT INTO SEQ_QUESTIONNAIRE_REF_ID VALUES(NULL)
/
Insert into QUESTION (QUESTION_REF_ID,QUESTION_ID,SEQUENCE_NUMBER,SEQUENCE_STATUS,QUESTION,STATUS,GROUP_TYPE_CODE,QUESTION_TYPE_ID,LOOKUP_CLASS,LOOKUP_RETURN,DISPLAYED_ANSWERS,MAX_ANSWERS,ANSWER_MAX_LENGTH,UPDATE_TIMESTAMP,UPDATE_USER,VER_NBR,OBJ_ID,DOCUMENT_NUMBER) values ((SELECT (MAX(ID)) FROM SEQ_QUESTIONNAIRE_REF_ID),40,1,'C','Enter the type of supplemental funding (sabbatical leave, salary, etc.)','A',4,5,null,null,null,1,50,NOW(), 'admin',1,UUID(),null)
/
INSERT INTO SEQ_QUESTIONNAIRE_REF_ID VALUES(NULL)
/
Insert into QUESTION (QUESTION_REF_ID,QUESTION_ID,SEQUENCE_NUMBER,SEQUENCE_STATUS,QUESTION,STATUS,GROUP_TYPE_CODE,QUESTION_TYPE_ID,LOOKUP_CLASS,LOOKUP_RETURN,DISPLAYED_ANSWERS,MAX_ANSWERS,ANSWER_MAX_LENGTH,UPDATE_TIMESTAMP,UPDATE_USER,VER_NBR,OBJ_ID,DOCUMENT_NUMBER) values ((SELECT (MAX(ID)) FROM SEQ_QUESTIONNAIRE_REF_ID),41,1,'C','What is the source of the supplemental funding?','A',4,5,null,null,null,1,100,NOW(), 'admin',1,UUID(),null)
/
INSERT INTO SEQ_QUESTIONNAIRE_REF_ID VALUES(NULL)
/
Insert into QUESTION (QUESTION_REF_ID,QUESTION_ID,SEQUENCE_NUMBER,SEQUENCE_STATUS,QUESTION,STATUS,GROUP_TYPE_CODE,QUESTION_TYPE_ID,LOOKUP_CLASS,LOOKUP_RETURN,DISPLAYED_ANSWERS,MAX_ANSWERS,ANSWER_MAX_LENGTH,UPDATE_TIMESTAMP,UPDATE_USER,VER_NBR,OBJ_ID,DOCUMENT_NUMBER) values ((SELECT (MAX(ID)) FROM SEQ_QUESTIONNAIRE_REF_ID),42,1,'C','Are you seeking a degree during the proposed Award','A',4,1,null,null,null,1,1,NOW(), 'admin',1,UUID(),null)
/
INSERT INTO SEQ_QUESTIONNAIRE_REF_ID VALUES(NULL)
/
Insert into QUESTION (QUESTION_REF_ID,QUESTION_ID,SEQUENCE_NUMBER,SEQUENCE_STATUS,QUESTION,STATUS,GROUP_TYPE_CODE,QUESTION_TYPE_ID,LOOKUP_CLASS,LOOKUP_RETURN,DISPLAYED_ANSWERS,MAX_ANSWERS,ANSWER_MAX_LENGTH,UPDATE_TIMESTAMP,UPDATE_USER,VER_NBR,OBJ_ID,DOCUMENT_NUMBER) values ((SELECT (MAX(ID)) FROM SEQ_QUESTIONNAIRE_REF_ID),43,1,'C','Do you know the START date of this current or prior support?','A',4,1,null,null,null,1,1,NOW(), 'admin',1,UUID(),null)
/
INSERT INTO SEQ_QUESTIONNAIRE_REF_ID VALUES(NULL)
/
Insert into QUESTION (QUESTION_REF_ID,QUESTION_ID,SEQUENCE_NUMBER,SEQUENCE_STATUS,QUESTION,STATUS,GROUP_TYPE_CODE,QUESTION_TYPE_ID,LOOKUP_CLASS,LOOKUP_RETURN,DISPLAYED_ANSWERS,MAX_ANSWERS,ANSWER_MAX_LENGTH,UPDATE_TIMESTAMP,UPDATE_USER,VER_NBR,OBJ_ID,DOCUMENT_NUMBER) values ((SELECT (MAX(ID)) FROM SEQ_QUESTIONNAIRE_REF_ID),44,1,'C','What was the start date of this support? Enter the date in 10 character format MM/DD/YYYY or use the calendar tool.','A',4,4,null,null,null,1,0,NOW(), 'admin',1,UUID(),null)
/
INSERT INTO SEQ_QUESTIONNAIRE_REF_ID VALUES(NULL)
/
Insert into QUESTION (QUESTION_REF_ID,QUESTION_ID,SEQUENCE_NUMBER,SEQUENCE_STATUS,QUESTION,STATUS,GROUP_TYPE_CODE,QUESTION_TYPE_ID,LOOKUP_CLASS,LOOKUP_RETURN,DISPLAYED_ANSWERS,MAX_ANSWERS,ANSWER_MAX_LENGTH,UPDATE_TIMESTAMP,UPDATE_USER,VER_NBR,OBJ_ID,DOCUMENT_NUMBER) values ((SELECT (MAX(ID)) FROM SEQ_QUESTIONNAIRE_REF_ID),45,1,'C','What was the end date of this support? Enter the date in 10 character format MM/DD/YYYY or use the calendar tool.','A',4,4,null,null,null,1,0,NOW(), 'admin',1,UUID(),null)
/
INSERT INTO SEQ_QUESTIONNAIRE_REF_ID VALUES(NULL)
/
Insert into QUESTION (QUESTION_REF_ID,QUESTION_ID,SEQUENCE_NUMBER,SEQUENCE_STATUS,QUESTION,STATUS,GROUP_TYPE_CODE,QUESTION_TYPE_ID,LOOKUP_CLASS,LOOKUP_RETURN,DISPLAYED_ANSWERS,MAX_ANSWERS,ANSWER_MAX_LENGTH,UPDATE_TIMESTAMP,UPDATE_USER,VER_NBR,OBJ_ID,DOCUMENT_NUMBER) values ((SELECT (MAX(ID)) FROM SEQ_QUESTIONNAIRE_REF_ID),46,1,'C','Do you know the NIH grant number for this prior support?','A',4,1,null,null,null,1,1,NOW(), 'admin',1,UUID(),null)
/
INSERT INTO SEQ_QUESTIONNAIRE_REF_ID VALUES(NULL)
/
Insert into QUESTION (QUESTION_REF_ID,QUESTION_ID,SEQUENCE_NUMBER,SEQUENCE_STATUS,QUESTION,STATUS,GROUP_TYPE_CODE,QUESTION_TYPE_ID,LOOKUP_CLASS,LOOKUP_RETURN,DISPLAYED_ANSWERS,MAX_ANSWERS,ANSWER_MAX_LENGTH,UPDATE_TIMESTAMP,UPDATE_USER,VER_NBR,OBJ_ID,DOCUMENT_NUMBER) values ((SELECT (MAX(ID)) FROM SEQ_QUESTIONNAIRE_REF_ID),47,1,'C','Please enter the dollar amount of your present institutional base salary. Do not use commas or decimal points','A',4,3,null,null,null,1,6,NOW(), 'admin',1,UUID(),null)
/
INSERT INTO SEQ_QUESTIONNAIRE_REF_ID VALUES(NULL)
/
Insert into QUESTION (QUESTION_REF_ID,QUESTION_ID,SEQUENCE_NUMBER,SEQUENCE_STATUS,QUESTION,STATUS,GROUP_TYPE_CODE,QUESTION_TYPE_ID,LOOKUP_CLASS,LOOKUP_RETURN,DISPLAYED_ANSWERS,MAX_ANSWERS,ANSWER_MAX_LENGTH,UPDATE_TIMESTAMP,UPDATE_USER,VER_NBR,OBJ_ID,DOCUMENT_NUMBER) values ((SELECT (MAX(ID)) FROM SEQ_QUESTIONNAIRE_REF_ID),49,1,'C','Do you know the END date of this current or prior support?','A',4,1,null,null,null,1,1,NOW(), 'admin',1,UUID(),null)
/
INSERT INTO SEQ_QUESTIONNAIRE_REF_ID VALUES(NULL)
/
Insert into QUESTION (QUESTION_REF_ID,QUESTION_ID,SEQUENCE_NUMBER,SEQUENCE_STATUS,QUESTION,STATUS,GROUP_TYPE_CODE,QUESTION_TYPE_ID,LOOKUP_CLASS,LOOKUP_RETURN,DISPLAYED_ANSWERS,MAX_ANSWERS,ANSWER_MAX_LENGTH,UPDATE_TIMESTAMP,UPDATE_USER,VER_NBR,OBJ_ID,DOCUMENT_NUMBER) values ((SELECT (MAX(ID)) FROM SEQ_QUESTIONNAIRE_REF_ID),50,1,'C','Please enter the number of months you will receive the salary in the first year of the proposed fellowship. Fractions of months (using two decimal places) may be entered. The number may not be more than 12, but may include a decimal indicating partial months (e.g., 9.5).','A',4,5,null,null,null,1,5,NOW(), 'admin',1,UUID(),null)
/
INSERT INTO SEQ_QUESTIONNAIRE_REF_ID VALUES(NULL)
/
Insert into QUESTION (QUESTION_REF_ID,QUESTION_ID,SEQUENCE_NUMBER,SEQUENCE_STATUS,QUESTION,STATUS,GROUP_TYPE_CODE,QUESTION_TYPE_ID,LOOKUP_CLASS,LOOKUP_RETURN,DISPLAYED_ANSWERS,MAX_ANSWERS,ANSWER_MAX_LENGTH,UPDATE_TIMESTAMP,UPDATE_USER,VER_NBR,OBJ_ID,DOCUMENT_NUMBER) values ((SELECT (MAX(ID)) FROM SEQ_QUESTIONNAIRE_REF_ID),51,1,'C','Enter the number of months receiving the supplemental funds in the first year of the proposed fellowship. The number may not be more than 12.','A',4,5,null,null,null,1,5,NOW(), 'admin',1,UUID(),null)
/
INSERT INTO SEQ_QUESTIONNAIRE_REF_ID VALUES(NULL)
/
Insert into QUESTION (QUESTION_REF_ID,QUESTION_ID,SEQUENCE_NUMBER,SEQUENCE_STATUS,QUESTION,STATUS,GROUP_TYPE_CODE,QUESTION_TYPE_ID,LOOKUP_CLASS,LOOKUP_RETURN,DISPLAYED_ANSWERS,MAX_ANSWERS,ANSWER_MAX_LENGTH,UPDATE_TIMESTAMP,UPDATE_USER,VER_NBR,OBJ_ID,DOCUMENT_NUMBER) values ((SELECT (MAX(ID)) FROM SEQ_QUESTIONNAIRE_REF_ID),52,1,'C','Are you currently serving (or have previously served) as a PI, co-PI or Program Director (PD) on any Federally funded project?','A',4,1,null,null,null,1,1,NOW(), 'admin',1,UUID(),null)
/
INSERT INTO SEQ_QUESTIONNAIRE_REF_ID VALUES(NULL)
/
Insert into QUESTION (QUESTION_REF_ID,QUESTION_ID,SEQUENCE_NUMBER,SEQUENCE_STATUS,QUESTION,STATUS,GROUP_TYPE_CODE,QUESTION_TYPE_ID,LOOKUP_CLASS,LOOKUP_RETURN,DISPLAYED_ANSWERS,MAX_ANSWERS,ANSWER_MAX_LENGTH,UPDATE_TIMESTAMP,UPDATE_USER,VER_NBR,OBJ_ID,DOCUMENT_NUMBER) values ((SELECT (MAX(ID)) FROM SEQ_QUESTIONNAIRE_REF_ID),53,1,'C','Are you an NSF Beginning Investigator (GPG Chapter I.G.2)?','A',4,1,null,null,null,1,1,NOW(), 'admin',1,UUID(),null)
/
INSERT INTO SEQ_QUESTIONNAIRE_REF_ID VALUES(NULL)
/
Insert into QUESTION (QUESTION_REF_ID,QUESTION_ID,SEQUENCE_NUMBER,SEQUENCE_STATUS,QUESTION,STATUS,GROUP_TYPE_CODE,QUESTION_TYPE_ID,LOOKUP_CLASS,LOOKUP_RETURN,DISPLAYED_ANSWERS,MAX_ANSWERS,ANSWER_MAX_LENGTH,UPDATE_TIMESTAMP,UPDATE_USER,VER_NBR,OBJ_ID,DOCUMENT_NUMBER) values ((SELECT (MAX(ID)) FROM SEQ_QUESTIONNAIRE_REF_ID),54,1,'C','Does this proposal include a request for Rapid Response Grants? RAPID (GPG, Chapter II.D.1)','A',4,1,null,null,null,1,1,NOW(), 'admin',1,UUID(),null)
/
INSERT INTO SEQ_QUESTIONNAIRE_REF_ID VALUES(NULL)
/
Insert into QUESTION (QUESTION_REF_ID,QUESTION_ID,SEQUENCE_NUMBER,SEQUENCE_STATUS,QUESTION,STATUS,GROUP_TYPE_CODE,QUESTION_TYPE_ID,LOOKUP_CLASS,LOOKUP_RETURN,DISPLAYED_ANSWERS,MAX_ANSWERS,ANSWER_MAX_LENGTH,UPDATE_TIMESTAMP,UPDATE_USER,VER_NBR,OBJ_ID,DOCUMENT_NUMBER) values ((SELECT (MAX(ID)) FROM SEQ_QUESTIONNAIRE_REF_ID),55,1,'C','Does this proposal include a request for EArly-concept Grants for Exploratory Research? EAGER (GPG, Chapter II.D.2)','A',4,1,null,null,null,1,1,NOW(), 'admin',1,UUID(),null)
/
INSERT INTO SEQ_QUESTIONNAIRE_REF_ID VALUES(NULL)
/
Insert into QUESTION (QUESTION_REF_ID,QUESTION_ID,SEQUENCE_NUMBER,SEQUENCE_STATUS,QUESTION,STATUS,GROUP_TYPE_CODE,QUESTION_TYPE_ID,LOOKUP_CLASS,LOOKUP_RETURN,DISPLAYED_ANSWERS,MAX_ANSWERS,ANSWER_MAX_LENGTH,UPDATE_TIMESTAMP,UPDATE_USER,VER_NBR,OBJ_ID,DOCUMENT_NUMBER) values ((SELECT (MAX(ID)) FROM SEQ_QUESTIONNAIRE_REF_ID),56,1,'C','Is this proposal an NSF Accomplishment Based renewal? (GPG, Chapter V.B.)','A',4,1,null,null,null,1,1,NOW(), 'admin',1,UUID(),null)
/
INSERT INTO SEQ_QUESTIONNAIRE_REF_ID VALUES(NULL)
/
Insert into QUESTION (QUESTION_REF_ID,QUESTION_ID,SEQUENCE_NUMBER,SEQUENCE_STATUS,QUESTION,STATUS,GROUP_TYPE_CODE,QUESTION_TYPE_ID,LOOKUP_CLASS,LOOKUP_RETURN,DISPLAYED_ANSWERS,MAX_ANSWERS,ANSWER_MAX_LENGTH,UPDATE_TIMESTAMP,UPDATE_USER,VER_NBR,OBJ_ID,DOCUMENT_NUMBER) values ((SELECT (MAX(ID)) FROM SEQ_QUESTIONNAIRE_REF_ID),57,1,'C','Does the proposal contain high resolution graphics or other graphics where exact color representation is required for proper interpretation (GPG, Chapter I.G.1)?','A',4,1,null,null,null,1,1,NOW(), 'admin',1,UUID(),null)
/
INSERT INTO SEQ_QUESTIONNAIRE_REF_ID VALUES(NULL)
/
Insert into QUESTION (QUESTION_REF_ID,QUESTION_ID,SEQUENCE_NUMBER,SEQUENCE_STATUS,QUESTION,STATUS,GROUP_TYPE_CODE,QUESTION_TYPE_ID,LOOKUP_CLASS,LOOKUP_RETURN,DISPLAYED_ANSWERS,MAX_ANSWERS,ANSWER_MAX_LENGTH,UPDATE_TIMESTAMP,UPDATE_USER,VER_NBR,OBJ_ID,DOCUMENT_NUMBER) values ((SELECT (MAX(ID)) FROM SEQ_QUESTIONNAIRE_REF_ID),58,1,'C','Is this a new full application related to a submission of a preliminary application?','I',4,2,null,null,null,1,1,NOW(), 'admin',1,UUID(),null)
/
INSERT INTO SEQ_QUESTIONNAIRE_REF_ID VALUES(NULL)
/
Insert into QUESTION (QUESTION_REF_ID,QUESTION_ID,SEQUENCE_NUMBER,SEQUENCE_STATUS,QUESTION,STATUS,GROUP_TYPE_CODE,QUESTION_TYPE_ID,LOOKUP_CLASS,LOOKUP_RETURN,DISPLAYED_ANSWERS,MAX_ANSWERS,ANSWER_MAX_LENGTH,UPDATE_TIMESTAMP,UPDATE_USER,VER_NBR,OBJ_ID,DOCUMENT_NUMBER) values ((SELECT (MAX(ID)) FROM SEQ_QUESTIONNAIRE_REF_ID),59,1,'C','Did you ensure both merit review criteria are described as an integral part of the narrative? See GPG Chapter II.C.2.d(I).2.','I',4,2,null,null,null,1,1,NOW(), 'admin',1,UUID(),null)
/
INSERT INTO SEQ_QUESTIONNAIRE_REF_ID VALUES(NULL)
/
Insert into QUESTION (QUESTION_REF_ID,QUESTION_ID,SEQUENCE_NUMBER,SEQUENCE_STATUS,QUESTION,STATUS,GROUP_TYPE_CODE,QUESTION_TYPE_ID,LOOKUP_CLASS,LOOKUP_RETURN,DISPLAYED_ANSWERS,MAX_ANSWERS,ANSWER_MAX_LENGTH,UPDATE_TIMESTAMP,UPDATE_USER,VER_NBR,OBJ_ID,DOCUMENT_NUMBER) values ((SELECT (MAX(ID)) FROM SEQ_QUESTIONNAIRE_REF_ID),60,1,'C','Does your proposal include funding to support postdoctoral researcher(s)?','I',4,1,null,null,null,1,1,NOW(), 'admin',1,UUID(),null)
/
INSERT INTO SEQ_QUESTIONNAIRE_REF_ID VALUES(NULL)
/
Insert into QUESTION (QUESTION_REF_ID,QUESTION_ID,SEQUENCE_NUMBER,SEQUENCE_STATUS,QUESTION,STATUS,GROUP_TYPE_CODE,QUESTION_TYPE_ID,LOOKUP_CLASS,LOOKUP_RETURN,DISPLAYED_ANSWERS,MAX_ANSWERS,ANSWER_MAX_LENGTH,UPDATE_TIMESTAMP,UPDATE_USER,VER_NBR,OBJ_ID,DOCUMENT_NUMBER) values ((SELECT (MAX(ID)) FROM SEQ_QUESTIONNAIRE_REF_ID),61,1,'C','Did you include a section describing the mentoring activities provided for the postdoctoral researcher(s) within the 15 page Project Description?','I',4,1,null,null,null,1,1,NOW(), 'admin',1,UUID(),null)
/
INSERT INTO SEQ_QUESTIONNAIRE_REF_ID VALUES(NULL)
/
Insert into QUESTION (QUESTION_REF_ID,QUESTION_ID,SEQUENCE_NUMBER,SEQUENCE_STATUS,QUESTION,STATUS,GROUP_TYPE_CODE,QUESTION_TYPE_ID,LOOKUP_CLASS,LOOKUP_RETURN,DISPLAYED_ANSWERS,MAX_ANSWERS,ANSWER_MAX_LENGTH,UPDATE_TIMESTAMP,UPDATE_USER,VER_NBR,OBJ_ID,DOCUMENT_NUMBER) values ((SELECT (MAX(ID)) FROM SEQ_QUESTIONNAIRE_REF_ID),62,1,'C','Results from prior NSF support: Has the PI or any co-PI identified on the project received NSF funding in the past five (5) years?','I',4,1,null,null,null,1,1,NOW(), 'admin',1,UUID(),null)
/
INSERT INTO SEQ_QUESTIONNAIRE_REF_ID VALUES(NULL)
/
Insert into QUESTION (QUESTION_REF_ID,QUESTION_ID,SEQUENCE_NUMBER,SEQUENCE_STATUS,QUESTION,STATUS,GROUP_TYPE_CODE,QUESTION_TYPE_ID,LOOKUP_CLASS,LOOKUP_RETURN,DISPLAYED_ANSWERS,MAX_ANSWERS,ANSWER_MAX_LENGTH,UPDATE_TIMESTAMP,UPDATE_USER,VER_NBR,OBJ_ID,DOCUMENT_NUMBER) values ((SELECT (MAX(ID)) FROM SEQ_QUESTIONNAIRE_REF_ID),63,1,'C','If there was more than one award, did you include the required information in the project narrative? See GPG Chapter II.C.2.d.(iii).','I',4,2,null,null,null,1,1,NOW(), 'admin',1,UUID(),null)
/
INSERT INTO SEQ_QUESTIONNAIRE_REF_ID VALUES(NULL)
/
Insert into QUESTION (QUESTION_REF_ID,QUESTION_ID,SEQUENCE_NUMBER,SEQUENCE_STATUS,QUESTION,STATUS,GROUP_TYPE_CODE,QUESTION_TYPE_ID,LOOKUP_CLASS,LOOKUP_RETURN,DISPLAYED_ANSWERS,MAX_ANSWERS,ANSWER_MAX_LENGTH,UPDATE_TIMESTAMP,UPDATE_USER,VER_NBR,OBJ_ID,DOCUMENT_NUMBER) values ((SELECT (MAX(ID)) FROM SEQ_QUESTIONNAIRE_REF_ID),64,1,'C','Is the Project Narrative self-contained? NSF PI''s are cautioned that URLs (Internet addresses) that provide information necessary to the review of the application should not be used because reviewers are under no obligation to view such sites. See GPG Chapter II.C.2.d.(ii).','I',4,2,null,null,null,1,1,NOW(), 'admin',1,UUID(),null)
/
INSERT INTO SEQ_QUESTIONNAIRE_REF_ID VALUES(NULL)
/
Insert into QUESTION (QUESTION_REF_ID,QUESTION_ID,SEQUENCE_NUMBER,SEQUENCE_STATUS,QUESTION,STATUS,GROUP_TYPE_CODE,QUESTION_TYPE_ID,LOOKUP_CLASS,LOOKUP_RETURN,DISPLAYED_ANSWERS,MAX_ANSWERS,ANSWER_MAX_LENGTH,UPDATE_TIMESTAMP,UPDATE_USER,VER_NBR,OBJ_ID,DOCUMENT_NUMBER) values ((SELECT (MAX(ID)) FROM SEQ_QUESTIONNAIRE_REF_ID),65,1,'C','Did you include the required information on human resources development at the postdoctoral, graduate and undergraduate levels?','I',4,2,null,null,null,1,1,NOW(), 'admin',1,UUID(),null)
/
INSERT INTO SEQ_QUESTIONNAIRE_REF_ID VALUES(NULL)
/
Insert into QUESTION (QUESTION_REF_ID,QUESTION_ID,SEQUENCE_NUMBER,SEQUENCE_STATUS,QUESTION,STATUS,GROUP_TYPE_CODE,QUESTION_TYPE_ID,LOOKUP_CLASS,LOOKUP_RETURN,DISPLAYED_ANSWERS,MAX_ANSWERS,ANSWER_MAX_LENGTH,UPDATE_TIMESTAMP,UPDATE_USER,VER_NBR,OBJ_ID,DOCUMENT_NUMBER) values ((SELECT (MAX(ID)) FROM SEQ_QUESTIONNAIRE_REF_ID),99,1,'C','Please select the type of degree sought during the proposed award, from the list of options provided. If the degree being sought does not appear on the list, please select the most appropriate "other" degree type from the list.','A',5,6,'org.kuali.kra.bo.ArgValueLookup',null,null,1,8,NOW(), 'admin',1,UUID(),null)
/
INSERT INTO SEQ_QUESTIONNAIRE_REF_ID VALUES(NULL)
/
Insert into QUESTION (QUESTION_REF_ID,QUESTION_ID,SEQUENCE_NUMBER,SEQUENCE_STATUS,QUESTION,STATUS,GROUP_TYPE_CODE,QUESTION_TYPE_ID,LOOKUP_CLASS,LOOKUP_RETURN,DISPLAYED_ANSWERS,MAX_ANSWERS,ANSWER_MAX_LENGTH,UPDATE_TIMESTAMP,UPDATE_USER,VER_NBR,OBJ_ID,DOCUMENT_NUMBER) values ((SELECT (MAX(ID)) FROM SEQ_QUESTIONNAIRE_REF_ID),100,1,'C','Please provide the specific Other (OTH) degree type here','A',4,5,null,null,null,1,10,NOW(), 'admin',1,UUID(),null)
/
INSERT INTO SEQ_QUESTIONNAIRE_REF_ID VALUES(NULL)
/
Insert into QUESTION (QUESTION_REF_ID,QUESTION_ID,SEQUENCE_NUMBER,SEQUENCE_STATUS,QUESTION,STATUS,GROUP_TYPE_CODE,QUESTION_TYPE_ID,LOOKUP_CLASS,LOOKUP_RETURN,DISPLAYED_ANSWERS,MAX_ANSWERS,ANSWER_MAX_LENGTH,UPDATE_TIMESTAMP,UPDATE_USER,VER_NBR,OBJ_ID,DOCUMENT_NUMBER) values ((SELECT (MAX(ID)) FROM SEQ_QUESTIONNAIRE_REF_ID),101,1,'C','Will any civil service personnel work on this project?','A',2,1,null,null,null,1,1,NOW(), 'admin',1,UUID(),null)
/
INSERT INTO SEQ_QUESTIONNAIRE_REF_ID VALUES(NULL)
/
Insert into QUESTION (QUESTION_REF_ID,QUESTION_ID,SEQUENCE_NUMBER,SEQUENCE_STATUS,QUESTION,STATUS,GROUP_TYPE_CODE,QUESTION_TYPE_ID,LOOKUP_CLASS,LOOKUP_RETURN,DISPLAYED_ANSWERS,MAX_ANSWERS,ANSWER_MAX_LENGTH,UPDATE_TIMESTAMP,UPDATE_USER,VER_NBR,OBJ_ID,DOCUMENT_NUMBER) values ((SELECT (MAX(ID)) FROM SEQ_QUESTIONNAIRE_REF_ID),102,1,'C','Please record the total number of civil service FTEs by Government fiscal year in the upcoming questions. Up to six (6) fiscal years can be detailed on this form.','A',2,1,null,null,null,1,1,NOW(), 'admin',1,UUID(),null)
/
INSERT INTO SEQ_QUESTIONNAIRE_REF_ID VALUES(NULL)
/
Insert into QUESTION (QUESTION_REF_ID,QUESTION_ID,SEQUENCE_NUMBER,SEQUENCE_STATUS,QUESTION,STATUS,GROUP_TYPE_CODE,QUESTION_TYPE_ID,LOOKUP_CLASS,LOOKUP_RETURN,DISPLAYED_ANSWERS,MAX_ANSWERS,ANSWER_MAX_LENGTH,UPDATE_TIMESTAMP,UPDATE_USER,VER_NBR,OBJ_ID,DOCUMENT_NUMBER) values ((SELECT (MAX(ID)) FROM SEQ_QUESTIONNAIRE_REF_ID),103,1,'C','Select a Government Fiscal Year from the list to report the FTE''s (Form version 1-0 supports years 2006-2021)','A',2,6,'org.kuali.kra.bo.ArgValueLookup','Fiscal_Year',null,1,4,NOW(), 'admin',1,UUID(),null)
/
INSERT INTO SEQ_QUESTIONNAIRE_REF_ID VALUES(NULL)
/
Insert into QUESTION (QUESTION_REF_ID,QUESTION_ID,SEQUENCE_NUMBER,SEQUENCE_STATUS,QUESTION,STATUS,GROUP_TYPE_CODE,QUESTION_TYPE_ID,LOOKUP_CLASS,LOOKUP_RETURN,DISPLAYED_ANSWERS,MAX_ANSWERS,ANSWER_MAX_LENGTH,UPDATE_TIMESTAMP,UPDATE_USER,VER_NBR,OBJ_ID,DOCUMENT_NUMBER) values ((SELECT (MAX(ID)) FROM SEQ_QUESTIONNAIRE_REF_ID),104,1,'C','Enter the Number of FTE''s for the selected Fiscal Year.','A',2,3,null,null,null,1,4,NOW(), 'admin',1,UUID(),null)
/
INSERT INTO SEQ_QUESTIONNAIRE_REF_ID VALUES(NULL)
/
Insert into QUESTION (QUESTION_REF_ID,QUESTION_ID,SEQUENCE_NUMBER,SEQUENCE_STATUS,QUESTION,STATUS,GROUP_TYPE_CODE,QUESTION_TYPE_ID,LOOKUP_CLASS,LOOKUP_RETURN,DISPLAYED_ANSWERS,MAX_ANSWERS,ANSWER_MAX_LENGTH,UPDATE_TIMESTAMP,UPDATE_USER,VER_NBR,OBJ_ID,DOCUMENT_NUMBER) values ((SELECT (MAX(ID)) FROM SEQ_QUESTIONNAIRE_REF_ID),105,1,'C','Is there another year to report?','A',2,1,null,null,null,1,1,NOW(), 'admin',1,UUID(),null)
/
INSERT INTO SEQ_QUESTIONNAIRE_REF_ID VALUES(NULL)
/
Insert into QUESTION (QUESTION_REF_ID,QUESTION_ID,SEQUENCE_NUMBER,SEQUENCE_STATUS,QUESTION,STATUS,GROUP_TYPE_CODE,QUESTION_TYPE_ID,LOOKUP_CLASS,LOOKUP_RETURN,DISPLAYED_ANSWERS,MAX_ANSWERS,ANSWER_MAX_LENGTH,UPDATE_TIMESTAMP,UPDATE_USER,VER_NBR,OBJ_ID,DOCUMENT_NUMBER) values ((SELECT (MAX(ID)) FROM SEQ_QUESTIONNAIRE_REF_ID),48,1,'C','Please select the academic period of time on which the salary is determined (e.g., academic year of 9 months, full-time 12 months, etc. Select a value from the list presented:','A',4,6,'org.kuali.kra.bo.ArgValueLookup','AcademicAppointmentPeriod',null,1,15,NOW(), 'admin',1,UUID(),null)
/
INSERT INTO SEQ_QUESTIONNAIRE_REF_ID VALUES(NULL)
/
Insert into QUESTION (QUESTION_REF_ID,QUESTION_ID,SEQUENCE_NUMBER,SEQUENCE_STATUS,QUESTION,STATUS,GROUP_TYPE_CODE,QUESTION_TYPE_ID,LOOKUP_CLASS,LOOKUP_RETURN,DISPLAYED_ANSWERS,MAX_ANSWERS,ANSWER_MAX_LENGTH,UPDATE_TIMESTAMP,UPDATE_USER,VER_NBR,OBJ_ID,DOCUMENT_NUMBER) values ((SELECT (MAX(ID)) FROM SEQ_QUESTIONNAIRE_REF_ID),106,1,'C','Does this project have the potential to affect historic, archeological, or traditional cultural sites (such as Native American burial or ceremonial grounds) or historic objects (such as an historic aircraft or spacecraft)?','A',2,1,null,null,null,1,1,NOW(), 'admin',1,UUID(),null)
/
INSERT INTO SEQ_QUESTIONNAIRE_REF_ID VALUES(NULL)
/
Insert into QUESTION (QUESTION_REF_ID,QUESTION_ID,SEQUENCE_NUMBER,SEQUENCE_STATUS,QUESTION,STATUS,GROUP_TYPE_CODE,QUESTION_TYPE_ID,LOOKUP_CLASS,LOOKUP_RETURN,DISPLAYED_ANSWERS,MAX_ANSWERS,ANSWER_MAX_LENGTH,UPDATE_TIMESTAMP,UPDATE_USER,VER_NBR,OBJ_ID,DOCUMENT_NUMBER) values ((SELECT (MAX(ID)) FROM SEQ_QUESTIONNAIRE_REF_ID),107,1,'C','Briefly explain.','A',2,5,null,null,null,1,300,NOW(), 'admin',1,UUID(),null)
/
INSERT INTO SEQ_QUESTIONNAIRE_REF_ID VALUES(NULL)
/
Insert into QUESTION (QUESTION_REF_ID,QUESTION_ID,SEQUENCE_NUMBER,SEQUENCE_STATUS,QUESTION,STATUS,GROUP_TYPE_CODE,QUESTION_TYPE_ID,LOOKUP_CLASS,LOOKUP_RETURN,DISPLAYED_ANSWERS,MAX_ANSWERS,ANSWER_MAX_LENGTH,UPDATE_TIMESTAMP,UPDATE_USER,VER_NBR,OBJ_ID,DOCUMENT_NUMBER) values ((SELECT (MAX(ID)) FROM SEQ_QUESTIONNAIRE_REF_ID),108,1,'C','Does this proposed project involve any international participation, either non-U.S. employees or non-U.S. organizations, providing support for facilities, equipment, etc.? (see opportunity instructions for details)','A',2,1,null,null,null,1,1,NOW(), 'admin',1,UUID(),null)
/
INSERT INTO SEQ_QUESTIONNAIRE_REF_ID VALUES(NULL)
/
Insert into QUESTION (QUESTION_REF_ID,QUESTION_ID,SEQUENCE_NUMBER,SEQUENCE_STATUS,QUESTION,STATUS,GROUP_TYPE_CODE,QUESTION_TYPE_ID,LOOKUP_CLASS,LOOKUP_RETURN,DISPLAYED_ANSWERS,MAX_ANSWERS,ANSWER_MAX_LENGTH,UPDATE_TIMESTAMP,UPDATE_USER,VER_NBR,OBJ_ID,DOCUMENT_NUMBER) values ((SELECT (MAX(ID)) FROM SEQ_QUESTIONNAIRE_REF_ID),109,1,'C','Please select all that are provided with support (PI, Co-I, Collaborator, Equipment, Facility)','A',2,6,'org.kuali.kra.bo.ArgValueLookup','PROPOSAL_SUPPORT_lIST',null,5,25,NOW(), 'admin',1,UUID(),null)
/
INSERT INTO SEQ_QUESTIONNAIRE_REF_ID VALUES(NULL)
/
Insert into QUESTION (QUESTION_REF_ID,QUESTION_ID,SEQUENCE_NUMBER,SEQUENCE_STATUS,QUESTION,STATUS,GROUP_TYPE_CODE,QUESTION_TYPE_ID,LOOKUP_CLASS,LOOKUP_RETURN,DISPLAYED_ANSWERS,MAX_ANSWERS,ANSWER_MAX_LENGTH,UPDATE_TIMESTAMP,UPDATE_USER,VER_NBR,OBJ_ID,DOCUMENT_NUMBER) values ((SELECT (MAX(ID)) FROM SEQ_QUESTIONNAIRE_REF_ID),110,1,'C','Is the principal investigator participating in this project as an employee of the U.S. Government?','A',2,1,null,null,null,1,1,NOW(), 'admin',1,UUID(),null)
/
INSERT INTO SEQ_QUESTIONNAIRE_REF_ID VALUES(NULL)
/
Insert into QUESTION (QUESTION_REF_ID,QUESTION_ID,SEQUENCE_NUMBER,SEQUENCE_STATUS,QUESTION,STATUS,GROUP_TYPE_CODE,QUESTION_TYPE_ID,LOOKUP_CLASS,LOOKUP_RETURN,DISPLAYED_ANSWERS,MAX_ANSWERS,ANSWER_MAX_LENGTH,UPDATE_TIMESTAMP,UPDATE_USER,VER_NBR,OBJ_ID,DOCUMENT_NUMBER) values ((SELECT (MAX(ID)) FROM SEQ_QUESTIONNAIRE_REF_ID),111,1,'C','Select a U.S. Government Agency:','A',2,6,'org.kuali.kra.bo.ArgValueLookup','Agency_US GOV',null,1,3,NOW(), 'admin',1,UUID(),null)
/
INSERT INTO SEQ_QUESTIONNAIRE_REF_ID VALUES(NULL)
/
Insert into QUESTION (QUESTION_REF_ID,QUESTION_ID,SEQUENCE_NUMBER,SEQUENCE_STATUS,QUESTION,STATUS,GROUP_TYPE_CODE,QUESTION_TYPE_ID,LOOKUP_CLASS,LOOKUP_RETURN,DISPLAYED_ANSWERS,MAX_ANSWERS,ANSWER_MAX_LENGTH,UPDATE_TIMESTAMP,UPDATE_USER,VER_NBR,OBJ_ID,DOCUMENT_NUMBER) values ((SELECT (MAX(ID)) FROM SEQ_QUESTIONNAIRE_REF_ID),112,1,'C','Is the principal investigator participating in this project as an employee of a foreign organization?','A',2,1,null,null,null,1,1,NOW(), 'admin',1,UUID(),null)
/
INSERT INTO SEQ_QUESTIONNAIRE_REF_ID VALUES(NULL)
/
Insert into QUESTION (QUESTION_REF_ID,QUESTION_ID,SEQUENCE_NUMBER,SEQUENCE_STATUS,QUESTION,STATUS,GROUP_TYPE_CODE,QUESTION_TYPE_ID,LOOKUP_CLASS,LOOKUP_RETURN,DISPLAYED_ANSWERS,MAX_ANSWERS,ANSWER_MAX_LENGTH,UPDATE_TIMESTAMP,UPDATE_USER,VER_NBR,OBJ_ID,DOCUMENT_NUMBER) values ((SELECT (MAX(ID)) FROM SEQ_QUESTIONNAIRE_REF_ID),113,1,'C','Enter the total dollar amount requested ($)','A',2,3,null,null,null,1,6,NOW(), 'admin',1,UUID(),null)
/
INSERT INTO SEQ_QUESTIONNAIRE_REF_ID VALUES(NULL)
/
Insert into QUESTION (QUESTION_REF_ID,QUESTION_ID,SEQUENCE_NUMBER,SEQUENCE_STATUS,QUESTION,STATUS,GROUP_TYPE_CODE,QUESTION_TYPE_ID,LOOKUP_CLASS,LOOKUP_RETURN,DISPLAYED_ANSWERS,MAX_ANSWERS,ANSWER_MAX_LENGTH,UPDATE_TIMESTAMP,UPDATE_USER,VER_NBR,OBJ_ID,DOCUMENT_NUMBER) values ((SELECT (MAX(ID)) FROM SEQ_QUESTIONNAIRE_REF_ID),114,1,'C','Does this application reflect a change in principal investigator/program director from that indicated on a previous application?','A',2,1,null,null,null,1,1,NOW(), 'admin',1,UUID(),null)
/
INSERT INTO SEQ_QUESTIONNAIRE_REF_ID VALUES(NULL)
/
Insert into QUESTION (QUESTION_REF_ID,QUESTION_ID,SEQUENCE_NUMBER,SEQUENCE_STATUS,QUESTION,STATUS,GROUP_TYPE_CODE,QUESTION_TYPE_ID,LOOKUP_CLASS,LOOKUP_RETURN,DISPLAYED_ANSWERS,MAX_ANSWERS,ANSWER_MAX_LENGTH,UPDATE_TIMESTAMP,UPDATE_USER,VER_NBR,OBJ_ID,DOCUMENT_NUMBER) values ((SELECT (MAX(ID)) FROM SEQ_QUESTIONNAIRE_REF_ID),115,1,'C','Search and select the former PD/PI','A',2,6,'org.kuali.kra.bo.NonOrganizationalRolodex','rolodexId',null,1,6,NOW(), 'admin',1,UUID(),null)
/
commit
/
INSERT INTO SEQ_QUESTIONNAIRE_REF_ID VALUES(NULL)
/
Insert into QUESTIONNAIRE (QUESTIONNAIRE_REF_ID,QUESTIONNAIRE_ID,SEQUENCE_NUMBER,NAME,DESCRIPTION,UPDATE_TIMESTAMP,UPDATE_USER,IS_FINAL,VER_NBR,OBJ_ID,FILE_NAME) values ((SELECT (MAX(ID)) FROM SEQ_QUESTIONNAIRE_REF_ID),5,1,'GG S2S Forms','Multiple Grants.gov forms:NASA Other Project Information, NASA PI/AOR Data Sheet, PHS 398 Checklist, PHS 398 Cover Page Supplement, RR Other Project Information, SF 424 R&R, SF 424, ED SF424 Supplement',NOW(), 'admin','Y',1,UUID(),null)
/
commit
/
INSERT INTO SEQ_QUESTIONNAIRE_REF_ID VALUES(NULL)
/
Insert into QUESTIONNAIRE_QUESTIONS (QUESTIONNAIRE_QUESTIONS_ID,QUESTIONNAIRE_REF_ID_FK,QUESTION_REF_ID_FK,QUESTION_NUMBER,PARENT_QUESTION_NUMBER,CONDITION_FLAG,CONDITION_TYPE,CONDITION_VALUE,UPDATE_TIMESTAMP,UPDATE_USER,QUESTION_SEQ_NUMBER,VER_NBR,OBJ_ID)
select (SELECT (MAX(ID)) FROM SEQ_QUESTIONNAIRE_REF_ID) QUESTIONNAIRE_QUESTIONS_ID,
(select max(QUESTIONNAIRE_REF_ID) from QUESTIONNAIRE where QUESTIONNAIRE_ID=5 and SEQUENCE_NUMBER=1) QUESTIONNAIRE_REF_ID_FK,
(SELECT max(QUESTION_REF_ID) FROM QUESTION WHERE QUESTION_ID=2 AND SEQUENCE_NUMBER=1) QUESTION_REF_ID_FK,
37,0,'N',null,null,NOW(), 'admin',10,1,UUID() from dual
/
INSERT INTO SEQ_QUESTIONNAIRE_REF_ID VALUES(NULL)
/
Insert into QUESTIONNAIRE_QUESTIONS (QUESTIONNAIRE_QUESTIONS_ID,QUESTIONNAIRE_REF_ID_FK,QUESTION_REF_ID_FK,QUESTION_NUMBER,PARENT_QUESTION_NUMBER,CONDITION_FLAG,CONDITION_TYPE,CONDITION_VALUE,UPDATE_TIMESTAMP,UPDATE_USER,QUESTION_SEQ_NUMBER,VER_NBR,OBJ_ID)
select (SELECT (MAX(ID)) FROM SEQ_QUESTIONNAIRE_REF_ID) QUESTIONNAIRE_QUESTIONS_ID,
(select max(QUESTIONNAIRE_REF_ID) from QUESTIONNAIRE where QUESTIONNAIRE_ID=5 and SEQUENCE_NUMBER=1) QUESTIONNAIRE_REF_ID_FK,
(SELECT max(QUESTION_REF_ID) FROM QUESTION WHERE QUESTION_ID=3 AND SEQUENCE_NUMBER=1) QUESTION_REF_ID_FK,
38,37,'Y','3','Y',NOW(), 'admin',1,1,UUID() from dual
/
INSERT INTO SEQ_QUESTIONNAIRE_REF_ID VALUES(NULL)
/
Insert into QUESTIONNAIRE_QUESTIONS (QUESTIONNAIRE_QUESTIONS_ID,QUESTIONNAIRE_REF_ID_FK,QUESTION_REF_ID_FK,QUESTION_NUMBER,PARENT_QUESTION_NUMBER,CONDITION_FLAG,CONDITION_TYPE,CONDITION_VALUE,UPDATE_TIMESTAMP,UPDATE_USER,QUESTION_SEQ_NUMBER,VER_NBR,OBJ_ID)
select (SELECT (MAX(ID)) FROM SEQ_QUESTIONNAIRE_REF_ID) QUESTIONNAIRE_QUESTIONS_ID,
(select max(QUESTIONNAIRE_REF_ID) from QUESTIONNAIRE where QUESTIONNAIRE_ID=5 and SEQUENCE_NUMBER=1) QUESTIONNAIRE_REF_ID_FK,
(SELECT max(QUESTION_REF_ID) FROM QUESTION WHERE QUESTION_ID=5 AND SEQUENCE_NUMBER=1) QUESTION_REF_ID_FK,
39,0,'N','3',null,NOW(), 'admin',11,1,UUID() from dual
/
INSERT INTO SEQ_QUESTIONNAIRE_REF_ID VALUES(NULL)
/
Insert into QUESTIONNAIRE_QUESTIONS (QUESTIONNAIRE_QUESTIONS_ID,QUESTIONNAIRE_REF_ID_FK,QUESTION_REF_ID_FK,QUESTION_NUMBER,PARENT_QUESTION_NUMBER,CONDITION_FLAG,CONDITION_TYPE,CONDITION_VALUE,UPDATE_TIMESTAMP,UPDATE_USER,QUESTION_SEQ_NUMBER,VER_NBR,OBJ_ID)
select (SELECT (MAX(ID)) FROM SEQ_QUESTIONNAIRE_REF_ID) QUESTIONNAIRE_QUESTIONS_ID,
(select max(QUESTIONNAIRE_REF_ID) from QUESTIONNAIRE where QUESTIONNAIRE_ID=5 and SEQUENCE_NUMBER=1) QUESTIONNAIRE_REF_ID_FK,
(SELECT max(QUESTION_REF_ID) FROM QUESTION WHERE QUESTION_ID=6 AND SEQUENCE_NUMBER=1) QUESTION_REF_ID_FK,
40,39,'Y','4','Y',NOW(), 'admin',1,1,UUID() from dual
/
INSERT INTO SEQ_QUESTIONNAIRE_REF_ID VALUES(NULL)
/
Insert into QUESTIONNAIRE_QUESTIONS (QUESTIONNAIRE_QUESTIONS_ID,QUESTIONNAIRE_REF_ID_FK,QUESTION_REF_ID_FK,QUESTION_NUMBER,PARENT_QUESTION_NUMBER,CONDITION_FLAG,CONDITION_TYPE,CONDITION_VALUE,UPDATE_TIMESTAMP,UPDATE_USER,QUESTION_SEQ_NUMBER,VER_NBR,OBJ_ID)
select (SELECT (MAX(ID)) FROM SEQ_QUESTIONNAIRE_REF_ID) QUESTIONNAIRE_QUESTIONS_ID,
(select max(QUESTIONNAIRE_REF_ID) from QUESTIONNAIRE where QUESTIONNAIRE_ID=5 and SEQUENCE_NUMBER=1) QUESTIONNAIRE_REF_ID_FK,
(SELECT max(QUESTION_REF_ID) FROM QUESTION WHERE QUESTION_ID=7 AND SEQUENCE_NUMBER=1) QUESTION_REF_ID_FK,
41,40,'Y','4','Y',NOW(), 'admin',1,1,UUID() from dual
/
INSERT INTO SEQ_QUESTIONNAIRE_REF_ID VALUES(NULL)
/
Insert into QUESTIONNAIRE_QUESTIONS (QUESTIONNAIRE_QUESTIONS_ID,QUESTIONNAIRE_REF_ID_FK,QUESTION_REF_ID_FK,QUESTION_NUMBER,PARENT_QUESTION_NUMBER,CONDITION_FLAG,CONDITION_TYPE,CONDITION_VALUE,UPDATE_TIMESTAMP,UPDATE_USER,QUESTION_SEQ_NUMBER,VER_NBR,OBJ_ID)
select (SELECT (MAX(ID)) FROM SEQ_QUESTIONNAIRE_REF_ID) QUESTIONNAIRE_QUESTIONS_ID,
(select max(QUESTIONNAIRE_REF_ID) from QUESTIONNAIRE where QUESTIONNAIRE_ID=5 and SEQUENCE_NUMBER=1) QUESTIONNAIRE_REF_ID_FK,
(SELECT max(QUESTION_REF_ID) FROM QUESTION WHERE QUESTION_ID=101 AND SEQUENCE_NUMBER=1) QUESTION_REF_ID_FK,
1,0,'N',null,null,NOW(), 'admin',1,1,UUID() from dual
/
INSERT INTO SEQ_QUESTIONNAIRE_REF_ID VALUES(NULL)
/
Insert into QUESTIONNAIRE_QUESTIONS (QUESTIONNAIRE_QUESTIONS_ID,QUESTIONNAIRE_REF_ID_FK,QUESTION_REF_ID_FK,QUESTION_NUMBER,PARENT_QUESTION_NUMBER,CONDITION_FLAG,CONDITION_TYPE,CONDITION_VALUE,UPDATE_TIMESTAMP,UPDATE_USER,QUESTION_SEQ_NUMBER,VER_NBR,OBJ_ID)
select (SELECT (MAX(ID)) FROM SEQ_QUESTIONNAIRE_REF_ID) QUESTIONNAIRE_QUESTIONS_ID,
(select max(QUESTIONNAIRE_REF_ID) from QUESTIONNAIRE where QUESTIONNAIRE_ID=5 and SEQUENCE_NUMBER=1) QUESTIONNAIRE_REF_ID_FK,
(SELECT max(QUESTION_REF_ID) FROM QUESTION WHERE QUESTION_ID=102 AND SEQUENCE_NUMBER=1) QUESTION_REF_ID_FK,
2,1,'Y','4','Y',NOW(), 'admin',1,1,UUID() from dual
/
INSERT INTO SEQ_QUESTIONNAIRE_REF_ID VALUES(NULL)
/
Insert into QUESTIONNAIRE_QUESTIONS (QUESTIONNAIRE_QUESTIONS_ID,QUESTIONNAIRE_REF_ID_FK,QUESTION_REF_ID_FK,QUESTION_NUMBER,PARENT_QUESTION_NUMBER,CONDITION_FLAG,CONDITION_TYPE,CONDITION_VALUE,UPDATE_TIMESTAMP,UPDATE_USER,QUESTION_SEQ_NUMBER,VER_NBR,OBJ_ID)
select (SELECT (MAX(ID)) FROM SEQ_QUESTIONNAIRE_REF_ID) QUESTIONNAIRE_QUESTIONS_ID,
(select max(QUESTIONNAIRE_REF_ID) from QUESTIONNAIRE where QUESTIONNAIRE_ID=5 and SEQUENCE_NUMBER=1) QUESTIONNAIRE_REF_ID_FK,
(SELECT max(QUESTION_REF_ID) FROM QUESTION WHERE QUESTION_ID=103 AND SEQUENCE_NUMBER=1) QUESTION_REF_ID_FK,
15,14,'Y','4','Y',NOW(), 'admin',1,1,UUID() from dual
/
INSERT INTO SEQ_QUESTIONNAIRE_REF_ID VALUES(NULL)
/
Insert into QUESTIONNAIRE_QUESTIONS (QUESTIONNAIRE_QUESTIONS_ID,QUESTIONNAIRE_REF_ID_FK,QUESTION_REF_ID_FK,QUESTION_NUMBER,PARENT_QUESTION_NUMBER,CONDITION_FLAG,CONDITION_TYPE,CONDITION_VALUE,UPDATE_TIMESTAMP,UPDATE_USER,QUESTION_SEQ_NUMBER,VER_NBR,OBJ_ID)
select (SELECT (MAX(ID)) FROM SEQ_QUESTIONNAIRE_REF_ID) QUESTIONNAIRE_QUESTIONS_ID,
(select max(QUESTIONNAIRE_REF_ID) from QUESTIONNAIRE where QUESTIONNAIRE_ID=5 and SEQUENCE_NUMBER=1) QUESTIONNAIRE_REF_ID_FK,
(SELECT max(QUESTION_REF_ID) FROM QUESTION WHERE QUESTION_ID=103 AND SEQUENCE_NUMBER=1) QUESTION_REF_ID_FK,
18,17,'Y','4','Y',NOW(), 'admin',1,1,UUID() from dual
/
INSERT INTO SEQ_QUESTIONNAIRE_REF_ID VALUES(NULL)
/
Insert into QUESTIONNAIRE_QUESTIONS (QUESTIONNAIRE_QUESTIONS_ID,QUESTIONNAIRE_REF_ID_FK,QUESTION_REF_ID_FK,QUESTION_NUMBER,PARENT_QUESTION_NUMBER,CONDITION_FLAG,CONDITION_TYPE,CONDITION_VALUE,UPDATE_TIMESTAMP,UPDATE_USER,QUESTION_SEQ_NUMBER,VER_NBR,OBJ_ID)
select (SELECT (MAX(ID)) FROM SEQ_QUESTIONNAIRE_REF_ID) QUESTIONNAIRE_QUESTIONS_ID,
(select max(QUESTIONNAIRE_REF_ID) from QUESTIONNAIRE where QUESTIONNAIRE_ID=5 and SEQUENCE_NUMBER=1) QUESTIONNAIRE_REF_ID_FK,
(SELECT max(QUESTION_REF_ID) FROM QUESTION WHERE QUESTION_ID=103 AND SEQUENCE_NUMBER=1) QUESTION_REF_ID_FK,
6,5,'Y','4','Y',NOW(), 'admin',1,1,UUID() from dual
/
INSERT INTO SEQ_QUESTIONNAIRE_REF_ID VALUES(NULL)
/
Insert into QUESTIONNAIRE_QUESTIONS (QUESTIONNAIRE_QUESTIONS_ID,QUESTIONNAIRE_REF_ID_FK,QUESTION_REF_ID_FK,QUESTION_NUMBER,PARENT_QUESTION_NUMBER,CONDITION_FLAG,CONDITION_TYPE,CONDITION_VALUE,UPDATE_TIMESTAMP,UPDATE_USER,QUESTION_SEQ_NUMBER,VER_NBR,OBJ_ID)
select (SELECT (MAX(ID)) FROM SEQ_QUESTIONNAIRE_REF_ID) QUESTIONNAIRE_QUESTIONS_ID,
(select max(QUESTIONNAIRE_REF_ID) from QUESTIONNAIRE where QUESTIONNAIRE_ID=5 and SEQUENCE_NUMBER=1) QUESTIONNAIRE_REF_ID_FK,
(SELECT max(QUESTION_REF_ID) FROM QUESTION WHERE QUESTION_ID=103 AND SEQUENCE_NUMBER=1) QUESTION_REF_ID_FK,
3,2,'N',null,null,NOW(), 'admin',1,1,UUID() from dual
/
INSERT INTO SEQ_QUESTIONNAIRE_REF_ID VALUES(NULL)
/
Insert into QUESTIONNAIRE_QUESTIONS (QUESTIONNAIRE_QUESTIONS_ID,QUESTIONNAIRE_REF_ID_FK,QUESTION_REF_ID_FK,QUESTION_NUMBER,PARENT_QUESTION_NUMBER,CONDITION_FLAG,CONDITION_TYPE,CONDITION_VALUE,UPDATE_TIMESTAMP,UPDATE_USER,QUESTION_SEQ_NUMBER,VER_NBR,OBJ_ID)
select (SELECT (MAX(ID)) FROM SEQ_QUESTIONNAIRE_REF_ID) QUESTIONNAIRE_QUESTIONS_ID,
(select max(QUESTIONNAIRE_REF_ID) from QUESTIONNAIRE where QUESTIONNAIRE_ID=5 and SEQUENCE_NUMBER=1) QUESTIONNAIRE_REF_ID_FK,
(SELECT max(QUESTION_REF_ID) FROM QUESTION WHERE QUESTION_ID=103 AND SEQUENCE_NUMBER=1) QUESTION_REF_ID_FK,
9,8,'Y','4','Y',NOW(), 'admin',1,1,UUID() from dual
/
INSERT INTO SEQ_QUESTIONNAIRE_REF_ID VALUES(NULL)
/
Insert into QUESTIONNAIRE_QUESTIONS (QUESTIONNAIRE_QUESTIONS_ID,QUESTIONNAIRE_REF_ID_FK,QUESTION_REF_ID_FK,QUESTION_NUMBER,PARENT_QUESTION_NUMBER,CONDITION_FLAG,CONDITION_TYPE,CONDITION_VALUE,UPDATE_TIMESTAMP,UPDATE_USER,QUESTION_SEQ_NUMBER,VER_NBR,OBJ_ID)
select (SELECT (MAX(ID)) FROM SEQ_QUESTIONNAIRE_REF_ID) QUESTIONNAIRE_QUESTIONS_ID,
(select max(QUESTIONNAIRE_REF_ID) from QUESTIONNAIRE where QUESTIONNAIRE_ID=5 and SEQUENCE_NUMBER=1) QUESTIONNAIRE_REF_ID_FK,
(SELECT max(QUESTION_REF_ID) FROM QUESTION WHERE QUESTION_ID=103 AND SEQUENCE_NUMBER=1) QUESTION_REF_ID_FK,
12,11,'Y','4','Y',NOW(), 'admin',1,1,UUID() from dual
/
INSERT INTO SEQ_QUESTIONNAIRE_REF_ID VALUES(NULL)
/
Insert into QUESTIONNAIRE_QUESTIONS (QUESTIONNAIRE_QUESTIONS_ID,QUESTIONNAIRE_REF_ID_FK,QUESTION_REF_ID_FK,QUESTION_NUMBER,PARENT_QUESTION_NUMBER,CONDITION_FLAG,CONDITION_TYPE,CONDITION_VALUE,UPDATE_TIMESTAMP,UPDATE_USER,QUESTION_SEQ_NUMBER,VER_NBR,OBJ_ID)
select (SELECT (MAX(ID)) FROM SEQ_QUESTIONNAIRE_REF_ID) QUESTIONNAIRE_QUESTIONS_ID,
(select max(QUESTIONNAIRE_REF_ID) from QUESTIONNAIRE where QUESTIONNAIRE_ID=5 and SEQUENCE_NUMBER=1) QUESTIONNAIRE_REF_ID_FK,
(SELECT max(QUESTION_REF_ID) FROM QUESTION WHERE QUESTION_ID=104 AND SEQUENCE_NUMBER=1) QUESTION_REF_ID_FK,
4,2,'N',null,null,NOW(), 'admin',2,1,UUID() from dual
/
INSERT INTO SEQ_QUESTIONNAIRE_REF_ID VALUES(NULL)
/
Insert into QUESTIONNAIRE_QUESTIONS (QUESTIONNAIRE_QUESTIONS_ID,QUESTIONNAIRE_REF_ID_FK,QUESTION_REF_ID_FK,QUESTION_NUMBER,PARENT_QUESTION_NUMBER,CONDITION_FLAG,CONDITION_TYPE,CONDITION_VALUE,UPDATE_TIMESTAMP,UPDATE_USER,QUESTION_SEQ_NUMBER,VER_NBR,OBJ_ID)
select (SELECT (MAX(ID)) FROM SEQ_QUESTIONNAIRE_REF_ID) QUESTIONNAIRE_QUESTIONS_ID,
(select max(QUESTIONNAIRE_REF_ID) from QUESTIONNAIRE where QUESTIONNAIRE_ID=5 and SEQUENCE_NUMBER=1) QUESTIONNAIRE_REF_ID_FK,
(SELECT max(QUESTION_REF_ID) FROM QUESTION WHERE QUESTION_ID=104 AND SEQUENCE_NUMBER=1) QUESTION_REF_ID_FK,
19,17,'Y','4','Y',NOW(), 'admin',2,1,UUID() from dual
/
INSERT INTO SEQ_QUESTIONNAIRE_REF_ID VALUES(NULL)
/
Insert into QUESTIONNAIRE_QUESTIONS (QUESTIONNAIRE_QUESTIONS_ID,QUESTIONNAIRE_REF_ID_FK,QUESTION_REF_ID_FK,QUESTION_NUMBER,PARENT_QUESTION_NUMBER,CONDITION_FLAG,CONDITION_TYPE,CONDITION_VALUE,UPDATE_TIMESTAMP,UPDATE_USER,QUESTION_SEQ_NUMBER,VER_NBR,OBJ_ID)
select (SELECT (MAX(ID)) FROM SEQ_QUESTIONNAIRE_REF_ID) QUESTIONNAIRE_QUESTIONS_ID,
(select max(QUESTIONNAIRE_REF_ID) from QUESTIONNAIRE where QUESTIONNAIRE_ID=5 and SEQUENCE_NUMBER=1) QUESTIONNAIRE_REF_ID_FK,
(SELECT max(QUESTION_REF_ID) FROM QUESTION WHERE QUESTION_ID=104 AND SEQUENCE_NUMBER=1) QUESTION_REF_ID_FK,
13,11,'Y','4','Y',NOW(), 'admin',2,1,UUID() from dual
/
INSERT INTO SEQ_QUESTIONNAIRE_REF_ID VALUES(NULL)
/
Insert into QUESTIONNAIRE_QUESTIONS (QUESTIONNAIRE_QUESTIONS_ID,QUESTIONNAIRE_REF_ID_FK,QUESTION_REF_ID_FK,QUESTION_NUMBER,PARENT_QUESTION_NUMBER,CONDITION_FLAG,CONDITION_TYPE,CONDITION_VALUE,UPDATE_TIMESTAMP,UPDATE_USER,QUESTION_SEQ_NUMBER,VER_NBR,OBJ_ID)
select (SELECT (MAX(ID)) FROM SEQ_QUESTIONNAIRE_REF_ID) QUESTIONNAIRE_QUESTIONS_ID,
(select max(QUESTIONNAIRE_REF_ID) from QUESTIONNAIRE where QUESTIONNAIRE_ID=5 and SEQUENCE_NUMBER=1) QUESTIONNAIRE_REF_ID_FK,
(SELECT max(QUESTION_REF_ID) FROM QUESTION WHERE QUESTION_ID=104 AND SEQUENCE_NUMBER=1) QUESTION_REF_ID_FK,
7,5,'Y','4','Y',NOW(), 'admin',2,1,UUID() from dual
/
INSERT INTO SEQ_QUESTIONNAIRE_REF_ID VALUES(NULL)
/
Insert into QUESTIONNAIRE_QUESTIONS (QUESTIONNAIRE_QUESTIONS_ID,QUESTIONNAIRE_REF_ID_FK,QUESTION_REF_ID_FK,QUESTION_NUMBER,PARENT_QUESTION_NUMBER,CONDITION_FLAG,CONDITION_TYPE,CONDITION_VALUE,UPDATE_TIMESTAMP,UPDATE_USER,QUESTION_SEQ_NUMBER,VER_NBR,OBJ_ID)
select (SELECT (MAX(ID)) FROM SEQ_QUESTIONNAIRE_REF_ID) QUESTIONNAIRE_QUESTIONS_ID,
(select max(QUESTIONNAIRE_REF_ID) from QUESTIONNAIRE where QUESTIONNAIRE_ID=5 and SEQUENCE_NUMBER=1) QUESTIONNAIRE_REF_ID_FK,
(SELECT max(QUESTION_REF_ID) FROM QUESTION WHERE QUESTION_ID=104 AND SEQUENCE_NUMBER=1) QUESTION_REF_ID_FK,
16,14,'Y','4','Y',NOW(), 'admin',2,1,UUID() from dual
/
INSERT INTO SEQ_QUESTIONNAIRE_REF_ID VALUES(NULL)
/
Insert into QUESTIONNAIRE_QUESTIONS (QUESTIONNAIRE_QUESTIONS_ID,QUESTIONNAIRE_REF_ID_FK,QUESTION_REF_ID_FK,QUESTION_NUMBER,PARENT_QUESTION_NUMBER,CONDITION_FLAG,CONDITION_TYPE,CONDITION_VALUE,UPDATE_TIMESTAMP,UPDATE_USER,QUESTION_SEQ_NUMBER,VER_NBR,OBJ_ID)
select (SELECT (MAX(ID)) FROM SEQ_QUESTIONNAIRE_REF_ID) QUESTIONNAIRE_QUESTIONS_ID,
(select max(QUESTIONNAIRE_REF_ID) from QUESTIONNAIRE where QUESTIONNAIRE_ID=5 and SEQUENCE_NUMBER=1) QUESTIONNAIRE_REF_ID_FK,
(SELECT max(QUESTION_REF_ID) FROM QUESTION WHERE QUESTION_ID=104 AND SEQUENCE_NUMBER=1) QUESTION_REF_ID_FK,
10,8,'Y','4','Y',NOW(), 'admin',2,1,UUID() from dual
/
INSERT INTO SEQ_QUESTIONNAIRE_REF_ID VALUES(NULL)
/
Insert into QUESTIONNAIRE_QUESTIONS (QUESTIONNAIRE_QUESTIONS_ID,QUESTIONNAIRE_REF_ID_FK,QUESTION_REF_ID_FK,QUESTION_NUMBER,PARENT_QUESTION_NUMBER,CONDITION_FLAG,CONDITION_TYPE,CONDITION_VALUE,UPDATE_TIMESTAMP,UPDATE_USER,QUESTION_SEQ_NUMBER,VER_NBR,OBJ_ID)
select (SELECT (MAX(ID)) FROM SEQ_QUESTIONNAIRE_REF_ID) QUESTIONNAIRE_QUESTIONS_ID,
(select max(QUESTIONNAIRE_REF_ID) from QUESTIONNAIRE where QUESTIONNAIRE_ID=5 and SEQUENCE_NUMBER=1) QUESTIONNAIRE_REF_ID_FK,
(SELECT max(QUESTION_REF_ID) FROM QUESTION WHERE QUESTION_ID=105 AND SEQUENCE_NUMBER=1) QUESTION_REF_ID_FK,
17,16,'N',null,null,NOW(), 'admin',1,1,UUID() from dual
/
INSERT INTO SEQ_QUESTIONNAIRE_REF_ID VALUES(NULL)
/
Insert into QUESTIONNAIRE_QUESTIONS (QUESTIONNAIRE_QUESTIONS_ID,QUESTIONNAIRE_REF_ID_FK,QUESTION_REF_ID_FK,QUESTION_NUMBER,PARENT_QUESTION_NUMBER,CONDITION_FLAG,CONDITION_TYPE,CONDITION_VALUE,UPDATE_TIMESTAMP,UPDATE_USER,QUESTION_SEQ_NUMBER,VER_NBR,OBJ_ID)
select (SELECT (MAX(ID)) FROM SEQ_QUESTIONNAIRE_REF_ID) QUESTIONNAIRE_QUESTIONS_ID,
(select max(QUESTIONNAIRE_REF_ID) from QUESTIONNAIRE where QUESTIONNAIRE_ID=5 and SEQUENCE_NUMBER=1) QUESTIONNAIRE_REF_ID_FK,
(SELECT max(QUESTION_REF_ID) FROM QUESTION WHERE QUESTION_ID=105 AND SEQUENCE_NUMBER=1) QUESTION_REF_ID_FK,
8,7,'N',null,null,NOW(), 'admin',1,1,UUID() from dual
/
INSERT INTO SEQ_QUESTIONNAIRE_REF_ID VALUES(NULL)
/
Insert into QUESTIONNAIRE_QUESTIONS (QUESTIONNAIRE_QUESTIONS_ID,QUESTIONNAIRE_REF_ID_FK,QUESTION_REF_ID_FK,QUESTION_NUMBER,PARENT_QUESTION_NUMBER,CONDITION_FLAG,CONDITION_TYPE,CONDITION_VALUE,UPDATE_TIMESTAMP,UPDATE_USER,QUESTION_SEQ_NUMBER,VER_NBR,OBJ_ID)
select (SELECT (MAX(ID)) FROM SEQ_QUESTIONNAIRE_REF_ID) QUESTIONNAIRE_QUESTIONS_ID,
(select max(QUESTIONNAIRE_REF_ID) from QUESTIONNAIRE where QUESTIONNAIRE_ID=5 and SEQUENCE_NUMBER=1) QUESTIONNAIRE_REF_ID_FK,
(SELECT max(QUESTION_REF_ID) FROM QUESTION WHERE QUESTION_ID=105 AND SEQUENCE_NUMBER=1) QUESTION_REF_ID_FK,
5,4,'N',null,null,NOW(), 'admin',1,1,UUID() from dual
/
INSERT INTO SEQ_QUESTIONNAIRE_REF_ID VALUES(NULL)
/
Insert into QUESTIONNAIRE_QUESTIONS (QUESTIONNAIRE_QUESTIONS_ID,QUESTIONNAIRE_REF_ID_FK,QUESTION_REF_ID_FK,QUESTION_NUMBER,PARENT_QUESTION_NUMBER,CONDITION_FLAG,CONDITION_TYPE,CONDITION_VALUE,UPDATE_TIMESTAMP,UPDATE_USER,QUESTION_SEQ_NUMBER,VER_NBR,OBJ_ID)
select (SELECT (MAX(ID)) FROM SEQ_QUESTIONNAIRE_REF_ID) QUESTIONNAIRE_QUESTIONS_ID,
(select max(QUESTIONNAIRE_REF_ID) from QUESTIONNAIRE where QUESTIONNAIRE_ID=5 and SEQUENCE_NUMBER=1) QUESTIONNAIRE_REF_ID_FK,
(SELECT max(QUESTION_REF_ID) FROM QUESTION WHERE QUESTION_ID=105 AND SEQUENCE_NUMBER=1) QUESTION_REF_ID_FK,
14,13,'N',null,null,NOW(), 'admin',1,1,UUID() from dual
/
INSERT INTO SEQ_QUESTIONNAIRE_REF_ID VALUES(NULL)
/
Insert into QUESTIONNAIRE_QUESTIONS (QUESTIONNAIRE_QUESTIONS_ID,QUESTIONNAIRE_REF_ID_FK,QUESTION_REF_ID_FK,QUESTION_NUMBER,PARENT_QUESTION_NUMBER,CONDITION_FLAG,CONDITION_TYPE,CONDITION_VALUE,UPDATE_TIMESTAMP,UPDATE_USER,QUESTION_SEQ_NUMBER,VER_NBR,OBJ_ID)
select (SELECT (MAX(ID)) FROM SEQ_QUESTIONNAIRE_REF_ID) QUESTIONNAIRE_QUESTIONS_ID,
(select max(QUESTIONNAIRE_REF_ID) from QUESTIONNAIRE where QUESTIONNAIRE_ID=5 and SEQUENCE_NUMBER=1) QUESTIONNAIRE_REF_ID_FK,
(SELECT max(QUESTION_REF_ID) FROM QUESTION WHERE QUESTION_ID=105 AND SEQUENCE_NUMBER=1) QUESTION_REF_ID_FK,
11,10,'N',null,null,NOW(), 'admin',1,1,UUID() from dual
/
INSERT INTO SEQ_QUESTIONNAIRE_REF_ID VALUES(NULL)
/
Insert into QUESTIONNAIRE_QUESTIONS (QUESTIONNAIRE_QUESTIONS_ID,QUESTIONNAIRE_REF_ID_FK,QUESTION_REF_ID_FK,QUESTION_NUMBER,PARENT_QUESTION_NUMBER,CONDITION_FLAG,CONDITION_TYPE,CONDITION_VALUE,UPDATE_TIMESTAMP,UPDATE_USER,QUESTION_SEQ_NUMBER,VER_NBR,OBJ_ID)
select (SELECT (MAX(ID)) FROM SEQ_QUESTIONNAIRE_REF_ID) QUESTIONNAIRE_QUESTIONS_ID,
(select max(QUESTIONNAIRE_REF_ID) from QUESTIONNAIRE where QUESTIONNAIRE_ID=5 and SEQUENCE_NUMBER=1) QUESTIONNAIRE_REF_ID_FK,
(SELECT max(QUESTION_REF_ID) FROM QUESTION WHERE QUESTION_ID=106 AND SEQUENCE_NUMBER=1) QUESTION_REF_ID_FK,
20,0,'N',null,null,NOW(), 'admin',2,1,UUID() from dual
/
INSERT INTO SEQ_QUESTIONNAIRE_REF_ID VALUES(NULL)
/
Insert into QUESTIONNAIRE_QUESTIONS (QUESTIONNAIRE_QUESTIONS_ID,QUESTIONNAIRE_REF_ID_FK,QUESTION_REF_ID_FK,QUESTION_NUMBER,PARENT_QUESTION_NUMBER,CONDITION_FLAG,CONDITION_TYPE,CONDITION_VALUE,UPDATE_TIMESTAMP,UPDATE_USER,QUESTION_SEQ_NUMBER,VER_NBR,OBJ_ID)
select (SELECT (MAX(ID)) FROM SEQ_QUESTIONNAIRE_REF_ID) QUESTIONNAIRE_QUESTIONS_ID,
(select max(QUESTIONNAIRE_REF_ID) from QUESTIONNAIRE where QUESTIONNAIRE_ID=5 and SEQUENCE_NUMBER=1) QUESTIONNAIRE_REF_ID_FK,
(SELECT max(QUESTION_REF_ID) FROM QUESTION WHERE QUESTION_ID=107 AND SEQUENCE_NUMBER=1) QUESTION_REF_ID_FK,
21,20,'Y','4','Y',NOW(), 'admin',1,1,UUID() from dual
/
INSERT INTO SEQ_QUESTIONNAIRE_REF_ID VALUES(NULL)
/
Insert into QUESTIONNAIRE_QUESTIONS (QUESTIONNAIRE_QUESTIONS_ID,QUESTIONNAIRE_REF_ID_FK,QUESTION_REF_ID_FK,QUESTION_NUMBER,PARENT_QUESTION_NUMBER,CONDITION_FLAG,CONDITION_TYPE,CONDITION_VALUE,UPDATE_TIMESTAMP,UPDATE_USER,QUESTION_SEQ_NUMBER,VER_NBR,OBJ_ID)
select (SELECT (MAX(ID)) FROM SEQ_QUESTIONNAIRE_REF_ID) QUESTIONNAIRE_QUESTIONS_ID,
(select max(QUESTIONNAIRE_REF_ID) from QUESTIONNAIRE where QUESTIONNAIRE_ID=5 and SEQUENCE_NUMBER=1) QUESTIONNAIRE_REF_ID_FK,
(SELECT max(QUESTION_REF_ID) FROM QUESTION WHERE QUESTION_ID=107 AND SEQUENCE_NUMBER=1) QUESTION_REF_ID_FK,
52,50,'Y','4','Y',NOW(), 'admin',2,1,UUID() from dual
/
INSERT INTO SEQ_QUESTIONNAIRE_REF_ID VALUES(NULL)
/
Insert into QUESTIONNAIRE_QUESTIONS (QUESTIONNAIRE_QUESTIONS_ID,QUESTIONNAIRE_REF_ID_FK,QUESTION_REF_ID_FK,QUESTION_NUMBER,PARENT_QUESTION_NUMBER,CONDITION_FLAG,CONDITION_TYPE,CONDITION_VALUE,UPDATE_TIMESTAMP,UPDATE_USER,QUESTION_SEQ_NUMBER,VER_NBR,OBJ_ID)
select (SELECT (MAX(ID)) FROM SEQ_QUESTIONNAIRE_REF_ID) QUESTIONNAIRE_QUESTIONS_ID,
(select max(QUESTIONNAIRE_REF_ID) from QUESTIONNAIRE where QUESTIONNAIRE_ID=5 and SEQUENCE_NUMBER=1) QUESTIONNAIRE_REF_ID_FK,
(SELECT max(QUESTION_REF_ID) FROM QUESTION WHERE QUESTION_ID=107 AND SEQUENCE_NUMBER=1) QUESTION_REF_ID_FK,
45,44,'Y','4','Y',NOW(), 'admin',1,1,UUID() from dual
/
INSERT INTO SEQ_QUESTIONNAIRE_REF_ID VALUES(NULL)
/
Insert into QUESTIONNAIRE_QUESTIONS (QUESTIONNAIRE_QUESTIONS_ID,QUESTIONNAIRE_REF_ID_FK,QUESTION_REF_ID_FK,QUESTION_NUMBER,PARENT_QUESTION_NUMBER,CONDITION_FLAG,CONDITION_TYPE,CONDITION_VALUE,UPDATE_TIMESTAMP,UPDATE_USER,QUESTION_SEQ_NUMBER,VER_NBR,OBJ_ID)
select (SELECT (MAX(ID)) FROM SEQ_QUESTIONNAIRE_REF_ID) QUESTIONNAIRE_QUESTIONS_ID,
(select max(QUESTIONNAIRE_REF_ID) from QUESTIONNAIRE where QUESTIONNAIRE_ID=5 and SEQUENCE_NUMBER=1) QUESTIONNAIRE_REF_ID_FK,
(SELECT max(QUESTION_REF_ID) FROM QUESTION WHERE QUESTION_ID=107 AND SEQUENCE_NUMBER=1) QUESTION_REF_ID_FK,
47,46,'Y','4','Y',NOW(), 'admin',1,1,UUID() from dual
/
INSERT INTO SEQ_QUESTIONNAIRE_REF_ID VALUES(NULL)
/
Insert into QUESTIONNAIRE_QUESTIONS (QUESTIONNAIRE_QUESTIONS_ID,QUESTIONNAIRE_REF_ID_FK,QUESTION_REF_ID_FK,QUESTION_NUMBER,PARENT_QUESTION_NUMBER,CONDITION_FLAG,CONDITION_TYPE,CONDITION_VALUE,UPDATE_TIMESTAMP,UPDATE_USER,QUESTION_SEQ_NUMBER,VER_NBR,OBJ_ID)
select (SELECT (MAX(ID)) FROM SEQ_QUESTIONNAIRE_REF_ID) QUESTIONNAIRE_QUESTIONS_ID,
(select max(QUESTIONNAIRE_REF_ID) from QUESTIONNAIRE where QUESTIONNAIRE_ID=5 and SEQUENCE_NUMBER=1) QUESTIONNAIRE_REF_ID_FK,
(SELECT max(QUESTION_REF_ID) FROM QUESTION WHERE QUESTION_ID=107 AND SEQUENCE_NUMBER=1) QUESTION_REF_ID_FK,
24,22,'Y','4','Y',NOW(), 'admin',2,1,UUID() from dual
/
INSERT INTO SEQ_QUESTIONNAIRE_REF_ID VALUES(NULL)
/
Insert into QUESTIONNAIRE_QUESTIONS (QUESTIONNAIRE_QUESTIONS_ID,QUESTIONNAIRE_REF_ID_FK,QUESTION_REF_ID_FK,QUESTION_NUMBER,PARENT_QUESTION_NUMBER,CONDITION_FLAG,CONDITION_TYPE,CONDITION_VALUE,UPDATE_TIMESTAMP,UPDATE_USER,QUESTION_SEQ_NUMBER,VER_NBR,OBJ_ID)
select (SELECT (MAX(ID)) FROM SEQ_QUESTIONNAIRE_REF_ID) QUESTIONNAIRE_QUESTIONS_ID,
(select max(QUESTIONNAIRE_REF_ID) from QUESTIONNAIRE where QUESTIONNAIRE_ID=5 and SEQUENCE_NUMBER=1) QUESTIONNAIRE_REF_ID_FK,
(SELECT max(QUESTION_REF_ID) FROM QUESTION WHERE QUESTION_ID=107 AND SEQUENCE_NUMBER=1) QUESTION_REF_ID_FK,
49,48,'Y','4','Y',NOW(), 'admin',1,1,UUID() from dual
/
INSERT INTO SEQ_QUESTIONNAIRE_REF_ID VALUES(NULL)
/
Insert into QUESTIONNAIRE_QUESTIONS (QUESTIONNAIRE_QUESTIONS_ID,QUESTIONNAIRE_REF_ID_FK,QUESTION_REF_ID_FK,QUESTION_NUMBER,PARENT_QUESTION_NUMBER,CONDITION_FLAG,CONDITION_TYPE,CONDITION_VALUE,UPDATE_TIMESTAMP,UPDATE_USER,QUESTION_SEQ_NUMBER,VER_NBR,OBJ_ID)
select (SELECT (MAX(ID)) FROM SEQ_QUESTIONNAIRE_REF_ID) QUESTIONNAIRE_QUESTIONS_ID,
(select max(QUESTIONNAIRE_REF_ID) from QUESTIONNAIRE where QUESTIONNAIRE_ID=5 and SEQUENCE_NUMBER=1) QUESTIONNAIRE_REF_ID_FK,
(SELECT max(QUESTION_REF_ID) FROM QUESTION WHERE QUESTION_ID=108 AND SEQUENCE_NUMBER=1) QUESTION_REF_ID_FK,
22,0,'N','4',null,NOW(), 'admin',3,1,UUID() from dual
/
INSERT INTO SEQ_QUESTIONNAIRE_REF_ID VALUES(NULL)
/
Insert into QUESTIONNAIRE_QUESTIONS (QUESTIONNAIRE_QUESTIONS_ID,QUESTIONNAIRE_REF_ID_FK,QUESTION_REF_ID_FK,QUESTION_NUMBER,PARENT_QUESTION_NUMBER,CONDITION_FLAG,CONDITION_TYPE,CONDITION_VALUE,UPDATE_TIMESTAMP,UPDATE_USER,QUESTION_SEQ_NUMBER,VER_NBR,OBJ_ID)
select (SELECT (MAX(ID)) FROM SEQ_QUESTIONNAIRE_REF_ID) QUESTIONNAIRE_QUESTIONS_ID,
(select max(QUESTIONNAIRE_REF_ID) from QUESTIONNAIRE where QUESTIONNAIRE_ID=5 and SEQUENCE_NUMBER=1) QUESTIONNAIRE_REF_ID_FK,
(SELECT max(QUESTION_REF_ID) FROM QUESTION WHERE QUESTION_ID=109 AND SEQUENCE_NUMBER=1) QUESTION_REF_ID_FK,
23,22,'Y','4','Y',NOW(), 'admin',1,1,UUID() from dual
/
INSERT INTO SEQ_QUESTIONNAIRE_REF_ID VALUES(NULL)
/
Insert into QUESTIONNAIRE_QUESTIONS (QUESTIONNAIRE_QUESTIONS_ID,QUESTIONNAIRE_REF_ID_FK,QUESTION_REF_ID_FK,QUESTION_NUMBER,PARENT_QUESTION_NUMBER,CONDITION_FLAG,CONDITION_TYPE,CONDITION_VALUE,UPDATE_TIMESTAMP,UPDATE_USER,QUESTION_SEQ_NUMBER,VER_NBR,OBJ_ID)
select (SELECT (MAX(ID)) FROM SEQ_QUESTIONNAIRE_REF_ID) QUESTIONNAIRE_QUESTIONS_ID,
(select max(QUESTIONNAIRE_REF_ID) from QUESTIONNAIRE where QUESTIONNAIRE_ID=5 and SEQUENCE_NUMBER=1) QUESTIONNAIRE_REF_ID_FK,
(SELECT max(QUESTION_REF_ID) FROM QUESTION WHERE QUESTION_ID=110 AND SEQUENCE_NUMBER=1) QUESTION_REF_ID_FK,
25,0,'N','4',null,NOW(), 'admin',4,1,UUID() from dual
/
INSERT INTO SEQ_QUESTIONNAIRE_REF_ID VALUES(NULL)
/
Insert into QUESTIONNAIRE_QUESTIONS (QUESTIONNAIRE_QUESTIONS_ID,QUESTIONNAIRE_REF_ID_FK,QUESTION_REF_ID_FK,QUESTION_NUMBER,PARENT_QUESTION_NUMBER,CONDITION_FLAG,CONDITION_TYPE,CONDITION_VALUE,UPDATE_TIMESTAMP,UPDATE_USER,QUESTION_SEQ_NUMBER,VER_NBR,OBJ_ID)
select (SELECT (MAX(ID)) FROM SEQ_QUESTIONNAIRE_REF_ID) QUESTIONNAIRE_QUESTIONS_ID,
(select max(QUESTIONNAIRE_REF_ID) from QUESTIONNAIRE where QUESTIONNAIRE_ID=5 and SEQUENCE_NUMBER=1) QUESTIONNAIRE_REF_ID_FK,
(SELECT max(QUESTION_REF_ID) FROM QUESTION WHERE QUESTION_ID=111 AND SEQUENCE_NUMBER=1) QUESTION_REF_ID_FK,
54,53,'Y','4','Y',NOW(), 'admin',1,1,UUID()from dual
/
INSERT INTO SEQ_QUESTIONNAIRE_REF_ID VALUES(NULL)
/
Insert into QUESTIONNAIRE_QUESTIONS (QUESTIONNAIRE_QUESTIONS_ID,QUESTIONNAIRE_REF_ID_FK,QUESTION_REF_ID_FK,QUESTION_NUMBER,PARENT_QUESTION_NUMBER,CONDITION_FLAG,CONDITION_TYPE,CONDITION_VALUE,UPDATE_TIMESTAMP,UPDATE_USER,QUESTION_SEQ_NUMBER,VER_NBR,OBJ_ID)
select (SELECT (MAX(ID)) FROM SEQ_QUESTIONNAIRE_REF_ID) QUESTIONNAIRE_QUESTIONS_ID,
(select max(QUESTIONNAIRE_REF_ID) from QUESTIONNAIRE where QUESTIONNAIRE_ID=5 and SEQUENCE_NUMBER=1) QUESTIONNAIRE_REF_ID_FK,
(SELECT max(QUESTION_REF_ID) FROM QUESTION WHERE QUESTION_ID=111 AND SEQUENCE_NUMBER=1) QUESTION_REF_ID_FK,
26,25,'Y','4','Y',NOW(), 'admin',1,1,UUID() from dual
/
INSERT INTO SEQ_QUESTIONNAIRE_REF_ID VALUES(NULL)
/
Insert into QUESTIONNAIRE_QUESTIONS (QUESTIONNAIRE_QUESTIONS_ID,QUESTIONNAIRE_REF_ID_FK,QUESTION_REF_ID_FK,QUESTION_NUMBER,PARENT_QUESTION_NUMBER,CONDITION_FLAG,CONDITION_TYPE,CONDITION_VALUE,UPDATE_TIMESTAMP,UPDATE_USER,QUESTION_SEQ_NUMBER,VER_NBR,OBJ_ID)
select (SELECT (MAX(ID)) FROM SEQ_QUESTIONNAIRE_REF_ID) QUESTIONNAIRE_QUESTIONS_ID,
(select max(QUESTIONNAIRE_REF_ID) from QUESTIONNAIRE where QUESTIONNAIRE_ID=5 and SEQUENCE_NUMBER=1) QUESTIONNAIRE_REF_ID_FK,
(SELECT max(QUESTION_REF_ID) FROM QUESTION WHERE QUESTION_ID=112 AND SEQUENCE_NUMBER=1) QUESTION_REF_ID_FK,
28,0,'N','4',null,NOW(), 'admin',5,1,UUID() from dual
/
INSERT INTO SEQ_QUESTIONNAIRE_REF_ID VALUES(NULL)
/
Insert into QUESTIONNAIRE_QUESTIONS (QUESTIONNAIRE_QUESTIONS_ID,QUESTIONNAIRE_REF_ID_FK,QUESTION_REF_ID_FK,QUESTION_NUMBER,PARENT_QUESTION_NUMBER,CONDITION_FLAG,CONDITION_TYPE,CONDITION_VALUE,UPDATE_TIMESTAMP,UPDATE_USER,QUESTION_SEQ_NUMBER,VER_NBR,OBJ_ID)
select (SELECT (MAX(ID)) FROM SEQ_QUESTIONNAIRE_REF_ID) QUESTIONNAIRE_QUESTIONS_ID,
(select max(QUESTIONNAIRE_REF_ID) from QUESTIONNAIRE where QUESTIONNAIRE_ID=5 and SEQUENCE_NUMBER=1) QUESTIONNAIRE_REF_ID_FK,
(SELECT max(QUESTION_REF_ID) FROM QUESTION WHERE QUESTION_ID=113 AND SEQUENCE_NUMBER=1) QUESTION_REF_ID_FK,
27,25,'Y','4','Y',NOW(), 'admin',2,1,UUID() from dual
/
INSERT INTO SEQ_QUESTIONNAIRE_REF_ID VALUES(NULL)
/
Insert into QUESTIONNAIRE_QUESTIONS (QUESTIONNAIRE_QUESTIONS_ID,QUESTIONNAIRE_REF_ID_FK,QUESTION_REF_ID_FK,QUESTION_NUMBER,PARENT_QUESTION_NUMBER,CONDITION_FLAG,CONDITION_TYPE,CONDITION_VALUE,UPDATE_TIMESTAMP,UPDATE_USER,QUESTION_SEQ_NUMBER,VER_NBR,OBJ_ID)
select (SELECT (MAX(ID)) FROM SEQ_QUESTIONNAIRE_REF_ID) QUESTIONNAIRE_QUESTIONS_ID,
(select max(QUESTIONNAIRE_REF_ID) from QUESTIONNAIRE where QUESTIONNAIRE_ID=5 and SEQUENCE_NUMBER=1) QUESTIONNAIRE_REF_ID_FK,
(SELECT max(QUESTION_REF_ID) FROM QUESTION WHERE QUESTION_ID=114 AND SEQUENCE_NUMBER=1) QUESTION_REF_ID_FK,
29,0,'N','4',null,NOW(), 'admin',6,1,UUID() from dual
/
INSERT INTO SEQ_QUESTIONNAIRE_REF_ID VALUES(NULL)
/
Insert into QUESTIONNAIRE_QUESTIONS (QUESTIONNAIRE_QUESTIONS_ID,QUESTIONNAIRE_REF_ID_FK,QUESTION_REF_ID_FK,QUESTION_NUMBER,PARENT_QUESTION_NUMBER,CONDITION_FLAG,CONDITION_TYPE,CONDITION_VALUE,UPDATE_TIMESTAMP,UPDATE_USER,QUESTION_SEQ_NUMBER,VER_NBR,OBJ_ID)
select (SELECT (MAX(ID)) FROM SEQ_QUESTIONNAIRE_REF_ID) QUESTIONNAIRE_QUESTIONS_ID,
(select max(QUESTIONNAIRE_REF_ID) from QUESTIONNAIRE where QUESTIONNAIRE_ID=5 and SEQUENCE_NUMBER=1) QUESTIONNAIRE_REF_ID_FK,
(SELECT max(QUESTION_REF_ID) FROM QUESTION WHERE QUESTION_ID=115 AND SEQUENCE_NUMBER=1) QUESTION_REF_ID_FK,
30,29,'Y','4','Y',NOW(), 'admin',1,1,UUID() from dual
/
INSERT INTO SEQ_QUESTIONNAIRE_REF_ID VALUES(NULL)
/
Insert into QUESTIONNAIRE_QUESTIONS (QUESTIONNAIRE_QUESTIONS_ID,QUESTIONNAIRE_REF_ID_FK,QUESTION_REF_ID_FK,QUESTION_NUMBER,PARENT_QUESTION_NUMBER,CONDITION_FLAG,CONDITION_TYPE,CONDITION_VALUE,UPDATE_TIMESTAMP,UPDATE_USER,QUESTION_SEQ_NUMBER,VER_NBR,OBJ_ID)
select (SELECT (MAX(ID)) FROM SEQ_QUESTIONNAIRE_REF_ID) QUESTIONNAIRE_QUESTIONS_ID,
(select max(QUESTIONNAIRE_REF_ID) from QUESTIONNAIRE where QUESTIONNAIRE_ID=5 and SEQUENCE_NUMBER=1) QUESTIONNAIRE_REF_ID_FK,
(SELECT max(QUESTION_REF_ID) FROM QUESTION WHERE QUESTION_ID=116 AND SEQUENCE_NUMBER=1) QUESTION_REF_ID_FK,
31,0,'N','4',null,NOW(), 'admin',7,1,UUID() from dual
/
INSERT INTO SEQ_QUESTIONNAIRE_REF_ID VALUES(NULL)
/
Insert into QUESTIONNAIRE_QUESTIONS (QUESTIONNAIRE_QUESTIONS_ID,QUESTIONNAIRE_REF_ID_FK,QUESTION_REF_ID_FK,QUESTION_NUMBER,PARENT_QUESTION_NUMBER,CONDITION_FLAG,CONDITION_TYPE,CONDITION_VALUE,UPDATE_TIMESTAMP,UPDATE_USER,QUESTION_SEQ_NUMBER,VER_NBR,OBJ_ID)
select (SELECT (MAX(ID)) FROM SEQ_QUESTIONNAIRE_REF_ID) QUESTIONNAIRE_QUESTIONS_ID,
(select max(QUESTIONNAIRE_REF_ID) from QUESTIONNAIRE where QUESTIONNAIRE_ID=5 and SEQUENCE_NUMBER=1) QUESTIONNAIRE_REF_ID_FK,
(SELECT max(QUESTION_REF_ID) FROM QUESTION WHERE QUESTION_ID=117 AND SEQUENCE_NUMBER=1) QUESTION_REF_ID_FK,
32,31,'Y','4','Y',NOW(), 'admin',1,1,UUID() from dual
/
INSERT INTO SEQ_QUESTIONNAIRE_REF_ID VALUES(NULL)
/
Insert into QUESTIONNAIRE_QUESTIONS (QUESTIONNAIRE_QUESTIONS_ID,QUESTIONNAIRE_REF_ID_FK,QUESTION_REF_ID_FK,QUESTION_NUMBER,PARENT_QUESTION_NUMBER,CONDITION_FLAG,CONDITION_TYPE,CONDITION_VALUE,UPDATE_TIMESTAMP,UPDATE_USER,QUESTION_SEQ_NUMBER,VER_NBR,OBJ_ID)
select (SELECT (MAX(ID)) FROM SEQ_QUESTIONNAIRE_REF_ID) QUESTIONNAIRE_QUESTIONS_ID,
(select max(QUESTIONNAIRE_REF_ID) from QUESTIONNAIRE where QUESTIONNAIRE_ID=5 and SEQUENCE_NUMBER=1) QUESTIONNAIRE_REF_ID_FK,
(SELECT max(QUESTION_REF_ID) FROM QUESTION WHERE QUESTION_ID=118 AND SEQUENCE_NUMBER=1) QUESTION_REF_ID_FK,
33,0,'N','4',null,NOW(), 'admin',8,1,UUID() from dual
/
INSERT INTO SEQ_QUESTIONNAIRE_REF_ID VALUES(NULL)
/
Insert into QUESTIONNAIRE_QUESTIONS (QUESTIONNAIRE_QUESTIONS_ID,QUESTIONNAIRE_REF_ID_FK,QUESTION_REF_ID_FK,QUESTION_NUMBER,PARENT_QUESTION_NUMBER,CONDITION_FLAG,CONDITION_TYPE,CONDITION_VALUE,UPDATE_TIMESTAMP,UPDATE_USER,QUESTION_SEQ_NUMBER,VER_NBR,OBJ_ID)
select (SELECT (MAX(ID)) FROM SEQ_QUESTIONNAIRE_REF_ID) QUESTIONNAIRE_QUESTIONS_ID,
(select max(QUESTIONNAIRE_REF_ID) from QUESTIONNAIRE where QUESTIONNAIRE_ID=5 and SEQUENCE_NUMBER=1) QUESTIONNAIRE_REF_ID_FK,
(SELECT max(QUESTION_REF_ID) FROM QUESTION WHERE QUESTION_ID=119 AND SEQUENCE_NUMBER=1) QUESTION_REF_ID_FK,
34,33,'Y','4','Y',NOW(), 'admin',1,1,UUID() from dual
/
INSERT INTO SEQ_QUESTIONNAIRE_REF_ID VALUES(NULL)
/
Insert into QUESTIONNAIRE_QUESTIONS (QUESTIONNAIRE_QUESTIONS_ID,QUESTIONNAIRE_REF_ID_FK,QUESTION_REF_ID_FK,QUESTION_NUMBER,PARENT_QUESTION_NUMBER,CONDITION_FLAG,CONDITION_TYPE,CONDITION_VALUE,UPDATE_TIMESTAMP,UPDATE_USER,QUESTION_SEQ_NUMBER,VER_NBR,OBJ_ID)
select (SELECT (MAX(ID)) FROM SEQ_QUESTIONNAIRE_REF_ID) QUESTIONNAIRE_QUESTIONS_ID,
(select max(QUESTIONNAIRE_REF_ID) from QUESTIONNAIRE where QUESTIONNAIRE_ID=5 and SEQUENCE_NUMBER=1) QUESTIONNAIRE_REF_ID_FK,
(SELECT max(QUESTION_REF_ID) FROM QUESTION WHERE QUESTION_ID=120 AND SEQUENCE_NUMBER=1) QUESTION_REF_ID_FK,
35,34,'Y','4','Y',NOW(), 'admin',1,1,UUID() from dual
/
INSERT INTO SEQ_QUESTIONNAIRE_REF_ID VALUES(NULL)
/
Insert into QUESTIONNAIRE_QUESTIONS (QUESTIONNAIRE_QUESTIONS_ID,QUESTIONNAIRE_REF_ID_FK,QUESTION_REF_ID_FK,QUESTION_NUMBER,PARENT_QUESTION_NUMBER,CONDITION_FLAG,CONDITION_TYPE,CONDITION_VALUE,UPDATE_TIMESTAMP,UPDATE_USER,QUESTION_SEQ_NUMBER,VER_NBR,OBJ_ID)
select (SELECT (MAX(ID)) FROM SEQ_QUESTIONNAIRE_REF_ID) QUESTIONNAIRE_QUESTIONS_ID,
(select max(QUESTIONNAIRE_REF_ID) from QUESTIONNAIRE where QUESTIONNAIRE_ID=5 and SEQUENCE_NUMBER=1) QUESTIONNAIRE_REF_ID_FK,
(SELECT max(QUESTION_REF_ID) FROM QUESTION WHERE QUESTION_ID=121 AND SEQUENCE_NUMBER=1) QUESTION_REF_ID_FK,
36,0,'N','4',null,NOW(), 'admin',9,1,UUID() from dual
/
INSERT INTO SEQ_QUESTIONNAIRE_REF_ID VALUES(NULL)
/
Insert into QUESTIONNAIRE_QUESTIONS (QUESTIONNAIRE_QUESTIONS_ID,QUESTIONNAIRE_REF_ID_FK,QUESTION_REF_ID_FK,QUESTION_NUMBER,PARENT_QUESTION_NUMBER,CONDITION_FLAG,CONDITION_TYPE,CONDITION_VALUE,UPDATE_TIMESTAMP,UPDATE_USER,QUESTION_SEQ_NUMBER,VER_NBR,OBJ_ID)
select (SELECT (MAX(ID)) FROM SEQ_QUESTIONNAIRE_REF_ID) QUESTIONNAIRE_QUESTIONS_ID,
(select max(QUESTIONNAIRE_REF_ID) from QUESTIONNAIRE where QUESTIONNAIRE_ID=5 and SEQUENCE_NUMBER=1) QUESTIONNAIRE_REF_ID_FK,
(SELECT max(QUESTION_REF_ID) FROM QUESTION WHERE QUESTION_ID=122 AND SEQUENCE_NUMBER=1) QUESTION_REF_ID_FK,
43,0,'N','4',null,NOW(), 'admin',13,1,UUID() from dual
/
INSERT INTO SEQ_QUESTIONNAIRE_REF_ID VALUES(NULL)
/
Insert into QUESTIONNAIRE_QUESTIONS (QUESTIONNAIRE_QUESTIONS_ID,QUESTIONNAIRE_REF_ID_FK,QUESTION_REF_ID_FK,QUESTION_NUMBER,PARENT_QUESTION_NUMBER,CONDITION_FLAG,CONDITION_TYPE,CONDITION_VALUE,UPDATE_TIMESTAMP,UPDATE_USER,QUESTION_SEQ_NUMBER,VER_NBR,OBJ_ID)
select (SELECT (MAX(ID)) FROM SEQ_QUESTIONNAIRE_REF_ID) QUESTIONNAIRE_QUESTIONS_ID,
(select max(QUESTIONNAIRE_REF_ID) from QUESTIONNAIRE where QUESTIONNAIRE_ID=5 and SEQUENCE_NUMBER=1) QUESTIONNAIRE_REF_ID_FK,
(SELECT max(QUESTION_REF_ID) FROM QUESTION WHERE QUESTION_ID=123 AND SEQUENCE_NUMBER=1) QUESTION_REF_ID_FK,
44,0,'N','4',null,NOW(), 'admin',14,1,UUID() from dual
/
INSERT INTO SEQ_QUESTIONNAIRE_REF_ID VALUES(NULL)
/
Insert into QUESTIONNAIRE_QUESTIONS (QUESTIONNAIRE_QUESTIONS_ID,QUESTIONNAIRE_REF_ID_FK,QUESTION_REF_ID_FK,QUESTION_NUMBER,PARENT_QUESTION_NUMBER,CONDITION_FLAG,CONDITION_TYPE,CONDITION_VALUE,UPDATE_TIMESTAMP,UPDATE_USER,QUESTION_SEQ_NUMBER,VER_NBR,OBJ_ID)
select (SELECT (MAX(ID)) FROM SEQ_QUESTIONNAIRE_REF_ID) QUESTIONNAIRE_QUESTIONS_ID,
(select max(QUESTIONNAIRE_REF_ID) from QUESTIONNAIRE where QUESTIONNAIRE_ID=5 and SEQUENCE_NUMBER=1) QUESTIONNAIRE_REF_ID_FK,
(SELECT max(QUESTION_REF_ID) FROM QUESTION WHERE QUESTION_ID=124 AND SEQUENCE_NUMBER=1) QUESTION_REF_ID_FK,
46,44,'Y','4','Y',NOW(), 'admin',2,1,UUID() from dual
/
INSERT INTO SEQ_QUESTIONNAIRE_REF_ID VALUES(NULL)
/
Insert into QUESTIONNAIRE_QUESTIONS (QUESTIONNAIRE_QUESTIONS_ID,QUESTIONNAIRE_REF_ID_FK,QUESTION_REF_ID_FK,QUESTION_NUMBER,PARENT_QUESTION_NUMBER,CONDITION_FLAG,CONDITION_TYPE,CONDITION_VALUE,UPDATE_TIMESTAMP,UPDATE_USER,QUESTION_SEQ_NUMBER,VER_NBR,OBJ_ID)
select (SELECT (MAX(ID)) FROM SEQ_QUESTIONNAIRE_REF_ID) QUESTIONNAIRE_QUESTIONS_ID,
(select max(QUESTIONNAIRE_REF_ID) from QUESTIONNAIRE where QUESTIONNAIRE_ID=5 and SEQUENCE_NUMBER=1) QUESTIONNAIRE_REF_ID_FK,
(SELECT max(QUESTION_REF_ID) FROM QUESTION WHERE QUESTION_ID=125 AND SEQUENCE_NUMBER=1) QUESTION_REF_ID_FK,
48,0,'N','4',null,NOW(), 'admin',15,1,UUID() from dual
/
INSERT INTO SEQ_QUESTIONNAIRE_REF_ID VALUES(NULL)
/
Insert into QUESTIONNAIRE_QUESTIONS (QUESTIONNAIRE_QUESTIONS_ID,QUESTIONNAIRE_REF_ID_FK,QUESTION_REF_ID_FK,QUESTION_NUMBER,PARENT_QUESTION_NUMBER,CONDITION_FLAG,CONDITION_TYPE,CONDITION_VALUE,UPDATE_TIMESTAMP,UPDATE_USER,QUESTION_SEQ_NUMBER,VER_NBR,OBJ_ID)
select (SELECT (MAX(ID)) FROM SEQ_QUESTIONNAIRE_REF_ID) QUESTIONNAIRE_QUESTIONS_ID,
(select max(QUESTIONNAIRE_REF_ID) from QUESTIONNAIRE where QUESTIONNAIRE_ID=5 and SEQUENCE_NUMBER=1) QUESTIONNAIRE_REF_ID_FK,
(SELECT max(QUESTION_REF_ID) FROM QUESTION WHERE QUESTION_ID=126 AND SEQUENCE_NUMBER=1) QUESTION_REF_ID_FK,
50,0,'N','4',null,NOW(), 'admin',16,1,UUID() from dual
/
INSERT INTO SEQ_QUESTIONNAIRE_REF_ID VALUES(NULL)
/
Insert into QUESTIONNAIRE_QUESTIONS (QUESTIONNAIRE_QUESTIONS_ID,QUESTIONNAIRE_REF_ID_FK,QUESTION_REF_ID_FK,QUESTION_NUMBER,PARENT_QUESTION_NUMBER,CONDITION_FLAG,CONDITION_TYPE,CONDITION_VALUE,UPDATE_TIMESTAMP,UPDATE_USER,QUESTION_SEQ_NUMBER,VER_NBR,OBJ_ID)
select (SELECT (MAX(ID)) FROM SEQ_QUESTIONNAIRE_REF_ID) QUESTIONNAIRE_QUESTIONS_ID,
(select max(QUESTIONNAIRE_REF_ID) from QUESTIONNAIRE where QUESTIONNAIRE_ID=5 and SEQUENCE_NUMBER=1) QUESTIONNAIRE_REF_ID_FK,
(SELECT max(QUESTION_REF_ID) FROM QUESTION WHERE QUESTION_ID=127 AND SEQUENCE_NUMBER=1) QUESTION_REF_ID_FK,
51,50,'Y','4','Y',NOW(), 'admin',1,1,UUID() from dual
/
INSERT INTO SEQ_QUESTIONNAIRE_REF_ID VALUES(NULL)
/
Insert into QUESTIONNAIRE_QUESTIONS (QUESTIONNAIRE_QUESTIONS_ID,QUESTIONNAIRE_REF_ID_FK,QUESTION_REF_ID_FK,QUESTION_NUMBER,PARENT_QUESTION_NUMBER,CONDITION_FLAG,CONDITION_TYPE,CONDITION_VALUE,UPDATE_TIMESTAMP,UPDATE_USER,QUESTION_SEQ_NUMBER,VER_NBR,OBJ_ID)
select (SELECT (MAX(ID)) FROM SEQ_QUESTIONNAIRE_REF_ID) QUESTIONNAIRE_QUESTIONS_ID,
(select max(QUESTIONNAIRE_REF_ID) from QUESTIONNAIRE where QUESTIONNAIRE_ID=5 and SEQUENCE_NUMBER=1) QUESTIONNAIRE_REF_ID_FK,
(SELECT max(QUESTION_REF_ID) FROM QUESTION WHERE QUESTION_ID=128 AND SEQUENCE_NUMBER=1) QUESTION_REF_ID_FK,
53,0,'N','4',null,NOW(), 'admin',17,1,UUID() from dual
/
INSERT INTO SEQ_QUESTIONNAIRE_REF_ID VALUES(NULL)
/
Insert into QUESTIONNAIRE_QUESTIONS (QUESTIONNAIRE_QUESTIONS_ID,QUESTIONNAIRE_REF_ID_FK,QUESTION_REF_ID_FK,QUESTION_NUMBER,PARENT_QUESTION_NUMBER,CONDITION_FLAG,CONDITION_TYPE,CONDITION_VALUE,UPDATE_TIMESTAMP,UPDATE_USER,QUESTION_SEQ_NUMBER,VER_NBR,OBJ_ID)
select (SELECT (MAX(ID)) FROM SEQ_QUESTIONNAIRE_REF_ID) QUESTIONNAIRE_QUESTIONS_ID,
(select max(QUESTIONNAIRE_REF_ID) from QUESTIONNAIRE where QUESTIONNAIRE_ID=5 and SEQUENCE_NUMBER=1) QUESTIONNAIRE_REF_ID_FK,
(SELECT max(QUESTION_REF_ID) FROM QUESTION WHERE QUESTION_ID=129 AND SEQUENCE_NUMBER=1) QUESTION_REF_ID_FK,
55,0,'N','4',null,NOW(), 'admin',18,1,UUID() from dual
/
INSERT INTO SEQ_QUESTIONNAIRE_REF_ID VALUES(NULL)
/
Insert into QUESTIONNAIRE_QUESTIONS (QUESTIONNAIRE_QUESTIONS_ID,QUESTIONNAIRE_REF_ID_FK,QUESTION_REF_ID_FK,QUESTION_NUMBER,PARENT_QUESTION_NUMBER,CONDITION_FLAG,CONDITION_TYPE,CONDITION_VALUE,UPDATE_TIMESTAMP,UPDATE_USER,QUESTION_SEQ_NUMBER,VER_NBR,OBJ_ID)
select (SELECT (MAX(ID)) FROM SEQ_QUESTIONNAIRE_REF_ID) QUESTIONNAIRE_QUESTIONS_ID,
(select max(QUESTIONNAIRE_REF_ID) from QUESTIONNAIRE where QUESTIONNAIRE_ID=5 and SEQUENCE_NUMBER=1) QUESTIONNAIRE_REF_ID_FK,
(SELECT max(QUESTION_REF_ID) FROM QUESTION WHERE QUESTION_ID=130 AND SEQUENCE_NUMBER=1) QUESTION_REF_ID_FK,
56,55,'Y','4','Y',NOW(), 'admin',1,1,UUID() from dual
/
INSERT INTO SEQ_QUESTIONNAIRE_REF_ID VALUES(NULL)
/
Insert into QUESTIONNAIRE_QUESTIONS (QUESTIONNAIRE_QUESTIONS_ID,QUESTIONNAIRE_REF_ID_FK,QUESTION_REF_ID_FK,QUESTION_NUMBER,PARENT_QUESTION_NUMBER,CONDITION_FLAG,CONDITION_TYPE,CONDITION_VALUE,UPDATE_TIMESTAMP,UPDATE_USER,QUESTION_SEQ_NUMBER,VER_NBR,OBJ_ID)
select (SELECT (MAX(ID)) FROM SEQ_QUESTIONNAIRE_REF_ID) QUESTIONNAIRE_QUESTIONS_ID,
(select max(QUESTIONNAIRE_REF_ID) from QUESTIONNAIRE where QUESTIONNAIRE_ID=5 and SEQUENCE_NUMBER=1) QUESTIONNAIRE_REF_ID_FK,
(SELECT max(QUESTION_REF_ID) FROM QUESTION WHERE QUESTION_ID=131 AND SEQUENCE_NUMBER=1) QUESTION_REF_ID_FK,
57,55,'Y','4','N',NOW(), 'admin',2,1,UUID() from dual
/
INSERT INTO SEQ_QUESTIONNAIRE_REF_ID VALUES(NULL)
/
Insert into QUESTIONNAIRE_QUESTIONS (QUESTIONNAIRE_QUESTIONS_ID,QUESTIONNAIRE_REF_ID_FK,QUESTION_REF_ID_FK,QUESTION_NUMBER,PARENT_QUESTION_NUMBER,CONDITION_FLAG,CONDITION_TYPE,CONDITION_VALUE,UPDATE_TIMESTAMP,UPDATE_USER,QUESTION_SEQ_NUMBER,VER_NBR,OBJ_ID)
select (SELECT (MAX(ID)) FROM SEQ_QUESTIONNAIRE_REF_ID) QUESTIONNAIRE_QUESTIONS_ID,
(select max(QUESTIONNAIRE_REF_ID) from QUESTIONNAIRE where QUESTIONNAIRE_ID=5 and SEQUENCE_NUMBER=1) QUESTIONNAIRE_REF_ID_FK,
(SELECT max(QUESTION_REF_ID) FROM QUESTION WHERE QUESTION_ID=132 AND SEQUENCE_NUMBER=1) QUESTION_REF_ID_FK,
42,0,'N','4',null,NOW(),'admin',12,1,UUID() from dual
/
INSERT INTO SEQ_QUESTIONNAIRE_REF_ID VALUES(NULL)
/
Insert into QUESTIONNAIRE_QUESTIONS (QUESTIONNAIRE_QUESTIONS_ID,QUESTIONNAIRE_REF_ID_FK,QUESTION_REF_ID_FK,QUESTION_NUMBER,PARENT_QUESTION_NUMBER,CONDITION_FLAG,CONDITION_TYPE,CONDITION_VALUE,UPDATE_TIMESTAMP,UPDATE_USER,QUESTION_SEQ_NUMBER,VER_NBR,OBJ_ID)
select (SELECT (MAX(ID)) FROM SEQ_QUESTIONNAIRE_REF_ID) QUESTIONNAIRE_QUESTIONS_ID,
(select max(QUESTIONNAIRE_REF_ID) from QUESTIONNAIRE where QUESTIONNAIRE_ID=5 and SEQUENCE_NUMBER=1) QUESTIONNAIRE_REF_ID_FK,
(SELECT max(QUESTION_REF_ID) FROM QUESTION WHERE QUESTION_ID=132 AND SEQUENCE_NUMBER=1) QUESTION_REF_ID_FK,
58,0,'N','4',null,NOW(),'admin',19,1,UUID() from dual
/
INSERT INTO SEQ_QUESTIONNAIRE_REF_ID VALUES(NULL)
/
Insert into QUESTIONNAIRE_QUESTIONS (QUESTIONNAIRE_QUESTIONS_ID,QUESTIONNAIRE_REF_ID_FK,QUESTION_REF_ID_FK,QUESTION_NUMBER,PARENT_QUESTION_NUMBER,CONDITION_FLAG,CONDITION_TYPE,CONDITION_VALUE,UPDATE_TIMESTAMP,UPDATE_USER,QUESTION_SEQ_NUMBER,VER_NBR,OBJ_ID)
select (SELECT (MAX(ID)) FROM SEQ_QUESTIONNAIRE_REF_ID) QUESTIONNAIRE_QUESTIONS_ID,
(select max(QUESTIONNAIRE_REF_ID) from QUESTIONNAIRE where QUESTIONNAIRE_ID=5 and SEQUENCE_NUMBER=1) QUESTIONNAIRE_REF_ID_FK,
(SELECT max(QUESTION_REF_ID) FROM QUESTION WHERE QUESTION_ID=133 AND SEQUENCE_NUMBER=1) QUESTION_REF_ID_FK,
59,0,'N','4',null,NOW(),'admin',20,1,UUID() from dual
/
COMMIT
/
INSERT INTO SEQ_QUESTIONNAIRE_REF_ID VALUES(NULL)
/
Insert into QUESTIONNAIRE_USAGE (QUESTIONNAIRE_USAGE_ID,MODULE_ITEM_CODE,MODULE_SUB_ITEM_CODE,QUESTIONNAIRE_REF_ID_FK,QUESTIONNAIRE_SEQUENCE_NUMBER,RULE_ID,QUESTIONNAIRE_LABEL,UPDATE_TIMESTAMP,UPDATE_USER,VER_NBR,OBJ_ID,IS_MANDATORY)
select (SELECT (MAX(ID)) FROM SEQ_QUESTIONNAIRE_REF_ID) ,3,0,
(select max(QUESTIONNAIRE_REF_ID) from QUESTIONNAIRE where QUESTIONNAIRE_ID=5 and SEQUENCE_NUMBER=1) QUESTIONNAIRE_REF_ID_FK,
1,null,'S2S FAT & Flat Questionnaire',NOW(),'admin',1,UUID(),'N' from dual
/
commit
/
DELIMITER ;
