--
-- Kuali Coeus, a comprehensive research administration system for higher education.
-- 
-- Copyright 2005-2015 Kuali, Inc.
-- 
-- This program is free software: you can redistribute it and/or modify
-- it under the terms of the GNU Affero General Public License as
-- published by the Free Software Foundation, either version 3 of the
-- License, or (at your option) any later version.
-- 
-- This program is distributed in the hope that it will be useful,
-- but WITHOUT ANY WARRANTY; without even the implied warranty of
-- MERCHANTABILITY or FITNESS FOR A PARTICULAR PURPOSE.  See the
-- GNU Affero General Public License for more details.
-- 
-- You should have received a copy of the GNU Affero General Public License
-- along with this program.  If not, see <http://www.gnu.org/licenses/>.
--

DECLARE brch_1_id NUMBER;
        node_1_id NUMBER;
BEGIN
    SELECT KREW_RTE_NODE_S.NEXTVAL INTO brch_1_id FROM DUAL;
    SELECT KREW_RTE_NODE_S.NEXTVAL INTO node_1_id FROM DUAL;
    INSERT INTO KREW_RTE_BRCH_T (RTE_BRCH_ID,NM,PARNT_ID,INIT_RTE_NODE_INSTN_ID,SPLT_RTE_NODE_INSTN_ID,JOIN_RTE_NODE_INSTN_ID,VER_NBR) 
        VALUES (brch_1_id,'PRIMARY',null,node_1_id,null,null,6);
    INSERT INTO KREW_RTE_NODE_INSTN_T (RTE_NODE_INSTN_ID,DOC_HDR_ID,RTE_NODE_ID,BRCH_ID,ACTV_IND,CMPLT_IND,INIT_IND,VER_NBR) 
        VALUES (node_1_id,4091,(SELECT RTE_NODE_ID FROM KREW_RTE_NODE_T WHERE DOC_TYP_ID = (SELECT MAX(DOC_TYP_ID) FROM KREW_DOC_TYP_T WHERE DOC_TYP_NM = 'AwardDocument') AND NM = 'Initiated'),brch_1_id,1,0,0,3);
    INSERT INTO KREW_INIT_RTE_NODE_INSTN_T (DOC_HDR_ID,RTE_NODE_INSTN_ID)
        VALUES (4091,node_1_id);
END;
/

DECLARE brch_1_id NUMBER;
        node_1_id NUMBER;
        node_2_id NUMBER;
        brch_2_id NUMBER;
        node_3_id NUMBER;
        brch_3_id NUMBER;
        node_4_id NUMBER;
        node_5_id NUMBER;
BEGIN
    SELECT KREW_RTE_NODE_S.NEXTVAL INTO brch_1_id FROM DUAL;
    SELECT KREW_RTE_NODE_S.NEXTVAL INTO node_1_id FROM DUAL;
    INSERT INTO KREW_RTE_BRCH_T (RTE_BRCH_ID,NM,PARNT_ID,INIT_RTE_NODE_INSTN_ID,SPLT_RTE_NODE_INSTN_ID,JOIN_RTE_NODE_INSTN_ID,VER_NBR) 
        VALUES (brch_1_id,'PRIMARY',null,null,null,null,68);
    INSERT INTO KREW_RTE_NODE_INSTN_T (RTE_NODE_INSTN_ID,DOC_HDR_ID,RTE_NODE_ID,BRCH_ID,ACTV_IND,CMPLT_IND,INIT_IND,VER_NBR) 
        VALUES (node_1_id,4092,(SELECT RTE_NODE_ID FROM KREW_RTE_NODE_T WHERE DOC_TYP_ID = (SELECT MAX(DOC_TYP_ID) FROM KREW_DOC_TYP_T WHERE DOC_TYP_NM = 'AwardDocument') AND NM = 'Initiated'),brch_1_id,0,1,0,30);
    INSERT INTO KREW_INIT_RTE_NODE_INSTN_T (DOC_HDR_ID,RTE_NODE_INSTN_ID)
        VALUES (4092,node_1_id);
    
    SELECT KREW_RTE_NODE_S.NEXTVAL INTO node_2_id FROM DUAL;
    INSERT INTO KREW_RTE_NODE_INSTN_T (RTE_NODE_INSTN_ID,DOC_HDR_ID,RTE_NODE_ID,BRCH_ID,ACTV_IND,CMPLT_IND,INIT_IND,VER_NBR) 
        VALUES (node_2_id,4092,(SELECT RTE_NODE_ID FROM KREW_RTE_NODE_T WHERE DOC_TYP_ID = (SELECT MAX(DOC_TYP_ID) FROM KREW_DOC_TYP_T WHERE DOC_TYP_NM = 'AwardDocument') AND NM = 'hasSync'),brch_1_id,0,1,0,5);
    
    SELECT KREW_RTE_NODE_S.NEXTVAL INTO brch_2_id FROM DUAL;
    SELECT KREW_RTE_NODE_S.NEXTVAL INTO node_3_id FROM DUAL;
    INSERT INTO KREW_RTE_BRCH_T (RTE_BRCH_ID,NM,PARNT_ID,INIT_RTE_NODE_INSTN_ID,SPLT_RTE_NODE_INSTN_ID,JOIN_RTE_NODE_INSTN_ID,VER_NBR) 
        VALUES (brch_2_id,'False',brch_1_id,node_3_id,node_2_id,null,11);
    INSERT INTO KREW_RTE_NODE_INSTN_T (RTE_NODE_INSTN_ID,DOC_HDR_ID,RTE_NODE_ID,BRCH_ID,ACTV_IND,CMPLT_IND,INIT_IND,VER_NBR) 
        VALUES (node_3_id,4092,(SELECT RTE_NODE_ID FROM KREW_RTE_NODE_T WHERE DOC_TYP_ID = (SELECT MAX(DOC_TYP_ID) FROM KREW_DOC_TYP_T WHERE DOC_TYP_NM = 'AwardDocument') AND NM = 'isSyncChild'),brch_2_id,0,1,0,4);
    
    SELECT KREW_RTE_NODE_S.NEXTVAL INTO brch_3_id FROM DUAL;
    SELECT KREW_RTE_NODE_S.NEXTVAL INTO node_4_id FROM DUAL;
    SELECT KREW_RTE_NODE_S.NEXTVAL INTO node_5_id FROM DUAL;
    INSERT INTO KREW_RTE_BRCH_T (RTE_BRCH_ID,NM,PARNT_ID,INIT_RTE_NODE_INSTN_ID,SPLT_RTE_NODE_INSTN_ID,JOIN_RTE_NODE_INSTN_ID,VER_NBR) 
        VALUES (brch_3_id,'False',brch_2_id,node_4_id,node_3_id,node_5_id,5);
    INSERT INTO KREW_RTE_NODE_INSTN_T (RTE_NODE_INSTN_ID,DOC_HDR_ID,RTE_NODE_ID,BRCH_ID,ACTV_IND,CMPLT_IND,INIT_IND,VER_NBR) 
        VALUES (node_4_id,4092,(SELECT RTE_NODE_ID FROM KREW_RTE_NODE_T WHERE DOC_TYP_ID = (SELECT MAX(DOC_TYP_ID) FROM KREW_DOC_TYP_T WHERE DOC_TYP_NM = 'AwardDocument') AND NM = 'AwardStandardApproval'),brch_3_id,0,1,0,3);
    INSERT INTO KREW_RTE_NODE_INSTN_T (RTE_NODE_INSTN_ID,DOC_HDR_ID,RTE_NODE_ID,BRCH_ID,ACTV_IND,CMPLT_IND,INIT_IND,VER_NBR) 
        VALUES (node_5_id,4092,(SELECT RTE_NODE_ID FROM KREW_RTE_NODE_T WHERE DOC_TYP_ID = (SELECT MAX(DOC_TYP_ID) FROM KREW_DOC_TYP_T WHERE DOC_TYP_NM = 'AwardDocument') AND NM = 'JoinSyncChild'),brch_2_id,0,1,0,6);
    INSERT INTO KREW_RTE_NODE_INSTN_ST_T (RTE_NODE_INSTN_ST_ID,RTE_NODE_INSTN_ID,KEY_CD,VAL,VER_NBR) 
        VALUES (KREW_RTE_NODE_S.NEXTVAL,node_5_id,'ExpectedJoiners','' || brch_3_id || ',',5);
    INSERT INTO KREW_RTE_NODE_INSTN_ST_T (RTE_NODE_INSTN_ST_ID,RTE_NODE_INSTN_ID,KEY_CD,VAL,VER_NBR) 
        VALUES (KREW_RTE_NODE_S.NEXTVAL,node_5_id,'ActualJoiners','' || brch_3_id || ',',5);
    INSERT INTO KREW_RTE_BRCH_ST_T (RTE_BRCH_ST_ID,RTE_BRCH_ID,KEY_CD,VAL,VER_NBR) 
        VALUES (KREW_RTE_NODE_S.NEXTVAL,brch_1_id,'System.PostProcessorProcessed','true',2);
    INSERT INTO KREW_RTE_BRCH_ST_T (RTE_BRCH_ST_ID,RTE_BRCH_ID,KEY_CD,VAL,VER_NBR) 
        VALUES (KREW_RTE_NODE_S.NEXTVAL,brch_1_id,'System.PostProcessorFinal','true',1);
END;
/

DECLARE brch_1_id NUMBER;
        node_1_id NUMBER;
        node_2_id NUMBER;
        brch_2_id NUMBER;
        node_3_id NUMBER;
        brch_3_id NUMBER;
        node_4_id NUMBER;
        node_5_id NUMBER;
BEGIN
    SELECT KREW_RTE_NODE_S.NEXTVAL INTO brch_1_id FROM DUAL;
    SELECT KREW_RTE_NODE_S.NEXTVAL INTO node_1_id FROM DUAL;
    INSERT INTO KREW_RTE_BRCH_T (RTE_BRCH_ID,NM,PARNT_ID,INIT_RTE_NODE_INSTN_ID,SPLT_RTE_NODE_INSTN_ID,JOIN_RTE_NODE_INSTN_ID,VER_NBR) 
        VALUES (brch_1_id,'PRIMARY',null,null,null,null,58);
    INSERT INTO KREW_RTE_NODE_INSTN_T (RTE_NODE_INSTN_ID,DOC_HDR_ID,RTE_NODE_ID,BRCH_ID,ACTV_IND,CMPLT_IND,INIT_IND,VER_NBR) 
        VALUES (node_1_id,4093,(SELECT RTE_NODE_ID FROM KREW_RTE_NODE_T WHERE DOC_TYP_ID = (SELECT MAX(DOC_TYP_ID) FROM KREW_DOC_TYP_T WHERE DOC_TYP_NM = 'AwardDocument') AND NM = 'Initiated'),brch_1_id,0,1,0,25);
    INSERT INTO KREW_INIT_RTE_NODE_INSTN_T (DOC_HDR_ID,RTE_NODE_INSTN_ID)
        VALUES (4093,node_1_id);
    
    SELECT KREW_RTE_NODE_S.NEXTVAL INTO node_2_id FROM DUAL;
    INSERT INTO KREW_RTE_NODE_INSTN_T (RTE_NODE_INSTN_ID,DOC_HDR_ID,RTE_NODE_ID,BRCH_ID,ACTV_IND,CMPLT_IND,INIT_IND,VER_NBR) 
        VALUES (node_2_id,4093,(SELECT RTE_NODE_ID FROM KREW_RTE_NODE_T WHERE DOC_TYP_ID = (SELECT MAX(DOC_TYP_ID) FROM KREW_DOC_TYP_T WHERE DOC_TYP_NM = 'AwardDocument') AND NM = 'hasSync'),brch_1_id,0,1,0,5);
    
    SELECT KREW_RTE_NODE_S.NEXTVAL INTO brch_2_id FROM DUAL;
    SELECT KREW_RTE_NODE_S.NEXTVAL INTO node_3_id FROM DUAL;
    INSERT INTO KREW_RTE_BRCH_T (RTE_BRCH_ID,NM,PARNT_ID,INIT_RTE_NODE_INSTN_ID,SPLT_RTE_NODE_INSTN_ID,JOIN_RTE_NODE_INSTN_ID,VER_NBR) 
        VALUES (brch_2_id,'False',brch_1_id,node_3_id,node_2_id,null,11);
    INSERT INTO KREW_RTE_NODE_INSTN_T (RTE_NODE_INSTN_ID,DOC_HDR_ID,RTE_NODE_ID,BRCH_ID,ACTV_IND,CMPLT_IND,INIT_IND,VER_NBR) 
        VALUES (node_3_id,4093,(SELECT RTE_NODE_ID FROM KREW_RTE_NODE_T WHERE DOC_TYP_ID = (SELECT MAX(DOC_TYP_ID) FROM KREW_DOC_TYP_T WHERE DOC_TYP_NM = 'AwardDocument') AND NM = 'isSyncChild'),brch_2_id,0,1,0,4);
    
    SELECT KREW_RTE_NODE_S.NEXTVAL INTO brch_3_id FROM DUAL;
    SELECT KREW_RTE_NODE_S.NEXTVAL INTO node_4_id FROM DUAL;
    SELECT KREW_RTE_NODE_S.NEXTVAL INTO node_5_id FROM DUAL;
    INSERT INTO KREW_RTE_BRCH_T (RTE_BRCH_ID,NM,PARNT_ID,INIT_RTE_NODE_INSTN_ID,SPLT_RTE_NODE_INSTN_ID,JOIN_RTE_NODE_INSTN_ID,VER_NBR) 
        VALUES (brch_3_id,'False',brch_2_id,node_4_id,node_3_id,node_5_id,5);
    INSERT INTO KREW_RTE_NODE_INSTN_T (RTE_NODE_INSTN_ID,DOC_HDR_ID,RTE_NODE_ID,BRCH_ID,ACTV_IND,CMPLT_IND,INIT_IND,VER_NBR) 
        VALUES (node_4_id,4093,(SELECT RTE_NODE_ID FROM KREW_RTE_NODE_T WHERE DOC_TYP_ID = (SELECT MAX(DOC_TYP_ID) FROM KREW_DOC_TYP_T WHERE DOC_TYP_NM = 'AwardDocument') AND NM = 'AwardStandardApproval'),brch_3_id,0,1,0,3);
    INSERT INTO KREW_RTE_NODE_INSTN_T (RTE_NODE_INSTN_ID,DOC_HDR_ID,RTE_NODE_ID,BRCH_ID,ACTV_IND,CMPLT_IND,INIT_IND,VER_NBR) 
        VALUES (node_5_id,4093,(SELECT RTE_NODE_ID FROM KREW_RTE_NODE_T WHERE DOC_TYP_ID = (SELECT MAX(DOC_TYP_ID) FROM KREW_DOC_TYP_T WHERE DOC_TYP_NM = 'AwardDocument') AND NM = 'JoinSyncChild'),brch_2_id,0,1,0,6);
    INSERT INTO KREW_RTE_NODE_INSTN_ST_T (RTE_NODE_INSTN_ST_ID,RTE_NODE_INSTN_ID,KEY_CD,VAL,VER_NBR) 
        VALUES (KREW_RTE_NODE_S.NEXTVAL,node_5_id,'ExpectedJoiners','' || brch_3_id || ',',5);
    INSERT INTO KREW_RTE_NODE_INSTN_ST_T (RTE_NODE_INSTN_ST_ID,RTE_NODE_INSTN_ID,KEY_CD,VAL,VER_NBR) 
        VALUES (KREW_RTE_NODE_S.NEXTVAL,node_5_id,'ActualJoiners','' || brch_3_id || ',',5);
    INSERT INTO KREW_RTE_BRCH_ST_T (RTE_BRCH_ST_ID,RTE_BRCH_ID,KEY_CD,VAL,VER_NBR) 
        VALUES (KREW_RTE_NODE_S.NEXTVAL,brch_1_id,'System.PostProcessorProcessed','true',2);
    INSERT INTO KREW_RTE_BRCH_ST_T (RTE_BRCH_ST_ID,RTE_BRCH_ID,KEY_CD,VAL,VER_NBR) 
        VALUES (KREW_RTE_NODE_S.NEXTVAL,brch_1_id,'System.PostProcessorFinal','true',1);
END;
/

DECLARE brch_1_id NUMBER;
        node_1_id NUMBER;
        node_2_id NUMBER;
        brch_2_id NUMBER;
        node_3_id NUMBER;
        brch_3_id NUMBER;
        node_4_id NUMBER;
        node_5_id NUMBER;
BEGIN
    SELECT KREW_RTE_NODE_S.NEXTVAL INTO brch_1_id FROM DUAL;
    SELECT KREW_RTE_NODE_S.NEXTVAL INTO node_1_id FROM DUAL;
    INSERT INTO KREW_RTE_BRCH_T (RTE_BRCH_ID,NM,PARNT_ID,INIT_RTE_NODE_INSTN_ID,SPLT_RTE_NODE_INSTN_ID,JOIN_RTE_NODE_INSTN_ID,VER_NBR) 
        VALUES (brch_1_id,'PRIMARY',null,null,null,null,66);
    INSERT INTO KREW_RTE_NODE_INSTN_T (RTE_NODE_INSTN_ID,DOC_HDR_ID,RTE_NODE_ID,BRCH_ID,ACTV_IND,CMPLT_IND,INIT_IND,VER_NBR) 
        VALUES (node_1_id,4094,(SELECT RTE_NODE_ID FROM KREW_RTE_NODE_T WHERE DOC_TYP_ID = (SELECT MAX(DOC_TYP_ID) FROM KREW_DOC_TYP_T WHERE DOC_TYP_NM = 'AwardDocument') AND NM = 'Initiated'),brch_1_id,0,1,0,29);
    INSERT INTO KREW_INIT_RTE_NODE_INSTN_T (DOC_HDR_ID,RTE_NODE_INSTN_ID)
        VALUES (4094,node_1_id);
    
    SELECT KREW_RTE_NODE_S.NEXTVAL INTO node_2_id FROM DUAL;
    INSERT INTO KREW_RTE_NODE_INSTN_T (RTE_NODE_INSTN_ID,DOC_HDR_ID,RTE_NODE_ID,BRCH_ID,ACTV_IND,CMPLT_IND,INIT_IND,VER_NBR) 
        VALUES (node_2_id,4094,(SELECT RTE_NODE_ID FROM KREW_RTE_NODE_T WHERE DOC_TYP_ID = (SELECT MAX(DOC_TYP_ID) FROM KREW_DOC_TYP_T WHERE DOC_TYP_NM = 'AwardDocument') AND NM = 'hasSync'),brch_1_id,0,1,0,5);
    
    SELECT KREW_RTE_NODE_S.NEXTVAL INTO brch_2_id FROM DUAL;
    SELECT KREW_RTE_NODE_S.NEXTVAL INTO node_3_id FROM DUAL;
    INSERT INTO KREW_RTE_BRCH_T (RTE_BRCH_ID,NM,PARNT_ID,INIT_RTE_NODE_INSTN_ID,SPLT_RTE_NODE_INSTN_ID,JOIN_RTE_NODE_INSTN_ID,VER_NBR) 
        VALUES (brch_2_id,'False',brch_1_id,node_3_id,node_2_id,null,11);
    INSERT INTO KREW_RTE_NODE_INSTN_T (RTE_NODE_INSTN_ID,DOC_HDR_ID,RTE_NODE_ID,BRCH_ID,ACTV_IND,CMPLT_IND,INIT_IND,VER_NBR) 
        VALUES (node_3_id,4094,(SELECT RTE_NODE_ID FROM KREW_RTE_NODE_T WHERE DOC_TYP_ID = (SELECT MAX(DOC_TYP_ID) FROM KREW_DOC_TYP_T WHERE DOC_TYP_NM = 'AwardDocument') AND NM = 'isSyncChild'),brch_2_id,0,1,0,4);
    
    SELECT KREW_RTE_NODE_S.NEXTVAL INTO brch_3_id FROM DUAL;
    SELECT KREW_RTE_NODE_S.NEXTVAL INTO node_4_id FROM DUAL;
    SELECT KREW_RTE_NODE_S.NEXTVAL INTO node_5_id FROM DUAL;
    INSERT INTO KREW_RTE_BRCH_T (RTE_BRCH_ID,NM,PARNT_ID,INIT_RTE_NODE_INSTN_ID,SPLT_RTE_NODE_INSTN_ID,JOIN_RTE_NODE_INSTN_ID,VER_NBR) 
        VALUES (brch_3_id,'False',brch_2_id,node_4_id,node_3_id,node_5_id,5);
    INSERT INTO KREW_RTE_NODE_INSTN_T (RTE_NODE_INSTN_ID,DOC_HDR_ID,RTE_NODE_ID,BRCH_ID,ACTV_IND,CMPLT_IND,INIT_IND,VER_NBR) 
        VALUES (node_4_id,4094,(SELECT RTE_NODE_ID FROM KREW_RTE_NODE_T WHERE DOC_TYP_ID = (SELECT MAX(DOC_TYP_ID) FROM KREW_DOC_TYP_T WHERE DOC_TYP_NM = 'AwardDocument') AND NM = 'AwardStandardApproval'),brch_3_id,0,1,0,3);
    INSERT INTO KREW_RTE_NODE_INSTN_T (RTE_NODE_INSTN_ID,DOC_HDR_ID,RTE_NODE_ID,BRCH_ID,ACTV_IND,CMPLT_IND,INIT_IND,VER_NBR) 
        VALUES (node_5_id,4094,(SELECT RTE_NODE_ID FROM KREW_RTE_NODE_T WHERE DOC_TYP_ID = (SELECT MAX(DOC_TYP_ID) FROM KREW_DOC_TYP_T WHERE DOC_TYP_NM = 'AwardDocument') AND NM = 'JoinSyncChild'),brch_2_id,0,1,0,6);
    INSERT INTO KREW_RTE_NODE_INSTN_ST_T (RTE_NODE_INSTN_ST_ID,RTE_NODE_INSTN_ID,KEY_CD,VAL,VER_NBR) 
        VALUES (KREW_RTE_NODE_S.NEXTVAL,node_5_id,'ExpectedJoiners','' || brch_3_id || ',',5);
    INSERT INTO KREW_RTE_NODE_INSTN_ST_T (RTE_NODE_INSTN_ST_ID,RTE_NODE_INSTN_ID,KEY_CD,VAL,VER_NBR) 
        VALUES (KREW_RTE_NODE_S.NEXTVAL,node_5_id,'ActualJoiners','' || brch_3_id || ',',5);
    INSERT INTO KREW_RTE_BRCH_ST_T (RTE_BRCH_ST_ID,RTE_BRCH_ID,KEY_CD,VAL,VER_NBR) 
        VALUES (KREW_RTE_NODE_S.NEXTVAL,brch_1_id,'System.PostProcessorProcessed','true',2);
    INSERT INTO KREW_RTE_BRCH_ST_T (RTE_BRCH_ST_ID,RTE_BRCH_ID,KEY_CD,VAL,VER_NBR) 
        VALUES (KREW_RTE_NODE_S.NEXTVAL,brch_1_id,'System.PostProcessorFinal','true',1);
END;
/

DECLARE brch_1_id NUMBER;
        node_1_id NUMBER;
        node_2_id NUMBER;
        brch_2_id NUMBER;
        node_3_id NUMBER;
        brch_3_id NUMBER;
        node_4_id NUMBER;
        node_5_id NUMBER;
BEGIN
    SELECT KREW_RTE_NODE_S.NEXTVAL INTO brch_1_id FROM DUAL;
    SELECT KREW_RTE_NODE_S.NEXTVAL INTO node_1_id FROM DUAL;
    INSERT INTO KREW_RTE_BRCH_T (RTE_BRCH_ID,NM,PARNT_ID,INIT_RTE_NODE_INSTN_ID,SPLT_RTE_NODE_INSTN_ID,JOIN_RTE_NODE_INSTN_ID,VER_NBR) 
        VALUES (brch_1_id,'PRIMARY',null,node_1_id,null,null,62);
    INSERT INTO KREW_RTE_NODE_INSTN_T (RTE_NODE_INSTN_ID,DOC_HDR_ID,RTE_NODE_ID,BRCH_ID,ACTV_IND,CMPLT_IND,INIT_IND,VER_NBR) 
        VALUES (node_1_id,4095,(SELECT RTE_NODE_ID FROM KREW_RTE_NODE_T WHERE DOC_TYP_ID = (SELECT MAX(DOC_TYP_ID) FROM KREW_DOC_TYP_T WHERE DOC_TYP_NM = 'AwardDocument') AND NM = 'Initiated'),brch_1_id,0,1,0,27);
    INSERT INTO KREW_INIT_RTE_NODE_INSTN_T (DOC_HDR_ID,RTE_NODE_INSTN_ID)
        VALUES (4095,node_1_id);
        
    SELECT KREW_RTE_NODE_S.NEXTVAL INTO node_2_id FROM DUAL;
    INSERT INTO KREW_RTE_NODE_INSTN_T (RTE_NODE_INSTN_ID,DOC_HDR_ID,RTE_NODE_ID,BRCH_ID,ACTV_IND,CMPLT_IND,INIT_IND,VER_NBR) 
        VALUES (node_2_id,4095,(SELECT RTE_NODE_ID FROM KREW_RTE_NODE_T WHERE DOC_TYP_ID = (SELECT MAX(DOC_TYP_ID) FROM KREW_DOC_TYP_T WHERE DOC_TYP_NM = 'AwardDocument') AND NM = 'hasSync'),brch_1_id,0,1,0,5);
    
    SELECT KREW_RTE_NODE_S.NEXTVAL INTO brch_2_id FROM DUAL;
    SELECT KREW_RTE_NODE_S.NEXTVAL INTO node_3_id FROM DUAL;
    INSERT INTO KREW_RTE_BRCH_T (RTE_BRCH_ID,NM,PARNT_ID,INIT_RTE_NODE_INSTN_ID,SPLT_RTE_NODE_INSTN_ID,JOIN_RTE_NODE_INSTN_ID,VER_NBR) 
        VALUES (brch_2_id,'False',brch_1_id,node_3_id,node_2_id,null,11);
    INSERT INTO KREW_RTE_NODE_INSTN_T (RTE_NODE_INSTN_ID,DOC_HDR_ID,RTE_NODE_ID,BRCH_ID,ACTV_IND,CMPLT_IND,INIT_IND,VER_NBR) 
        VALUES (node_3_id,4095,(SELECT RTE_NODE_ID FROM KREW_RTE_NODE_T WHERE DOC_TYP_ID = (SELECT MAX(DOC_TYP_ID) FROM KREW_DOC_TYP_T WHERE DOC_TYP_NM = 'AwardDocument') AND NM = 'isSyncChild'),brch_2_id,0,1,0,4);
    
    SELECT KREW_RTE_NODE_S.NEXTVAL INTO brch_3_id FROM DUAL;
    SELECT KREW_RTE_NODE_S.NEXTVAL INTO node_4_id FROM DUAL;
    SELECT KREW_RTE_NODE_S.NEXTVAL INTO node_5_id FROM DUAL;
    INSERT INTO KREW_RTE_BRCH_T (RTE_BRCH_ID,NM,PARNT_ID,INIT_RTE_NODE_INSTN_ID,SPLT_RTE_NODE_INSTN_ID,JOIN_RTE_NODE_INSTN_ID,VER_NBR) 
        VALUES (brch_3_id,'False',brch_2_id,node_4_id,node_3_id,node_5_id,5);
    INSERT INTO KREW_RTE_NODE_INSTN_T (RTE_NODE_INSTN_ID,DOC_HDR_ID,RTE_NODE_ID,BRCH_ID,ACTV_IND,CMPLT_IND,INIT_IND,VER_NBR) 
        VALUES (node_4_id,4095,(SELECT RTE_NODE_ID FROM KREW_RTE_NODE_T WHERE DOC_TYP_ID = (SELECT MAX(DOC_TYP_ID) FROM KREW_DOC_TYP_T WHERE DOC_TYP_NM = 'AwardDocument') AND NM = 'AwardStandardApproval'),brch_3_id,0,1,0,3);
    INSERT INTO KREW_RTE_NODE_INSTN_T (RTE_NODE_INSTN_ID,DOC_HDR_ID,RTE_NODE_ID,BRCH_ID,ACTV_IND,CMPLT_IND,INIT_IND,VER_NBR) 
        VALUES (node_5_id,4095,(SELECT RTE_NODE_ID FROM KREW_RTE_NODE_T WHERE DOC_TYP_ID = (SELECT MAX(DOC_TYP_ID) FROM KREW_DOC_TYP_T WHERE DOC_TYP_NM = 'AwardDocument') AND NM = 'JoinSyncChild'),brch_2_id,0,1,0,6);
    INSERT INTO KREW_RTE_NODE_INSTN_ST_T (RTE_NODE_INSTN_ST_ID,RTE_NODE_INSTN_ID,KEY_CD,VAL,VER_NBR) 
        VALUES (KREW_RTE_NODE_S.NEXTVAL,node_5_id,'ExpectedJoiners','' || brch_3_id || ',',5);
    INSERT INTO KREW_RTE_NODE_INSTN_ST_T (RTE_NODE_INSTN_ST_ID,RTE_NODE_INSTN_ID,KEY_CD,VAL,VER_NBR) 
        VALUES (KREW_RTE_NODE_S.NEXTVAL,node_5_id,'ActualJoiners','' || brch_3_id || ',',5);
    INSERT INTO KREW_RTE_BRCH_ST_T (RTE_BRCH_ST_ID,RTE_BRCH_ID,KEY_CD,VAL,VER_NBR) 
        VALUES (KREW_RTE_NODE_S.NEXTVAL,brch_1_id,'System.PostProcessorProcessed','true',2);
    INSERT INTO KREW_RTE_BRCH_ST_T (RTE_BRCH_ST_ID,RTE_BRCH_ID,KEY_CD,VAL,VER_NBR) 
        VALUES (KREW_RTE_NODE_S.NEXTVAL,brch_1_id,'System.PostProcessorFinal','true',1);
END;
/

DECLARE brch_1_id NUMBER;
        node_1_id NUMBER;
        node_2_id NUMBER;
        brch_2_id NUMBER;
        node_3_id NUMBER;
        brch_3_id NUMBER;
        node_4_id NUMBER;
        node_5_id NUMBER;
BEGIN
    SELECT KREW_RTE_NODE_S.NEXTVAL INTO brch_1_id FROM DUAL;
    SELECT KREW_RTE_NODE_S.NEXTVAL INTO node_1_id FROM DUAL;
    INSERT INTO KREW_RTE_BRCH_T (RTE_BRCH_ID,NM,PARNT_ID,INIT_RTE_NODE_INSTN_ID,SPLT_RTE_NODE_INSTN_ID,JOIN_RTE_NODE_INSTN_ID,VER_NBR) 
        VALUES (brch_1_id,'PRIMARY',null,null,null,null,58);
    INSERT INTO KREW_RTE_NODE_INSTN_T (RTE_NODE_INSTN_ID,DOC_HDR_ID,RTE_NODE_ID,BRCH_ID,ACTV_IND,CMPLT_IND,INIT_IND,VER_NBR) 
        VALUES (node_1_id,4096,(SELECT RTE_NODE_ID FROM KREW_RTE_NODE_T WHERE DOC_TYP_ID = (SELECT MAX(DOC_TYP_ID) FROM KREW_DOC_TYP_T WHERE DOC_TYP_NM = 'AwardDocument') AND NM = 'Initiated'),brch_1_id,0,1,0,25);
    INSERT INTO KREW_INIT_RTE_NODE_INSTN_T (DOC_HDR_ID,RTE_NODE_INSTN_ID)
        VALUES (4096,node_1_id);

    SELECT KREW_RTE_NODE_S.NEXTVAL INTO node_2_id FROM DUAL;
    INSERT INTO KREW_RTE_NODE_INSTN_T (RTE_NODE_INSTN_ID,DOC_HDR_ID,RTE_NODE_ID,BRCH_ID,ACTV_IND,CMPLT_IND,INIT_IND,VER_NBR) 
        VALUES (node_2_id,4096,(SELECT RTE_NODE_ID FROM KREW_RTE_NODE_T WHERE DOC_TYP_ID = (SELECT MAX(DOC_TYP_ID) FROM KREW_DOC_TYP_T WHERE DOC_TYP_NM = 'AwardDocument') AND NM = 'hasSync'),brch_1_id,0,1,0,5);
    
    SELECT KREW_RTE_NODE_S.NEXTVAL INTO brch_2_id FROM DUAL;
    SELECT KREW_RTE_NODE_S.NEXTVAL INTO node_3_id FROM DUAL;
    INSERT INTO KREW_RTE_BRCH_T (RTE_BRCH_ID,NM,PARNT_ID,INIT_RTE_NODE_INSTN_ID,SPLT_RTE_NODE_INSTN_ID,JOIN_RTE_NODE_INSTN_ID,VER_NBR) 
        VALUES (brch_2_id,'False',brch_1_id,node_3_id,node_2_id,null,11);
    INSERT INTO KREW_RTE_NODE_INSTN_T (RTE_NODE_INSTN_ID,DOC_HDR_ID,RTE_NODE_ID,BRCH_ID,ACTV_IND,CMPLT_IND,INIT_IND,VER_NBR) 
        VALUES (node_3_id,4096,(SELECT RTE_NODE_ID FROM KREW_RTE_NODE_T WHERE DOC_TYP_ID = (SELECT MAX(DOC_TYP_ID) FROM KREW_DOC_TYP_T WHERE DOC_TYP_NM = 'AwardDocument') AND NM = 'isSyncChild'),brch_2_id,0,1,0,4);
    
    SELECT KREW_RTE_NODE_S.NEXTVAL INTO brch_3_id FROM DUAL;
    SELECT KREW_RTE_NODE_S.NEXTVAL INTO node_4_id FROM DUAL;
    SELECT KREW_RTE_NODE_S.NEXTVAL INTO node_5_id FROM DUAL;
    INSERT INTO KREW_RTE_BRCH_T (RTE_BRCH_ID,NM,PARNT_ID,INIT_RTE_NODE_INSTN_ID,SPLT_RTE_NODE_INSTN_ID,JOIN_RTE_NODE_INSTN_ID,VER_NBR) 
        VALUES (brch_3_id,'False',brch_2_id,node_4_id,node_3_id,node_5_id,5);
    INSERT INTO KREW_RTE_NODE_INSTN_T (RTE_NODE_INSTN_ID,DOC_HDR_ID,RTE_NODE_ID,BRCH_ID,ACTV_IND,CMPLT_IND,INIT_IND,VER_NBR) 
        VALUES (node_4_id,4096,(SELECT RTE_NODE_ID FROM KREW_RTE_NODE_T WHERE DOC_TYP_ID = (SELECT MAX(DOC_TYP_ID) FROM KREW_DOC_TYP_T WHERE DOC_TYP_NM = 'AwardDocument') AND NM = 'AwardStandardApproval'),brch_3_id,0,1,0,3);
    INSERT INTO KREW_RTE_NODE_INSTN_T (RTE_NODE_INSTN_ID,DOC_HDR_ID,RTE_NODE_ID,BRCH_ID,ACTV_IND,CMPLT_IND,INIT_IND,VER_NBR) 
        VALUES (node_5_id,4096,(SELECT RTE_NODE_ID FROM KREW_RTE_NODE_T WHERE DOC_TYP_ID = (SELECT MAX(DOC_TYP_ID) FROM KREW_DOC_TYP_T WHERE DOC_TYP_NM = 'AwardDocument') AND NM = 'JoinSyncChild'),brch_2_id,0,1,0,6);
    INSERT INTO KREW_RTE_NODE_INSTN_ST_T (RTE_NODE_INSTN_ST_ID,RTE_NODE_INSTN_ID,KEY_CD,VAL,VER_NBR) 
        VALUES (KREW_RTE_NODE_S.NEXTVAL,node_5_id,'ExpectedJoiners','' || brch_3_id || ',',5);
    INSERT INTO KREW_RTE_NODE_INSTN_ST_T (RTE_NODE_INSTN_ST_ID,RTE_NODE_INSTN_ID,KEY_CD,VAL,VER_NBR) 
        VALUES (KREW_RTE_NODE_S.NEXTVAL,node_5_id,'ActualJoiners','' || brch_3_id || ',',5);
    INSERT INTO KREW_RTE_BRCH_ST_T (RTE_BRCH_ST_ID,RTE_BRCH_ID,KEY_CD,VAL,VER_NBR) 
        VALUES (KREW_RTE_NODE_S.NEXTVAL,brch_1_id,'System.PostProcessorProcessed','true',2);
    INSERT INTO KREW_RTE_BRCH_ST_T (RTE_BRCH_ST_ID,RTE_BRCH_ID,KEY_CD,VAL,VER_NBR) 
        VALUES (KREW_RTE_NODE_S.NEXTVAL,brch_1_id,'System.PostProcessorFinal','true',1);
END;
/

DECLARE brch_1_id NUMBER;
        node_1_id NUMBER;
        node_2_id NUMBER;
        brch_2_id NUMBER;
        node_3_id NUMBER;
        brch_3_id NUMBER;
        node_4_id NUMBER;
        node_5_id NUMBER;
BEGIN
    SELECT KREW_RTE_NODE_S.NEXTVAL INTO brch_1_id FROM DUAL;
    SELECT KREW_RTE_NODE_S.NEXTVAL INTO node_1_id FROM DUAL;
    INSERT INTO KREW_RTE_BRCH_T (RTE_BRCH_ID,NM,PARNT_ID,INIT_RTE_NODE_INSTN_ID,SPLT_RTE_NODE_INSTN_ID,JOIN_RTE_NODE_INSTN_ID,VER_NBR) 
        VALUES (brch_1_id,'PRIMARY',null,node_1_id,null,null,58);
    INSERT INTO KREW_RTE_NODE_INSTN_T (RTE_NODE_INSTN_ID,DOC_HDR_ID,RTE_NODE_ID,BRCH_ID,ACTV_IND,CMPLT_IND,INIT_IND,VER_NBR) 
        VALUES (node_1_id,4097,(SELECT RTE_NODE_ID FROM KREW_RTE_NODE_T WHERE DOC_TYP_ID = (SELECT MAX(DOC_TYP_ID) FROM KREW_DOC_TYP_T WHERE DOC_TYP_NM = 'AwardDocument') AND NM = 'Initiated'),brch_1_id,0,1,0,25);
    INSERT INTO KREW_INIT_RTE_NODE_INSTN_T (DOC_HDR_ID,RTE_NODE_INSTN_ID)
        VALUES (4097,node_1_id);
    
    SELECT KREW_RTE_NODE_S.NEXTVAL INTO node_2_id FROM DUAL;
    INSERT INTO KREW_RTE_NODE_INSTN_T (RTE_NODE_INSTN_ID,DOC_HDR_ID,RTE_NODE_ID,BRCH_ID,ACTV_IND,CMPLT_IND,INIT_IND,VER_NBR) 
        VALUES (node_2_id,4097,(SELECT RTE_NODE_ID FROM KREW_RTE_NODE_T WHERE DOC_TYP_ID = (SELECT MAX(DOC_TYP_ID) FROM KREW_DOC_TYP_T WHERE DOC_TYP_NM = 'AwardDocument') AND NM = 'hasSync'),brch_1_id,0,1,0,5);
    
    SELECT KREW_RTE_NODE_S.NEXTVAL INTO brch_2_id FROM DUAL;
    SELECT KREW_RTE_NODE_S.NEXTVAL INTO node_3_id FROM DUAL;
    INSERT INTO KREW_RTE_BRCH_T (RTE_BRCH_ID,NM,PARNT_ID,INIT_RTE_NODE_INSTN_ID,SPLT_RTE_NODE_INSTN_ID,JOIN_RTE_NODE_INSTN_ID,VER_NBR) 
        VALUES (brch_2_id,'False',brch_1_id,node_3_id,node_2_id,null,11);
    INSERT INTO KREW_RTE_NODE_INSTN_T (RTE_NODE_INSTN_ID,DOC_HDR_ID,RTE_NODE_ID,BRCH_ID,ACTV_IND,CMPLT_IND,INIT_IND,VER_NBR) 
        VALUES (node_3_id,4097,(SELECT RTE_NODE_ID FROM KREW_RTE_NODE_T WHERE DOC_TYP_ID = (SELECT MAX(DOC_TYP_ID) FROM KREW_DOC_TYP_T WHERE DOC_TYP_NM = 'AwardDocument') AND NM = 'isSyncChild'),brch_2_id,0,1,0,4);
    
    SELECT KREW_RTE_NODE_S.NEXTVAL INTO brch_3_id FROM DUAL;
    SELECT KREW_RTE_NODE_S.NEXTVAL INTO node_4_id FROM DUAL;
    SELECT KREW_RTE_NODE_S.NEXTVAL INTO node_5_id FROM DUAL;
    INSERT INTO KREW_RTE_BRCH_T (RTE_BRCH_ID,NM,PARNT_ID,INIT_RTE_NODE_INSTN_ID,SPLT_RTE_NODE_INSTN_ID,JOIN_RTE_NODE_INSTN_ID,VER_NBR) 
        VALUES (brch_3_id,'False',brch_2_id,node_4_id,node_3_id,node_5_id,5);
    INSERT INTO KREW_RTE_NODE_INSTN_T (RTE_NODE_INSTN_ID,DOC_HDR_ID,RTE_NODE_ID,BRCH_ID,ACTV_IND,CMPLT_IND,INIT_IND,VER_NBR) 
        VALUES (node_4_id,4097,(SELECT RTE_NODE_ID FROM KREW_RTE_NODE_T WHERE DOC_TYP_ID = (SELECT MAX(DOC_TYP_ID) FROM KREW_DOC_TYP_T WHERE DOC_TYP_NM = 'AwardDocument') AND NM = 'AwardStandardApproval'),brch_3_id,0,1,0,3);
    INSERT INTO KREW_RTE_NODE_INSTN_T (RTE_NODE_INSTN_ID,DOC_HDR_ID,RTE_NODE_ID,BRCH_ID,ACTV_IND,CMPLT_IND,INIT_IND,VER_NBR) 
        VALUES (node_5_id,4097,(SELECT RTE_NODE_ID FROM KREW_RTE_NODE_T WHERE DOC_TYP_ID = (SELECT MAX(DOC_TYP_ID) FROM KREW_DOC_TYP_T WHERE DOC_TYP_NM = 'AwardDocument') AND NM = 'JoinSyncChild'),brch_2_id,0,1,0,6);
    INSERT INTO KREW_RTE_NODE_INSTN_ST_T (RTE_NODE_INSTN_ST_ID,RTE_NODE_INSTN_ID,KEY_CD,VAL,VER_NBR) 
        VALUES (KREW_RTE_NODE_S.NEXTVAL,node_5_id,'ExpectedJoiners','' || brch_3_id || ',',5);
    INSERT INTO KREW_RTE_NODE_INSTN_ST_T (RTE_NODE_INSTN_ST_ID,RTE_NODE_INSTN_ID,KEY_CD,VAL,VER_NBR) 
        VALUES (KREW_RTE_NODE_S.NEXTVAL,node_5_id,'ActualJoiners','' || brch_3_id || ',',5);
    INSERT INTO KREW_RTE_BRCH_ST_T (RTE_BRCH_ST_ID,RTE_BRCH_ID,KEY_CD,VAL,VER_NBR) 
        VALUES (KREW_RTE_NODE_S.NEXTVAL,brch_1_id,'System.PostProcessorProcessed','true',2);
    INSERT INTO KREW_RTE_BRCH_ST_T (RTE_BRCH_ST_ID,RTE_BRCH_ID,KEY_CD,VAL,VER_NBR) 
        VALUES (KREW_RTE_NODE_S.NEXTVAL,brch_1_id,'System.PostProcessorFinal','true',1);
END;
/

DECLARE brch_1_id NUMBER;
        node_1_id NUMBER;
        node_2_id NUMBER;
        brch_2_id NUMBER;
        node_3_id NUMBER;
        brch_3_id NUMBER;
        node_4_id NUMBER;
        node_5_id NUMBER;
BEGIN
    SELECT KREW_RTE_NODE_S.NEXTVAL INTO brch_1_id FROM DUAL;
    SELECT KREW_RTE_NODE_S.NEXTVAL INTO node_1_id FROM DUAL;
    INSERT INTO KREW_RTE_BRCH_T (RTE_BRCH_ID,NM,PARNT_ID,INIT_RTE_NODE_INSTN_ID,SPLT_RTE_NODE_INSTN_ID,JOIN_RTE_NODE_INSTN_ID,VER_NBR) 
        VALUES (brch_1_id,'PRIMARY',null,node_1_id,null,null,70);
    INSERT INTO KREW_RTE_NODE_INSTN_T (RTE_NODE_INSTN_ID,DOC_HDR_ID,RTE_NODE_ID,BRCH_ID,ACTV_IND,CMPLT_IND,INIT_IND,VER_NBR) 
        VALUES (node_1_id,4098,(SELECT RTE_NODE_ID FROM KREW_RTE_NODE_T WHERE DOC_TYP_ID = (SELECT MAX(DOC_TYP_ID) FROM KREW_DOC_TYP_T WHERE DOC_TYP_NM = 'AwardDocument') AND NM = 'Initiated'),brch_1_id,0,1,0,31);
    INSERT INTO KREW_INIT_RTE_NODE_INSTN_T (DOC_HDR_ID,RTE_NODE_INSTN_ID)
        VALUES (4098,node_1_id);
    
    SELECT KREW_RTE_NODE_S.NEXTVAL INTO node_2_id FROM DUAL;
    INSERT INTO KREW_RTE_NODE_INSTN_T (RTE_NODE_INSTN_ID,DOC_HDR_ID,RTE_NODE_ID,BRCH_ID,ACTV_IND,CMPLT_IND,INIT_IND,VER_NBR) 
        VALUES (node_2_id,4098,(SELECT RTE_NODE_ID FROM KREW_RTE_NODE_T WHERE DOC_TYP_ID = (SELECT MAX(DOC_TYP_ID) FROM KREW_DOC_TYP_T WHERE DOC_TYP_NM = 'AwardDocument') AND NM = 'hasSync'),brch_1_id,0,1,0,5);
    
    SELECT KREW_RTE_NODE_S.NEXTVAL INTO brch_2_id FROM DUAL;
    SELECT KREW_RTE_NODE_S.NEXTVAL INTO node_3_id FROM DUAL;
    INSERT INTO KREW_RTE_BRCH_T (RTE_BRCH_ID,NM,PARNT_ID,INIT_RTE_NODE_INSTN_ID,SPLT_RTE_NODE_INSTN_ID,JOIN_RTE_NODE_INSTN_ID,VER_NBR) 
        VALUES (brch_2_id,'False',brch_1_id,node_3_id,node_2_id,null,11);
    INSERT INTO KREW_RTE_NODE_INSTN_T (RTE_NODE_INSTN_ID,DOC_HDR_ID,RTE_NODE_ID,BRCH_ID,ACTV_IND,CMPLT_IND,INIT_IND,VER_NBR) 
        VALUES (node_3_id,4098,(SELECT RTE_NODE_ID FROM KREW_RTE_NODE_T WHERE DOC_TYP_ID = (SELECT MAX(DOC_TYP_ID) FROM KREW_DOC_TYP_T WHERE DOC_TYP_NM = 'AwardDocument') AND NM = 'isSyncChild'),brch_2_id,0,1,0,4);
    
    SELECT KREW_RTE_NODE_S.NEXTVAL INTO brch_3_id FROM DUAL;
    SELECT KREW_RTE_NODE_S.NEXTVAL INTO node_4_id FROM DUAL;
    SELECT KREW_RTE_NODE_S.NEXTVAL INTO node_5_id FROM DUAL;
    INSERT INTO KREW_RTE_BRCH_T (RTE_BRCH_ID,NM,PARNT_ID,INIT_RTE_NODE_INSTN_ID,SPLT_RTE_NODE_INSTN_ID,JOIN_RTE_NODE_INSTN_ID,VER_NBR) 
        VALUES (brch_3_id,'False',brch_2_id,node_4_id,node_3_id,node_5_id,5);
    INSERT INTO KREW_RTE_NODE_INSTN_T (RTE_NODE_INSTN_ID,DOC_HDR_ID,RTE_NODE_ID,BRCH_ID,ACTV_IND,CMPLT_IND,INIT_IND,VER_NBR) 
        VALUES (node_4_id,4098,(SELECT RTE_NODE_ID FROM KREW_RTE_NODE_T WHERE DOC_TYP_ID = (SELECT MAX(DOC_TYP_ID) FROM KREW_DOC_TYP_T WHERE DOC_TYP_NM = 'AwardDocument') AND NM = 'AwardStandardApproval'),brch_3_id,0,1,0,3);
    INSERT INTO KREW_RTE_NODE_INSTN_T (RTE_NODE_INSTN_ID,DOC_HDR_ID,RTE_NODE_ID,BRCH_ID,ACTV_IND,CMPLT_IND,INIT_IND,VER_NBR) 
        VALUES (node_5_id,4098,(SELECT RTE_NODE_ID FROM KREW_RTE_NODE_T WHERE DOC_TYP_ID = (SELECT MAX(DOC_TYP_ID) FROM KREW_DOC_TYP_T WHERE DOC_TYP_NM = 'AwardDocument') AND NM = 'JoinSyncChild'),brch_2_id,0,1,0,6);
    INSERT INTO KREW_RTE_NODE_INSTN_ST_T (RTE_NODE_INSTN_ST_ID,RTE_NODE_INSTN_ID,KEY_CD,VAL,VER_NBR) 
        VALUES (KREW_RTE_NODE_S.NEXTVAL,node_5_id,'ExpectedJoiners','' || brch_3_id || ',',5);
    INSERT INTO KREW_RTE_NODE_INSTN_ST_T (RTE_NODE_INSTN_ST_ID,RTE_NODE_INSTN_ID,KEY_CD,VAL,VER_NBR) 
        VALUES (KREW_RTE_NODE_S.NEXTVAL,node_5_id,'ActualJoiners','' || brch_3_id || ',',5);
    INSERT INTO KREW_RTE_BRCH_ST_T (RTE_BRCH_ST_ID,RTE_BRCH_ID,KEY_CD,VAL,VER_NBR) 
        VALUES (KREW_RTE_NODE_S.NEXTVAL,brch_1_id,'System.PostProcessorProcessed','true',2);
    INSERT INTO KREW_RTE_BRCH_ST_T (RTE_BRCH_ST_ID,RTE_BRCH_ID,KEY_CD,VAL,VER_NBR) 
        VALUES (KREW_RTE_NODE_S.NEXTVAL,brch_1_id,'System.PostProcessorFinal','true',1);
END;
/

DECLARE brch_1_id NUMBER;
        node_1_id NUMBER;
        node_2_id NUMBER;
        brch_2_id NUMBER;
        node_3_id NUMBER;
        brch_3_id NUMBER;
        node_4_id NUMBER;
        node_5_id NUMBER;
BEGIN
    SELECT KREW_RTE_NODE_S.NEXTVAL INTO brch_1_id FROM DUAL;
    SELECT KREW_RTE_NODE_S.NEXTVAL INTO node_1_id FROM DUAL;
    INSERT INTO KREW_RTE_BRCH_T (RTE_BRCH_ID,NM,PARNT_ID,INIT_RTE_NODE_INSTN_ID,SPLT_RTE_NODE_INSTN_ID,JOIN_RTE_NODE_INSTN_ID,VER_NBR) 
        VALUES (brch_1_id,'PRIMARY',null,node_1_id,null,null,58);
    INSERT INTO KREW_RTE_NODE_INSTN_T (RTE_NODE_INSTN_ID,DOC_HDR_ID,RTE_NODE_ID,BRCH_ID,ACTV_IND,CMPLT_IND,INIT_IND,VER_NBR) 
        VALUES (node_1_id,4099,(SELECT RTE_NODE_ID FROM KREW_RTE_NODE_T WHERE DOC_TYP_ID = (SELECT MAX(DOC_TYP_ID) FROM KREW_DOC_TYP_T WHERE DOC_TYP_NM = 'AwardDocument') AND NM = 'Initiated'),brch_1_id,0,1,0,25);
    INSERT INTO KREW_INIT_RTE_NODE_INSTN_T (DOC_HDR_ID,RTE_NODE_INSTN_ID)
        VALUES (4099,node_1_id);
    
    SELECT KREW_RTE_NODE_S.NEXTVAL INTO node_2_id FROM DUAL;
    INSERT INTO KREW_RTE_NODE_INSTN_T (RTE_NODE_INSTN_ID,DOC_HDR_ID,RTE_NODE_ID,BRCH_ID,ACTV_IND,CMPLT_IND,INIT_IND,VER_NBR) 
        VALUES (node_2_id,4099,(SELECT RTE_NODE_ID FROM KREW_RTE_NODE_T WHERE DOC_TYP_ID = (SELECT MAX(DOC_TYP_ID) FROM KREW_DOC_TYP_T WHERE DOC_TYP_NM = 'AwardDocument') AND NM = 'hasSync'),brch_1_id,0,1,0,5);
    
    SELECT KREW_RTE_NODE_S.NEXTVAL INTO brch_2_id FROM DUAL;
    SELECT KREW_RTE_NODE_S.NEXTVAL INTO node_3_id FROM DUAL;
    INSERT INTO KREW_RTE_BRCH_T (RTE_BRCH_ID,NM,PARNT_ID,INIT_RTE_NODE_INSTN_ID,SPLT_RTE_NODE_INSTN_ID,JOIN_RTE_NODE_INSTN_ID,VER_NBR) 
        VALUES (brch_2_id,'False',brch_1_id,node_3_id,node_2_id,null,11);
    INSERT INTO KREW_RTE_NODE_INSTN_T (RTE_NODE_INSTN_ID,DOC_HDR_ID,RTE_NODE_ID,BRCH_ID,ACTV_IND,CMPLT_IND,INIT_IND,VER_NBR) 
        VALUES (node_3_id,4099,(SELECT RTE_NODE_ID FROM KREW_RTE_NODE_T WHERE DOC_TYP_ID = (SELECT MAX(DOC_TYP_ID) FROM KREW_DOC_TYP_T WHERE DOC_TYP_NM = 'AwardDocument') AND NM = 'isSyncChild'),brch_2_id,0,1,0,4);
    
    SELECT KREW_RTE_NODE_S.NEXTVAL INTO brch_3_id FROM DUAL;
    SELECT KREW_RTE_NODE_S.NEXTVAL INTO node_4_id FROM DUAL;
    SELECT KREW_RTE_NODE_S.NEXTVAL INTO node_5_id FROM DUAL;
    INSERT INTO KREW_RTE_BRCH_T (RTE_BRCH_ID,NM,PARNT_ID,INIT_RTE_NODE_INSTN_ID,SPLT_RTE_NODE_INSTN_ID,JOIN_RTE_NODE_INSTN_ID,VER_NBR) 
        VALUES (brch_3_id,'False',brch_2_id,node_4_id,node_3_id,node_5_id,5);
    INSERT INTO KREW_RTE_NODE_INSTN_T (RTE_NODE_INSTN_ID,DOC_HDR_ID,RTE_NODE_ID,BRCH_ID,ACTV_IND,CMPLT_IND,INIT_IND,VER_NBR) 
        VALUES (node_4_id,4099,(SELECT RTE_NODE_ID FROM KREW_RTE_NODE_T WHERE DOC_TYP_ID = (SELECT MAX(DOC_TYP_ID) FROM KREW_DOC_TYP_T WHERE DOC_TYP_NM = 'AwardDocument') AND NM = 'AwardStandardApproval'),brch_3_id,0,1,0,3);
    INSERT INTO KREW_RTE_NODE_INSTN_T (RTE_NODE_INSTN_ID,DOC_HDR_ID,RTE_NODE_ID,BRCH_ID,ACTV_IND,CMPLT_IND,INIT_IND,VER_NBR) 
        VALUES (node_5_id,4099,(SELECT RTE_NODE_ID FROM KREW_RTE_NODE_T WHERE DOC_TYP_ID = (SELECT MAX(DOC_TYP_ID) FROM KREW_DOC_TYP_T WHERE DOC_TYP_NM = 'AwardDocument') AND NM = 'JoinSyncChild'),brch_2_id,0,1,0,6);
    INSERT INTO KREW_RTE_NODE_INSTN_ST_T (RTE_NODE_INSTN_ST_ID,RTE_NODE_INSTN_ID,KEY_CD,VAL,VER_NBR) 
        VALUES (KREW_RTE_NODE_S.NEXTVAL,node_5_id,'ExpectedJoiners','' || brch_3_id || ',',5);
    INSERT INTO KREW_RTE_NODE_INSTN_ST_T (RTE_NODE_INSTN_ST_ID,RTE_NODE_INSTN_ID,KEY_CD,VAL,VER_NBR) 
        VALUES (KREW_RTE_NODE_S.NEXTVAL,node_5_id,'ActualJoiners','' || brch_3_id || ',',5);
    INSERT INTO KREW_RTE_BRCH_ST_T (RTE_BRCH_ST_ID,RTE_BRCH_ID,KEY_CD,VAL,VER_NBR) 
        VALUES (KREW_RTE_NODE_S.NEXTVAL,brch_1_id,'System.PostProcessorProcessed','true',2);
    INSERT INTO KREW_RTE_BRCH_ST_T (RTE_BRCH_ST_ID,RTE_BRCH_ID,KEY_CD,VAL,VER_NBR) 
        VALUES (KREW_RTE_NODE_S.NEXTVAL,brch_1_id,'System.PostProcessorFinal','true',1);
END;
/

DECLARE brch_1_id NUMBER;
        node_1_id NUMBER;
        node_2_id NUMBER;
        brch_2_id NUMBER;
        node_3_id NUMBER;
        brch_3_id NUMBER;
        node_4_id NUMBER;
        node_5_id NUMBER;
BEGIN
    SELECT KREW_RTE_NODE_S.NEXTVAL INTO brch_1_id FROM DUAL;
    SELECT KREW_RTE_NODE_S.NEXTVAL INTO node_1_id FROM DUAL;
    INSERT INTO KREW_RTE_BRCH_T (RTE_BRCH_ID,NM,PARNT_ID,INIT_RTE_NODE_INSTN_ID,SPLT_RTE_NODE_INSTN_ID,JOIN_RTE_NODE_INSTN_ID,VER_NBR) 
        VALUES (brch_1_id,'PRIMARY',null,null,null,null,54);
    INSERT INTO KREW_RTE_NODE_INSTN_T (RTE_NODE_INSTN_ID,DOC_HDR_ID,RTE_NODE_ID,BRCH_ID,ACTV_IND,CMPLT_IND,INIT_IND,VER_NBR) 
        VALUES (node_1_id,4100,(SELECT RTE_NODE_ID FROM KREW_RTE_NODE_T WHERE DOC_TYP_ID = (SELECT MAX(DOC_TYP_ID) FROM KREW_DOC_TYP_T WHERE DOC_TYP_NM = 'AwardDocument') AND NM = 'Initiated'),brch_1_id,0,1,0,23);
    INSERT INTO KREW_INIT_RTE_NODE_INSTN_T (DOC_HDR_ID,RTE_NODE_INSTN_ID)
        VALUES (4100,node_1_id);
    
    SELECT KREW_RTE_NODE_S.NEXTVAL INTO node_2_id FROM DUAL;
    INSERT INTO KREW_RTE_NODE_INSTN_T (RTE_NODE_INSTN_ID,DOC_HDR_ID,RTE_NODE_ID,BRCH_ID,ACTV_IND,CMPLT_IND,INIT_IND,VER_NBR) 
        VALUES (node_2_id,4100,(SELECT RTE_NODE_ID FROM KREW_RTE_NODE_T WHERE DOC_TYP_ID = (SELECT MAX(DOC_TYP_ID) FROM KREW_DOC_TYP_T WHERE DOC_TYP_NM = 'AwardDocument') AND NM = 'hasSync'),brch_1_id,0,1,0,5);
    
    SELECT KREW_RTE_NODE_S.NEXTVAL INTO brch_2_id FROM DUAL;
    SELECT KREW_RTE_NODE_S.NEXTVAL INTO node_3_id FROM DUAL;
    INSERT INTO KREW_RTE_BRCH_T (RTE_BRCH_ID,NM,PARNT_ID,INIT_RTE_NODE_INSTN_ID,SPLT_RTE_NODE_INSTN_ID,JOIN_RTE_NODE_INSTN_ID,VER_NBR) 
        VALUES (brch_2_id,'False',brch_1_id,node_3_id,node_2_id,null,11);
    INSERT INTO KREW_RTE_NODE_INSTN_T (RTE_NODE_INSTN_ID,DOC_HDR_ID,RTE_NODE_ID,BRCH_ID,ACTV_IND,CMPLT_IND,INIT_IND,VER_NBR) 
        VALUES (node_3_id,4100,(SELECT RTE_NODE_ID FROM KREW_RTE_NODE_T WHERE DOC_TYP_ID = (SELECT MAX(DOC_TYP_ID) FROM KREW_DOC_TYP_T WHERE DOC_TYP_NM = 'AwardDocument') AND NM = 'isSyncChild'),brch_2_id,0,1,0,4);
    
    SELECT KREW_RTE_NODE_S.NEXTVAL INTO brch_3_id FROM DUAL;
    SELECT KREW_RTE_NODE_S.NEXTVAL INTO node_4_id FROM DUAL;
    SELECT KREW_RTE_NODE_S.NEXTVAL INTO node_5_id FROM DUAL;
    INSERT INTO KREW_RTE_BRCH_T (RTE_BRCH_ID,NM,PARNT_ID,INIT_RTE_NODE_INSTN_ID,SPLT_RTE_NODE_INSTN_ID,JOIN_RTE_NODE_INSTN_ID,VER_NBR) 
        VALUES (brch_3_id,'False',brch_2_id,node_4_id,node_3_id,node_5_id,5);
    INSERT INTO KREW_RTE_NODE_INSTN_T (RTE_NODE_INSTN_ID,DOC_HDR_ID,RTE_NODE_ID,BRCH_ID,ACTV_IND,CMPLT_IND,INIT_IND,VER_NBR) 
        VALUES (node_4_id,4100,(SELECT RTE_NODE_ID FROM KREW_RTE_NODE_T WHERE DOC_TYP_ID = (SELECT MAX(DOC_TYP_ID) FROM KREW_DOC_TYP_T WHERE DOC_TYP_NM = 'AwardDocument') AND NM = 'AwardStandardApproval'),brch_3_id,0,1,0,3);
    INSERT INTO KREW_RTE_NODE_INSTN_T (RTE_NODE_INSTN_ID,DOC_HDR_ID,RTE_NODE_ID,BRCH_ID,ACTV_IND,CMPLT_IND,INIT_IND,VER_NBR) 
        VALUES (node_5_id,4100,(SELECT RTE_NODE_ID FROM KREW_RTE_NODE_T WHERE DOC_TYP_ID = (SELECT MAX(DOC_TYP_ID) FROM KREW_DOC_TYP_T WHERE DOC_TYP_NM = 'AwardDocument') AND NM = 'JoinSyncChild'),brch_2_id,0,1,0,6);
    INSERT INTO KREW_RTE_NODE_INSTN_ST_T (RTE_NODE_INSTN_ST_ID,RTE_NODE_INSTN_ID,KEY_CD,VAL,VER_NBR) 
        VALUES (KREW_RTE_NODE_S.NEXTVAL,node_5_id,'ExpectedJoiners','' || brch_3_id || ',',5);
    INSERT INTO KREW_RTE_NODE_INSTN_ST_T (RTE_NODE_INSTN_ST_ID,RTE_NODE_INSTN_ID,KEY_CD,VAL,VER_NBR) 
        VALUES (KREW_RTE_NODE_S.NEXTVAL,node_5_id,'ActualJoiners','' || brch_3_id || ',',5);
    INSERT INTO KREW_RTE_BRCH_ST_T (RTE_BRCH_ST_ID,RTE_BRCH_ID,KEY_CD,VAL,VER_NBR) 
        VALUES (KREW_RTE_NODE_S.NEXTVAL,brch_1_id,'System.PostProcessorProcessed','true',2);
    INSERT INTO KREW_RTE_BRCH_ST_T (RTE_BRCH_ST_ID,RTE_BRCH_ID,KEY_CD,VAL,VER_NBR) 
        VALUES (KREW_RTE_NODE_S.NEXTVAL,brch_1_id,'System.PostProcessorFinal','true',1);
END;
/

DECLARE brch_1_id NUMBER;
        node_1_id NUMBER;
        node_2_id NUMBER;
        brch_2_id NUMBER;
        node_3_id NUMBER;
BEGIN
    SELECT KREW_RTE_NODE_S.NEXTVAL INTO brch_1_id FROM DUAL;
    SELECT KREW_RTE_NODE_S.NEXTVAL INTO node_1_id FROM DUAL;
    INSERT INTO KREW_RTE_BRCH_T (RTE_BRCH_ID,NM,PARNT_ID,INIT_RTE_NODE_INSTN_ID,SPLT_RTE_NODE_INSTN_ID,JOIN_RTE_NODE_INSTN_ID,VER_NBR) 
        VALUES (brch_1_id,'PRIMARY',null,node_1_id,null,null,22);
    INSERT INTO KREW_RTE_NODE_INSTN_T (RTE_NODE_INSTN_ID,DOC_HDR_ID,RTE_NODE_ID,BRCH_ID,ACTV_IND,CMPLT_IND,INIT_IND,VER_NBR) 
        VALUES (node_1_id,4102,(SELECT RTE_NODE_ID FROM KREW_RTE_NODE_T WHERE DOC_TYP_ID = (SELECT MAX(DOC_TYP_ID) FROM KREW_DOC_TYP_T WHERE DOC_TYP_NM = 'AwardDocument') AND NM = 'Initiated'),brch_1_id,0,1,0,8);
    INSERT INTO KREW_INIT_RTE_NODE_INSTN_T (DOC_HDR_ID,RTE_NODE_INSTN_ID)
        VALUES (4102,node_1_id);

    SELECT KREW_RTE_NODE_S.NEXTVAL INTO node_2_id FROM DUAL;
    INSERT INTO KREW_RTE_NODE_INSTN_T (RTE_NODE_INSTN_ID,DOC_HDR_ID,RTE_NODE_ID,BRCH_ID,ACTV_IND,CMPLT_IND,INIT_IND,VER_NBR) 
        VALUES (node_2_id,4102,(SELECT RTE_NODE_ID FROM KREW_RTE_NODE_T WHERE DOC_TYP_ID = (SELECT MAX(DOC_TYP_ID) FROM KREW_DOC_TYP_T WHERE DOC_TYP_NM = 'AwardDocument') AND NM = 'hasSync'),brch_1_id,0,1,0,3);
    
    SELECT KREW_RTE_NODE_S.NEXTVAL INTO brch_2_id FROM DUAL;
    SELECT KREW_RTE_NODE_S.NEXTVAL INTO node_3_id FROM DUAL;
    INSERT INTO KREW_RTE_BRCH_T (RTE_BRCH_ID,NM,PARNT_ID,INIT_RTE_NODE_INSTN_ID,SPLT_RTE_NODE_INSTN_ID,JOIN_RTE_NODE_INSTN_ID,VER_NBR) 
        VALUES (brch_2_id,'False',brch_1_id,node_3_id,node_2_id,null,3);
    INSERT INTO KREW_RTE_NODE_INSTN_T (RTE_NODE_INSTN_ID,DOC_HDR_ID,RTE_NODE_ID,BRCH_ID,ACTV_IND,CMPLT_IND,INIT_IND,VER_NBR) 
        VALUES (node_3_id,4102,(SELECT RTE_NODE_ID FROM KREW_RTE_NODE_T WHERE DOC_TYP_ID = (SELECT MAX(DOC_TYP_ID) FROM KREW_DOC_TYP_T WHERE DOC_TYP_NM = 'AwardDocument') AND NM = 'isSyncChild'),brch_2_id,0,1,0,2);
    INSERT INTO KREW_RTE_BRCH_ST_T (RTE_BRCH_ST_ID,RTE_BRCH_ID,KEY_CD,VAL,VER_NBR) 
        VALUES (KREW_RTE_NODE_S.NEXTVAL,brch_1_id,'System.PostProcessorProcessed','true',2);
    INSERT INTO KREW_RTE_BRCH_ST_T (RTE_BRCH_ST_ID,RTE_BRCH_ID,KEY_CD,VAL,VER_NBR) 
        VALUES (KREW_RTE_NODE_S.NEXTVAL,brch_1_id,'System.PostProcessorFinal','true',1);
END;
/

DECLARE brch_1_id NUMBER;
        node_1_id NUMBER;
        node_2_id NUMBER;
        brch_2_id NUMBER;
        node_3_id NUMBER;
BEGIN
    SELECT KREW_RTE_NODE_S.NEXTVAL INTO brch_1_id FROM DUAL;
    SELECT KREW_RTE_NODE_S.NEXTVAL INTO node_1_id FROM DUAL;
    INSERT INTO KREW_RTE_BRCH_T (RTE_BRCH_ID,NM,PARNT_ID,INIT_RTE_NODE_INSTN_ID,SPLT_RTE_NODE_INSTN_ID,JOIN_RTE_NODE_INSTN_ID,VER_NBR) 
        VALUES (brch_1_id,'PRIMARY',null,node_1_id,null,null,22);
    INSERT INTO KREW_RTE_NODE_INSTN_T (RTE_NODE_INSTN_ID,DOC_HDR_ID,RTE_NODE_ID,BRCH_ID,ACTV_IND,CMPLT_IND,INIT_IND,VER_NBR) 
        VALUES (node_1_id,4103,(SELECT RTE_NODE_ID FROM KREW_RTE_NODE_T WHERE DOC_TYP_ID = (SELECT MAX(DOC_TYP_ID) FROM KREW_DOC_TYP_T WHERE DOC_TYP_NM = 'AwardDocument') AND NM = 'Initiated'),brch_1_id,0,1,0,8);
    INSERT INTO KREW_INIT_RTE_NODE_INSTN_T (DOC_HDR_ID,RTE_NODE_INSTN_ID)
        VALUES (4103,node_1_id);
    
    SELECT KREW_RTE_NODE_S.NEXTVAL INTO node_2_id FROM DUAL;
    INSERT INTO KREW_RTE_NODE_INSTN_T (RTE_NODE_INSTN_ID,DOC_HDR_ID,RTE_NODE_ID,BRCH_ID,ACTV_IND,CMPLT_IND,INIT_IND,VER_NBR) 
        VALUES (node_2_id,4103,(SELECT RTE_NODE_ID FROM KREW_RTE_NODE_T WHERE DOC_TYP_ID = (SELECT MAX(DOC_TYP_ID) FROM KREW_DOC_TYP_T WHERE DOC_TYP_NM = 'AwardDocument') AND NM = 'hasSync'),brch_1_id,0,1,0,3);
    
    SELECT KREW_RTE_NODE_S.NEXTVAL INTO brch_2_id FROM DUAL;
    SELECT KREW_RTE_NODE_S.NEXTVAL INTO node_3_id FROM DUAL;
    INSERT INTO KREW_RTE_BRCH_T (RTE_BRCH_ID,NM,PARNT_ID,INIT_RTE_NODE_INSTN_ID,SPLT_RTE_NODE_INSTN_ID,JOIN_RTE_NODE_INSTN_ID,VER_NBR) 
        VALUES (brch_2_id,'False',brch_1_id,node_3_id,node_2_id,null,3);
    INSERT INTO KREW_RTE_NODE_INSTN_T (RTE_NODE_INSTN_ID,DOC_HDR_ID,RTE_NODE_ID,BRCH_ID,ACTV_IND,CMPLT_IND,INIT_IND,VER_NBR) 
        VALUES (node_3_id,4103,(SELECT RTE_NODE_ID FROM KREW_RTE_NODE_T WHERE DOC_TYP_ID = (SELECT MAX(DOC_TYP_ID) FROM KREW_DOC_TYP_T WHERE DOC_TYP_NM = 'AwardDocument') AND NM = 'isSyncChild'),brch_2_id,0,1,0,2);
    INSERT INTO KREW_RTE_BRCH_ST_T (RTE_BRCH_ST_ID,RTE_BRCH_ID,KEY_CD,VAL,VER_NBR) 
        VALUES (KREW_RTE_NODE_S.NEXTVAL,brch_1_id,'System.PostProcessorProcessed','true',2);
    INSERT INTO KREW_RTE_BRCH_ST_T (RTE_BRCH_ST_ID,RTE_BRCH_ID,KEY_CD,VAL,VER_NBR) 
        VALUES (KREW_RTE_NODE_S.NEXTVAL,brch_1_id,'System.PostProcessorFinal','true',1);
END;
/

DECLARE brch_1_id NUMBER;
        node_1_id NUMBER;
        node_2_id NUMBER;
        brch_2_id NUMBER;
        node_3_id NUMBER;
BEGIN
    SELECT KREW_RTE_NODE_S.NEXTVAL INTO brch_1_id FROM DUAL;
    SELECT KREW_RTE_NODE_S.NEXTVAL INTO node_1_id FROM DUAL;
    INSERT INTO KREW_RTE_BRCH_T (RTE_BRCH_ID,NM,PARNT_ID,INIT_RTE_NODE_INSTN_ID,SPLT_RTE_NODE_INSTN_ID,JOIN_RTE_NODE_INSTN_ID,VER_NBR) 
        VALUES (brch_1_id,'PRIMARY',null,node_1_id,null,null,22);
    INSERT INTO KREW_RTE_NODE_INSTN_T (RTE_NODE_INSTN_ID,DOC_HDR_ID,RTE_NODE_ID,BRCH_ID,ACTV_IND,CMPLT_IND,INIT_IND,VER_NBR) 
        VALUES (node_1_id,4104,(SELECT RTE_NODE_ID FROM KREW_RTE_NODE_T WHERE DOC_TYP_ID = (SELECT MAX(DOC_TYP_ID) FROM KREW_DOC_TYP_T WHERE DOC_TYP_NM = 'AwardDocument') AND NM = 'Initiated'),brch_1_id,0,1,0,8);
    INSERT INTO KREW_INIT_RTE_NODE_INSTN_T (DOC_HDR_ID,RTE_NODE_INSTN_ID)
        VALUES (4104,node_1_id);
    
    SELECT KREW_RTE_NODE_S.NEXTVAL INTO node_2_id FROM DUAL;
    INSERT INTO KREW_RTE_NODE_INSTN_T (RTE_NODE_INSTN_ID,DOC_HDR_ID,RTE_NODE_ID,BRCH_ID,ACTV_IND,CMPLT_IND,INIT_IND,VER_NBR) 
        VALUES (node_2_id,4104,(SELECT RTE_NODE_ID FROM KREW_RTE_NODE_T WHERE DOC_TYP_ID = (SELECT MAX(DOC_TYP_ID) FROM KREW_DOC_TYP_T WHERE DOC_TYP_NM = 'AwardDocument') AND NM = 'hasSync'),brch_1_id,0,1,0,3);
    
    SELECT KREW_RTE_NODE_S.NEXTVAL INTO brch_2_id FROM DUAL;
    SELECT KREW_RTE_NODE_S.NEXTVAL INTO node_3_id FROM DUAL;
    INSERT INTO KREW_RTE_BRCH_T (RTE_BRCH_ID,NM,PARNT_ID,INIT_RTE_NODE_INSTN_ID,SPLT_RTE_NODE_INSTN_ID,JOIN_RTE_NODE_INSTN_ID,VER_NBR) 
        VALUES (brch_2_id,'False',brch_1_id,node_3_id,node_2_id,null,3);
    INSERT INTO KREW_RTE_NODE_INSTN_T (RTE_NODE_INSTN_ID,DOC_HDR_ID,RTE_NODE_ID,BRCH_ID,ACTV_IND,CMPLT_IND,INIT_IND,VER_NBR) 
        VALUES (node_3_id,4104,(SELECT RTE_NODE_ID FROM KREW_RTE_NODE_T WHERE DOC_TYP_ID = (SELECT MAX(DOC_TYP_ID) FROM KREW_DOC_TYP_T WHERE DOC_TYP_NM = 'AwardDocument') AND NM = 'isSyncChild'),brch_2_id,0,1,0,2);
    INSERT INTO KREW_RTE_BRCH_ST_T (RTE_BRCH_ST_ID,RTE_BRCH_ID,KEY_CD,VAL,VER_NBR) 
        VALUES (KREW_RTE_NODE_S.NEXTVAL,brch_1_id,'System.PostProcessorProcessed','true',2);
    INSERT INTO KREW_RTE_BRCH_ST_T (RTE_BRCH_ST_ID,RTE_BRCH_ID,KEY_CD,VAL,VER_NBR) 
        VALUES (KREW_RTE_NODE_S.NEXTVAL,brch_1_id,'System.PostProcessorFinal','true',1);
END;
/

DECLARE brch_1_id NUMBER;
        node_1_id NUMBER;
        node_2_id NUMBER;
        brch_2_id NUMBER;
        node_3_id NUMBER;
BEGIN
    SELECT KREW_RTE_NODE_S.NEXTVAL INTO brch_1_id FROM DUAL;
    SELECT KREW_RTE_NODE_S.NEXTVAL INTO node_1_id FROM DUAL;
    INSERT INTO KREW_RTE_BRCH_T (RTE_BRCH_ID,NM,PARNT_ID,INIT_RTE_NODE_INSTN_ID,SPLT_RTE_NODE_INSTN_ID,JOIN_RTE_NODE_INSTN_ID,VER_NBR) 
        VALUES (brch_1_id,'PRIMARY',null,node_1_id,null,null,22);
    INSERT INTO KREW_RTE_NODE_INSTN_T (RTE_NODE_INSTN_ID,DOC_HDR_ID,RTE_NODE_ID,BRCH_ID,ACTV_IND,CMPLT_IND,INIT_IND,VER_NBR) 
        VALUES (node_1_id,4105,(SELECT RTE_NODE_ID FROM KREW_RTE_NODE_T WHERE DOC_TYP_ID = (SELECT MAX(DOC_TYP_ID) FROM KREW_DOC_TYP_T WHERE DOC_TYP_NM = 'AwardDocument') AND NM = 'Initiated'),brch_1_id,0,1,0,8);
    INSERT INTO KREW_INIT_RTE_NODE_INSTN_T (DOC_HDR_ID,RTE_NODE_INSTN_ID)
        VALUES (4105,node_1_id);

    SELECT KREW_RTE_NODE_S.NEXTVAL INTO node_2_id FROM DUAL;
    INSERT INTO KREW_RTE_NODE_INSTN_T (RTE_NODE_INSTN_ID,DOC_HDR_ID,RTE_NODE_ID,BRCH_ID,ACTV_IND,CMPLT_IND,INIT_IND,VER_NBR) 
        VALUES (node_2_id,4105,(SELECT RTE_NODE_ID FROM KREW_RTE_NODE_T WHERE DOC_TYP_ID = (SELECT MAX(DOC_TYP_ID) FROM KREW_DOC_TYP_T WHERE DOC_TYP_NM = 'AwardDocument') AND NM = 'hasSync'),brch_1_id,0,1,0,3);
    
    SELECT KREW_RTE_NODE_S.NEXTVAL INTO brch_2_id FROM DUAL;
    SELECT KREW_RTE_NODE_S.NEXTVAL INTO node_3_id FROM DUAL;
    INSERT INTO KREW_RTE_BRCH_T (RTE_BRCH_ID,NM,PARNT_ID,INIT_RTE_NODE_INSTN_ID,SPLT_RTE_NODE_INSTN_ID,JOIN_RTE_NODE_INSTN_ID,VER_NBR) 
        VALUES (brch_2_id,'False',brch_1_id,node_3_id,node_2_id,null,3);
    INSERT INTO KREW_RTE_NODE_INSTN_T (RTE_NODE_INSTN_ID,DOC_HDR_ID,RTE_NODE_ID,BRCH_ID,ACTV_IND,CMPLT_IND,INIT_IND,VER_NBR) 
        VALUES (node_3_id,4105,(SELECT RTE_NODE_ID FROM KREW_RTE_NODE_T WHERE DOC_TYP_ID = (SELECT MAX(DOC_TYP_ID) FROM KREW_DOC_TYP_T WHERE DOC_TYP_NM = 'AwardDocument') AND NM = 'isSyncChild'),brch_2_id,0,1,0,2);
    INSERT INTO KREW_RTE_BRCH_ST_T (RTE_BRCH_ST_ID,RTE_BRCH_ID,KEY_CD,VAL,VER_NBR) 
        VALUES (KREW_RTE_NODE_S.NEXTVAL,brch_1_id,'System.PostProcessorProcessed','true',2);
    INSERT INTO KREW_RTE_BRCH_ST_T (RTE_BRCH_ST_ID,RTE_BRCH_ID,KEY_CD,VAL,VER_NBR) 
        VALUES (KREW_RTE_NODE_S.NEXTVAL,brch_1_id,'System.PostProcessorFinal','true',1);
END;
/

DECLARE brch_1_id NUMBER;
        node_1_id NUMBER;
        node_2_id NUMBER;
        brch_2_id NUMBER;
        node_3_id NUMBER;
BEGIN
    SELECT KREW_RTE_NODE_S.NEXTVAL INTO brch_1_id FROM DUAL;
    SELECT KREW_RTE_NODE_S.NEXTVAL INTO node_1_id FROM DUAL;
    INSERT INTO KREW_RTE_BRCH_T (RTE_BRCH_ID,NM,PARNT_ID,INIT_RTE_NODE_INSTN_ID,SPLT_RTE_NODE_INSTN_ID,JOIN_RTE_NODE_INSTN_ID,VER_NBR) 
        VALUES (brch_1_id,'PRIMARY',null,node_1_id,null,null,22);
    INSERT INTO KREW_RTE_NODE_INSTN_T (RTE_NODE_INSTN_ID,DOC_HDR_ID,RTE_NODE_ID,BRCH_ID,ACTV_IND,CMPLT_IND,INIT_IND,VER_NBR) 
        VALUES (node_1_id,4106,(SELECT RTE_NODE_ID FROM KREW_RTE_NODE_T WHERE DOC_TYP_ID = (SELECT MAX(DOC_TYP_ID) FROM KREW_DOC_TYP_T WHERE DOC_TYP_NM = 'AwardDocument') AND NM = 'Initiated'),brch_1_id,0,1,0,8);
    INSERT INTO KREW_INIT_RTE_NODE_INSTN_T (DOC_HDR_ID,RTE_NODE_INSTN_ID)
        VALUES (4106,node_1_id);
    
    SELECT KREW_RTE_NODE_S.NEXTVAL INTO node_2_id FROM DUAL;
    INSERT INTO KREW_RTE_NODE_INSTN_T (RTE_NODE_INSTN_ID,DOC_HDR_ID,RTE_NODE_ID,BRCH_ID,ACTV_IND,CMPLT_IND,INIT_IND,VER_NBR) 
        VALUES (node_2_id,4106,(SELECT RTE_NODE_ID FROM KREW_RTE_NODE_T WHERE DOC_TYP_ID = (SELECT MAX(DOC_TYP_ID) FROM KREW_DOC_TYP_T WHERE DOC_TYP_NM = 'AwardDocument') AND NM = 'hasSync'),brch_1_id,0,1,0,3);
    
    SELECT KREW_RTE_NODE_S.NEXTVAL INTO brch_2_id FROM DUAL;
    SELECT KREW_RTE_NODE_S.NEXTVAL INTO node_3_id FROM DUAL;
    INSERT INTO KREW_RTE_BRCH_T (RTE_BRCH_ID,NM,PARNT_ID,INIT_RTE_NODE_INSTN_ID,SPLT_RTE_NODE_INSTN_ID,JOIN_RTE_NODE_INSTN_ID,VER_NBR) 
        VALUES (brch_2_id,'False',brch_1_id,node_3_id,node_2_id,null,3);
    INSERT INTO KREW_RTE_NODE_INSTN_T (RTE_NODE_INSTN_ID,DOC_HDR_ID,RTE_NODE_ID,BRCH_ID,ACTV_IND,CMPLT_IND,INIT_IND,VER_NBR) 
        VALUES (node_3_id,4106,(SELECT RTE_NODE_ID FROM KREW_RTE_NODE_T WHERE DOC_TYP_ID = (SELECT MAX(DOC_TYP_ID) FROM KREW_DOC_TYP_T WHERE DOC_TYP_NM = 'AwardDocument') AND NM = 'isSyncChild'),brch_2_id,0,1,0,2);
    INSERT INTO KREW_RTE_BRCH_ST_T (RTE_BRCH_ST_ID,RTE_BRCH_ID,KEY_CD,VAL,VER_NBR) 
        VALUES (KREW_RTE_NODE_S.NEXTVAL,brch_1_id,'System.PostProcessorProcessed','true',2);
    INSERT INTO KREW_RTE_BRCH_ST_T (RTE_BRCH_ST_ID,RTE_BRCH_ID,KEY_CD,VAL,VER_NBR) 
        VALUES (KREW_RTE_NODE_S.NEXTVAL,brch_1_id,'System.PostProcessorFinal','true',1);
END;
/

DECLARE brch_1_id NUMBER;
        node_1_id NUMBER;
        node_2_id NUMBER;
        brch_2_id NUMBER;
        node_3_id NUMBER;
BEGIN
    SELECT KREW_RTE_NODE_S.NEXTVAL INTO brch_1_id FROM DUAL;
    SELECT KREW_RTE_NODE_S.NEXTVAL INTO node_1_id FROM DUAL;
    INSERT INTO KREW_RTE_BRCH_T (RTE_BRCH_ID,NM,PARNT_ID,INIT_RTE_NODE_INSTN_ID,SPLT_RTE_NODE_INSTN_ID,JOIN_RTE_NODE_INSTN_ID,VER_NBR) 
        VALUES (brch_1_id,'PRIMARY',null,node_1_id,null,null,22);
    INSERT INTO KREW_RTE_NODE_INSTN_T (RTE_NODE_INSTN_ID,DOC_HDR_ID,RTE_NODE_ID,BRCH_ID,ACTV_IND,CMPLT_IND,INIT_IND,VER_NBR) 
        VALUES (node_1_id,4107,(SELECT RTE_NODE_ID FROM KREW_RTE_NODE_T WHERE DOC_TYP_ID = (SELECT MAX(DOC_TYP_ID) FROM KREW_DOC_TYP_T WHERE DOC_TYP_NM = 'AwardDocument') AND NM = 'Initiated'),brch_1_id,0,1,0,8);
    INSERT INTO KREW_INIT_RTE_NODE_INSTN_T (DOC_HDR_ID,RTE_NODE_INSTN_ID)
        VALUES (4107,node_1_id);
    
    SELECT KREW_RTE_NODE_S.NEXTVAL INTO node_2_id FROM DUAL;
    INSERT INTO KREW_RTE_NODE_INSTN_T (RTE_NODE_INSTN_ID,DOC_HDR_ID,RTE_NODE_ID,BRCH_ID,ACTV_IND,CMPLT_IND,INIT_IND,VER_NBR) 
        VALUES (node_2_id,4107,(SELECT RTE_NODE_ID FROM KREW_RTE_NODE_T WHERE DOC_TYP_ID = (SELECT MAX(DOC_TYP_ID) FROM KREW_DOC_TYP_T WHERE DOC_TYP_NM = 'AwardDocument') AND NM = 'hasSync'),brch_1_id,0,1,0,3);
    
    SELECT KREW_RTE_NODE_S.NEXTVAL INTO brch_2_id FROM DUAL;
    SELECT KREW_RTE_NODE_S.NEXTVAL INTO node_3_id FROM DUAL;
    INSERT INTO KREW_RTE_BRCH_T (RTE_BRCH_ID,NM,PARNT_ID,INIT_RTE_NODE_INSTN_ID,SPLT_RTE_NODE_INSTN_ID,JOIN_RTE_NODE_INSTN_ID,VER_NBR) 
        VALUES (brch_2_id,'False',brch_1_id,node_3_id,node_2_id,null,3);
    INSERT INTO KREW_RTE_NODE_INSTN_T (RTE_NODE_INSTN_ID,DOC_HDR_ID,RTE_NODE_ID,BRCH_ID,ACTV_IND,CMPLT_IND,INIT_IND,VER_NBR) 
        VALUES (node_3_id,4107,(SELECT RTE_NODE_ID FROM KREW_RTE_NODE_T WHERE DOC_TYP_ID = (SELECT MAX(DOC_TYP_ID) FROM KREW_DOC_TYP_T WHERE DOC_TYP_NM = 'AwardDocument') AND NM = 'isSyncChild'),brch_2_id,0,1,0,2);
    INSERT INTO KREW_RTE_BRCH_ST_T (RTE_BRCH_ST_ID,RTE_BRCH_ID,KEY_CD,VAL,VER_NBR) 
        VALUES (KREW_RTE_NODE_S.NEXTVAL,brch_1_id,'System.PostProcessorProcessed','true',2);
    INSERT INTO KREW_RTE_BRCH_ST_T (RTE_BRCH_ST_ID,RTE_BRCH_ID,KEY_CD,VAL,VER_NBR) 
        VALUES (KREW_RTE_NODE_S.NEXTVAL,brch_1_id,'System.PostProcessorFinal','true',1);
END;
/

DECLARE brch_1_id NUMBER;
        node_1_id NUMBER;
        node_2_id NUMBER;
        brch_2_id NUMBER;
        node_3_id NUMBER;
BEGIN
    SELECT KREW_RTE_NODE_S.NEXTVAL INTO brch_1_id FROM DUAL;
    SELECT KREW_RTE_NODE_S.NEXTVAL INTO node_1_id FROM DUAL;
    INSERT INTO KREW_RTE_BRCH_T (RTE_BRCH_ID,NM,PARNT_ID,INIT_RTE_NODE_INSTN_ID,SPLT_RTE_NODE_INSTN_ID,JOIN_RTE_NODE_INSTN_ID,VER_NBR) 
        VALUES (brch_1_id,'PRIMARY',null,node_1_id,null,null,22);
    INSERT INTO KREW_RTE_NODE_INSTN_T (RTE_NODE_INSTN_ID,DOC_HDR_ID,RTE_NODE_ID,BRCH_ID,ACTV_IND,CMPLT_IND,INIT_IND,VER_NBR) 
        VALUES (node_1_id,4108,(SELECT RTE_NODE_ID FROM KREW_RTE_NODE_T WHERE DOC_TYP_ID = (SELECT MAX(DOC_TYP_ID) FROM KREW_DOC_TYP_T WHERE DOC_TYP_NM = 'AwardDocument') AND NM = 'Initiated'),brch_1_id,0,1,0,8);
    INSERT INTO KREW_INIT_RTE_NODE_INSTN_T (DOC_HDR_ID,RTE_NODE_INSTN_ID)
        VALUES (4108,node_1_id);
    
    SELECT KREW_RTE_NODE_S.NEXTVAL INTO node_2_id FROM DUAL;
    INSERT INTO KREW_RTE_NODE_INSTN_T (RTE_NODE_INSTN_ID,DOC_HDR_ID,RTE_NODE_ID,BRCH_ID,ACTV_IND,CMPLT_IND,INIT_IND,VER_NBR) 
        VALUES (node_2_id,4108,(SELECT RTE_NODE_ID FROM KREW_RTE_NODE_T WHERE DOC_TYP_ID = (SELECT MAX(DOC_TYP_ID) FROM KREW_DOC_TYP_T WHERE DOC_TYP_NM = 'AwardDocument') AND NM = 'hasSync'),brch_1_id,0,1,0,3);
    
    SELECT KREW_RTE_NODE_S.NEXTVAL INTO brch_2_id FROM DUAL;
    SELECT KREW_RTE_NODE_S.NEXTVAL INTO node_3_id FROM DUAL;
    INSERT INTO KREW_RTE_BRCH_T (RTE_BRCH_ID,NM,PARNT_ID,INIT_RTE_NODE_INSTN_ID,SPLT_RTE_NODE_INSTN_ID,JOIN_RTE_NODE_INSTN_ID,VER_NBR) 
        VALUES (brch_2_id,'False',brch_1_id,node_3_id,node_2_id,null,3);
    INSERT INTO KREW_RTE_NODE_INSTN_T (RTE_NODE_INSTN_ID,DOC_HDR_ID,RTE_NODE_ID,BRCH_ID,ACTV_IND,CMPLT_IND,INIT_IND,VER_NBR) 
        VALUES (node_3_id,4108,(SELECT RTE_NODE_ID FROM KREW_RTE_NODE_T WHERE DOC_TYP_ID = (SELECT MAX(DOC_TYP_ID) FROM KREW_DOC_TYP_T WHERE DOC_TYP_NM = 'AwardDocument') AND NM = 'isSyncChild'),brch_2_id,0,1,0,2);
    INSERT INTO KREW_RTE_BRCH_ST_T (RTE_BRCH_ST_ID,RTE_BRCH_ID,KEY_CD,VAL,VER_NBR) 
        VALUES (KREW_RTE_NODE_S.NEXTVAL,brch_1_id,'System.PostProcessorProcessed','true',2);
    INSERT INTO KREW_RTE_BRCH_ST_T (RTE_BRCH_ST_ID,RTE_BRCH_ID,KEY_CD,VAL,VER_NBR) 
        VALUES (KREW_RTE_NODE_S.NEXTVAL,brch_1_id,'System.PostProcessorFinal','true',1);
END;
/

DECLARE brch_1_id_4101 NUMBER;
        node_1_id_4101 NUMBER;
        node_2_id_4101 NUMBER;
        brch_2_id_4101 NUMBER;
        node_3_id_4101 NUMBER;
        node_4_id_4101 NUMBER;
        node_5_id_4101 NUMBER;
        node_6_id_4101 NUMBER;
        node_7_id_4101 NUMBER;
        brch_1_id_4108 NUMBER;
        node_1_id_4108 NUMBER;
        node_2_id_4108 NUMBER;
        brch_2_id_4108 NUMBER;
        node_3_id_4108 NUMBER;
BEGIN
    SELECT KREW_RTE_NODE_S.NEXTVAL INTO brch_1_id_4101 FROM DUAL;
    SELECT KREW_RTE_NODE_S.NEXTVAL INTO node_1_id_4101 FROM DUAL;
    INSERT INTO KREW_RTE_BRCH_T (RTE_BRCH_ID,NM,PARNT_ID,INIT_RTE_NODE_INSTN_ID,SPLT_RTE_NODE_INSTN_ID,JOIN_RTE_NODE_INSTN_ID,VER_NBR) 
        VALUES (brch_1_id_4101,'PRIMARY',null,node_1_id_4101,null,null,59);
    INSERT INTO KREW_RTE_NODE_INSTN_T (RTE_NODE_INSTN_ID,DOC_HDR_ID,RTE_NODE_ID,BRCH_ID,ACTV_IND,CMPLT_IND,INIT_IND,VER_NBR) 
        VALUES (node_1_id_4101,4101,(SELECT RTE_NODE_ID FROM KREW_RTE_NODE_T WHERE DOC_TYP_ID = (SELECT MAX(DOC_TYP_ID) FROM KREW_DOC_TYP_T WHERE DOC_TYP_NM = 'AwardDocument') AND NM = 'Initiated'),brch_1_id_4101,0,1,0,19);
    INSERT INTO KREW_INIT_RTE_NODE_INSTN_T (DOC_HDR_ID,RTE_NODE_INSTN_ID)
        VALUES (4101,node_1_id_4101);
    
    SELECT KREW_RTE_NODE_S.NEXTVAL INTO node_2_id_4101 FROM DUAL;
    INSERT INTO KREW_RTE_NODE_INSTN_T (RTE_NODE_INSTN_ID,DOC_HDR_ID,RTE_NODE_ID,BRCH_ID,ACTV_IND,CMPLT_IND,INIT_IND,VER_NBR) 
        VALUES (node_2_id_4101,4101,(SELECT RTE_NODE_ID FROM KREW_RTE_NODE_T WHERE DOC_TYP_ID = (SELECT MAX(DOC_TYP_ID) FROM KREW_DOC_TYP_T WHERE DOC_TYP_NM = 'AwardDocument') AND NM = 'hasSync'),brch_1_id_4101,0,1,0,9);
    
    SELECT KREW_RTE_NODE_S.NEXTVAL INTO brch_2_id_4101 FROM DUAL;
    SELECT KREW_RTE_NODE_S.NEXTVAL INTO node_3_id_4101 FROM DUAL;
    SELECT KREW_RTE_NODE_S.NEXTVAL INTO node_4_id_4101 FROM DUAL;
    SELECT KREW_RTE_NODE_S.NEXTVAL INTO node_5_id_4101 FROM DUAL;
    SELECT KREW_RTE_NODE_S.NEXTVAL INTO node_6_id_4101 FROM DUAL;
    SELECT KREW_RTE_NODE_S.NEXTVAL INTO node_7_id_4101 FROM DUAL;
    INSERT INTO KREW_RTE_BRCH_T (RTE_BRCH_ID,NM,PARNT_ID,INIT_RTE_NODE_INSTN_ID,SPLT_RTE_NODE_INSTN_ID,JOIN_RTE_NODE_INSTN_ID,VER_NBR) 
        VALUES (brch_2_id_4101,'True',brch_1_id_4101,node_3_id_4101,node_2_id_4101,node_7_id_4101,28);
    INSERT INTO KREW_RTE_NODE_INSTN_T (RTE_NODE_INSTN_ID,DOC_HDR_ID,RTE_NODE_ID,BRCH_ID,ACTV_IND,CMPLT_IND,INIT_IND,VER_NBR) 
        VALUES (node_3_id_4101,4101,(SELECT RTE_NODE_ID FROM KREW_RTE_NODE_T WHERE DOC_TYP_ID = (SELECT MAX(DOC_TYP_ID) FROM KREW_DOC_TYP_T WHERE DOC_TYP_NM = 'AwardDocument') AND NM = 'SyncValidationApproval'),brch_2_id_4101,0,1,0,9);
    INSERT INTO KREW_RTE_NODE_INSTN_T (RTE_NODE_INSTN_ID,DOC_HDR_ID,RTE_NODE_ID,BRCH_ID,ACTV_IND,CMPLT_IND,INIT_IND,VER_NBR) 
        VALUES (node_4_id_4101,4101,(SELECT RTE_NODE_ID FROM KREW_RTE_NODE_T WHERE DOC_TYP_ID = (SELECT MAX(DOC_TYP_ID) FROM KREW_DOC_TYP_T WHERE DOC_TYP_NM = 'AwardDocument') AND NM = 'AwardStandardApprovalInSync'),brch_2_id_4101,0,1,0,6);
    INSERT INTO KREW_RTE_NODE_INSTN_T (RTE_NODE_INSTN_ID,DOC_HDR_ID,RTE_NODE_ID,BRCH_ID,ACTV_IND,CMPLT_IND,INIT_IND,VER_NBR) 
        VALUES (node_5_id_4101,4101,(SELECT RTE_NODE_ID FROM KREW_RTE_NODE_T WHERE DOC_TYP_ID = (SELECT MAX(DOC_TYP_ID) FROM KREW_DOC_TYP_T WHERE DOC_TYP_NM = 'AwardDocument') AND NM = 'ApplySync'),brch_2_id_4101,0,1,0,4);
    INSERT INTO KREW_RTE_NODE_INSTN_T (RTE_NODE_INSTN_ID,DOC_HDR_ID,RTE_NODE_ID,BRCH_ID,ACTV_IND,CMPLT_IND,INIT_IND,VER_NBR) 
        VALUES (node_6_id_4101,4101,(SELECT RTE_NODE_ID FROM KREW_RTE_NODE_T WHERE DOC_TYP_ID = (SELECT MAX(DOC_TYP_ID) FROM KREW_DOC_TYP_T WHERE DOC_TYP_NM = 'AwardDocument') AND NM = 'SyncFYIs'),brch_2_id_4101,0,1,0,3);
    
    SELECT KREW_RTE_NODE_S.NEXTVAL INTO brch_1_id_4108 FROM DUAL;
    SELECT KREW_RTE_NODE_S.NEXTVAL INTO node_1_id_4108 FROM DUAL;
    INSERT INTO KREW_RTE_BRCH_T (RTE_BRCH_ID,NM,PARNT_ID,INIT_RTE_NODE_INSTN_ID,SPLT_RTE_NODE_INSTN_ID,JOIN_RTE_NODE_INSTN_ID,VER_NBR) 
        VALUES (brch_1_id_4108,'PRIMARY',null,node_1_id_4108,null,null,30);
    INSERT INTO KREW_RTE_NODE_INSTN_T (RTE_NODE_INSTN_ID,DOC_HDR_ID,RTE_NODE_ID,BRCH_ID,ACTV_IND,CMPLT_IND,INIT_IND,VER_NBR) 
        VALUES (node_1_id_4108,4109,(SELECT RTE_NODE_ID FROM KREW_RTE_NODE_T WHERE DOC_TYP_ID = (SELECT MAX(DOC_TYP_ID) FROM KREW_DOC_TYP_T WHERE DOC_TYP_NM = 'AwardDocument') AND NM = 'Initiated'),node_1_id_4108,0,1,0,13);
    INSERT INTO KREW_INIT_RTE_NODE_INSTN_T (DOC_HDR_ID,RTE_NODE_INSTN_ID)
        VALUES (4109,node_1_id_4108);

    SELECT KREW_RTE_NODE_S.NEXTVAL INTO node_2_id_4108 FROM DUAL;
    INSERT INTO KREW_RTE_NODE_INSTN_T (RTE_NODE_INSTN_ID,DOC_HDR_ID,RTE_NODE_ID,BRCH_ID,ACTV_IND,CMPLT_IND,INIT_IND,VER_NBR) 
        VALUES (node_2_id_4108,4109,(SELECT RTE_NODE_ID FROM KREW_RTE_NODE_T WHERE DOC_TYP_ID = (SELECT MAX(DOC_TYP_ID) FROM KREW_DOC_TYP_T WHERE DOC_TYP_NM = 'AwardDocument') AND NM = 'hasSync'),node_1_id_4108,0,1,0,3);
    
    SELECT KREW_RTE_NODE_S.NEXTVAL INTO brch_2_id_4108 FROM DUAL;
    SELECT KREW_RTE_NODE_S.NEXTVAL INTO node_3_id_4108 FROM DUAL;
    INSERT INTO KREW_RTE_BRCH_T (RTE_BRCH_ID,NM,PARNT_ID,INIT_RTE_NODE_INSTN_ID,SPLT_RTE_NODE_INSTN_ID,JOIN_RTE_NODE_INSTN_ID,VER_NBR) 
        VALUES (brch_2_id_4108,'True',brch_1_id_4108,node_3_id_4108,node_2_id_4108,null,3);
    INSERT INTO KREW_RTE_NODE_INSTN_T (RTE_NODE_INSTN_ID,DOC_HDR_ID,RTE_NODE_ID,BRCH_ID,ACTV_IND,CMPLT_IND,INIT_IND,VER_NBR) 
        VALUES (node_3_id_4108,4109,(SELECT RTE_NODE_ID FROM KREW_RTE_NODE_T WHERE DOC_TYP_ID = (SELECT MAX(DOC_TYP_ID) FROM KREW_DOC_TYP_T WHERE DOC_TYP_NM = 'AwardDocument') AND NM = 'SyncValidationApproval'),brch_2_id_4108,1,0,0,2);
    
    INSERT INTO KREW_RTE_NODE_INSTN_T (RTE_NODE_INSTN_ID,DOC_HDR_ID,RTE_NODE_ID,BRCH_ID,ACTV_IND,CMPLT_IND,INIT_IND,VER_NBR) 
        VALUES (node_7_id_4101,4101,(SELECT RTE_NODE_ID FROM KREW_RTE_NODE_T WHERE DOC_TYP_ID = (SELECT MAX(DOC_TYP_ID) FROM KREW_DOC_TYP_T WHERE DOC_TYP_NM = 'AwardDocument') AND NM = 'JoinSync'),brch_1_id_4101,0,1,0,9);
    INSERT INTO KREW_RTE_NODE_INSTN_ST_T (RTE_NODE_INSTN_ST_ID,RTE_NODE_INSTN_ID,KEY_CD,VAL,VER_NBR) 
        VALUES (KREW_RTE_NODE_S.NEXTVAL,node_7_id_4101,'ExpectedJoiners','' || node_3_id_4108 || ',',8);
    INSERT INTO KREW_RTE_NODE_INSTN_ST_T (RTE_NODE_INSTN_ST_ID,RTE_NODE_INSTN_ID,KEY_CD,VAL,VER_NBR) 
        VALUES (KREW_RTE_NODE_S.NEXTVAL,node_7_id_4101,'ActualJoiners','' || node_3_id_4108 || ',',8);
    
    INSERT INTO KREW_RTE_BRCH_ST_T (RTE_BRCH_ST_ID,RTE_BRCH_ID,KEY_CD,VAL,VER_NBR)
        VALUES (KREW_RTE_NODE_S.NEXTVAL,brch_1_id_4108,'System.PostProcessorProcessed','true',2);
    INSERT INTO KREW_RTE_BRCH_ST_T (RTE_BRCH_ST_ID,RTE_BRCH_ID,KEY_CD,VAL,VER_NBR)
        VALUES (KREW_RTE_NODE_S.NEXTVAL,brch_1_id_4108,'System.PostProcessorFinal','true',1);
END;
/
