<?xml version="1.0" encoding="UTF-8"?>
<data xmlns="ns:workflow" xmlns:xsi="http://www.w3.org/2001/XMLSchema-instance" xsi:schemaLocation="ns:workflow resource:WorkflowData">
	<documentTypes xmlns="ns:workflow/DocumentType" xsi:schemaLocation="ns:workflow/DocumentType resource:DocumentType">
		<documentType>
			<name>ProposalLogMaintenanceDocument</name>
			<description>Create a new Proposal Log</description>
			<label>Proposal Log</label>
			<parent>KcMaintenanceDocument</parent>
			<helpDefinitionURL>default.htm?turl=Documents/proposallog.htm</helpDefinitionURL>
			<policies>
				<policy>
                    <name>INITIATOR_MUST_CANCEL</name>
                    <value>false</value>
                </policy>                
			</policies>
		</documentType>
	</documentTypes>	
</data>