<?xml version="1.0" encoding="UTF-8"?>
<data xmlns="ns:workflow" xmlns:xsi="http://www.w3.org/2001/XMLSchema-instance" xsi:schemaLocation="ns:workflow resource:WorkflowData">
	<documentTypes xmlns="ns:workflow/DocumentType" xsi:schemaLocation="ns:workflow/DocumentType resource:DocumentType">
		<documentType>
			<name>ContactTypeMaintenanceDocument</name>
			<description>Create a New Contact Type</description>
			<label>Contact Type</label>
			<parent>KcAwardsMaintenanceDocument</parent>
			<helpDefinitionURL>default.htm?turl=Documents/sponsorcontacttype.htm</helpDefinitionURL>
		</documentType>
	</documentTypes>	
</data>