<?xml version="1.0" encoding="UTF-8"?>
<data xmlns="ns:workflow" xmlns:xsi="http://www.w3.org/2001/XMLSchema-instance" xsi:schemaLocation="ns:workflow resource:WorkflowData">
	<documentTypes xmlns="ns:workflow/DocumentType" xsi:schemaLocation="ns:workflow/DocumentType resource:DocumentType">
		<documentType>
			<name>S2sOppFormQuestionnaireMaintenanceDocument</name>
			<description>Create/Edit a S2S Opportunity Form to Questionnaire Mapping</description>
			<label>S2S Opportunity Form to Questionnaire Mapping</label>
			<parent>KcSharedMaintenanceDocument</parent>
		</documentType>
	</documentTypes>	
</data>