<?xml version="1.0" encoding="UTF-8"?>
<data xmlns="ns:workflow" xmlns:xsi="http://www.w3.org/2001/XMLSchema-instance" xsi:schemaLocation="ns:workflow resource:WorkflowData">
	<documentTypes xmlns="ns:workflow/DocumentType" xsi:schemaLocation="ns:workflow/DocumentType resource:DocumentType">
		<documentType>
			<name>S2sSubmissionTypeMaintenanceDocument</name>
			<description>Create a New SubmissionType Document Type</description>
			<label>Submission Type Document Type</label>
			<parent>KcProposalsMaintenanceDocument</parent>
			<helpDefinitionURL>default.htm?turl=Documents/s2ssubmissiontype.htm</helpDefinitionURL>
		</documentType>
	</documentTypes>	
</data>