<?xml version="1.0" encoding="UTF-8"?>
<data xmlns="ns:workflow" xmlns:xsi="http://www.w3.org/2001/XMLSchema-instance" xsi:schemaLocation="ns:workflow resource:WorkflowData">
    <documentTypes xmlns="ns:workflow/DocumentType" xsi:schemaLocation="ns:workflow/DocumentType resource:DocumentType">
        <documentType>
            <name>SpecialReviewUsageMaintenanceDocument</name>
            <description>Create/Edit a Special Review Usage</description>
            <label>Special Review Usage</label>
            <parent>KcSharedMaintenanceDocument</parent>
        </documentType>
    </documentTypes>    
</data>