<?xml version="1.0" encoding="UTF-8"?>
<data xmlns="ns:workflow" xmlns:xsi="http://www.w3.org/2001/XMLSchema-instance" xsi:schemaLocation="ns:workflow resource:WorkflowData">
	<documentTypes xmlns="ns:workflow/DocumentType" xsi:schemaLocation="ns:workflow/DocumentType resource:DocumentType">
		<documentType>
			<name>ValidCeRateTypeMaintenanceDocument</name>
			<description>Create/Edit a Valid Cost Element Rate Type</description>
			<label>Valid Cost Element Rate Types Maintenance Document</label>
			<parent>KcSharedMaintenanceDocument</parent>
			<helpDefinitionURL>default.htm?turl=Documents/validcostelementratetype.htm</helpDefinitionURL>
		</documentType>
	</documentTypes>	
</data>