CREATE SEQUENCE LOOKUP_RESULT_SEQUENCE_NBR_SEQ INCREMENT BY 1 START WITH 2000
/
CREATE SEQUENCE NTE_ID_SEQ INCREMENT BY 1 START WITH 2000
/
CREATE TABLE FP_DOC_GROUP_T (
        FDOC_GRP_CD                    VARCHAR2(2) CONSTRAINT FP_DOC_GROUP_TN1 NOT NULL,
        OBJ_ID                         VARCHAR2(36) DEFAULT SYS_GUID() CONSTRAINT FP_DOC_GROUP_TN2 NOT NULL,
        VER_NBR                        NUMBER(8) DEFAULT 1 CONSTRAINT FP_DOC_GROUP_TN3 NOT NULL,
        FDOC_GRP_NM                    VARCHAR2(40),
        FDOC_CLASS_CD                  VARCHAR2(2),
     CONSTRAINT FP_DOC_GROUP_TP1 PRIMARY KEY (FDOC_GRP_CD),
     CONSTRAINT FP_DOC_GROUP_TC0 UNIQUE (OBJ_ID)
)
/
CREATE TABLE FP_DOC_HEADER_T (
        FDOC_NBR                       VARCHAR2(14) CONSTRAINT FP_DOC_HEADER_TN1 NOT NULL,
        OBJ_ID                         VARCHAR2(36) DEFAULT SYS_GUID() CONSTRAINT FP_DOC_HEADER_TN2 NOT NULL,
        VER_NBR                        NUMBER(8) DEFAULT 1 CONSTRAINT FP_DOC_HEADER_TN3 NOT NULL,
        FDOC_STATUS_CD                 VARCHAR2(2),
        FDOC_DESC                      VARCHAR2(40),
        FDOC_TOTAL_AMT                 NUMBER(19, 2),
        ORG_DOC_NBR                    VARCHAR2(10),
        FDOC_IN_ERR_NBR                VARCHAR2(14),
        FDOC_TMPL_NBR                  VARCHAR2(14),
        TEMP_DOC_FNL_DT                DATE,
        FDOC_EXPLAIN_TXT               VARCHAR2(400),
     CONSTRAINT FP_DOC_HEADER_TP1 PRIMARY KEY (
        FDOC_NBR) ,
     CONSTRAINT FP_DOC_HEADER_TC0 UNIQUE (OBJ_ID) 
)
/
CREATE TABLE FP_DOC_STATUS_T (
        FDOC_STATUS_CD                 VARCHAR2(2) CONSTRAINT FP_DOC_STATUS_TN1 NOT NULL,
        OBJ_ID                         VARCHAR2(36) DEFAULT SYS_GUID() CONSTRAINT FP_DOC_STATUS_TN2 NOT NULL,
        VER_NBR                        NUMBER(8) DEFAULT 1 CONSTRAINT FP_DOC_STATUS_TN3 NOT NULL,
        FDOC_STATUS_NM                 VARCHAR2(10),
     CONSTRAINT FP_DOC_STATUS_TP1 PRIMARY KEY (
        FDOC_STATUS_CD) ,
     CONSTRAINT FP_DOC_STATUS_TC0 UNIQUE (OBJ_ID) 
)
/
CREATE TABLE FP_DOC_TYPE_T (
        FDOC_TYP_CD                    VARCHAR2(4) CONSTRAINT FP_DOC_TYPE_TN1 NOT NULL,
        OBJ_ID                         VARCHAR2(36) DEFAULT SYS_GUID() CONSTRAINT FP_DOC_TYPE_TN2 NOT NULL,
        VER_NBR                        NUMBER(8) DEFAULT 1 CONSTRAINT FP_DOC_TYPE_TN3 NOT NULL,
        FDOC_GRP_CD                    VARCHAR2(2),
        FDOC_NM                        VARCHAR2(40),
        FIN_ELIM_ELGBL_CD              VARCHAR2(1),
        FDOC_TYP_ACTIVE_CD             VARCHAR2(1),
        FDOC_RTNG_RULE_CD              VARCHAR2(1),
        FDOC_AUTOAPRV_DAYS             NUMBER(7),
        FDOC_BALANCED_CD               VARCHAR2(1),
        TRN_SCRBBR_OFST_GEN_IND        CHAR(1),
     CONSTRAINT FP_DOC_TYPE_TP1 PRIMARY KEY (
        FDOC_TYP_CD) ,
     CONSTRAINT FP_DOC_TYPE_TC0 UNIQUE (OBJ_ID) 
)
/
CREATE TABLE FP_MAINTENANCE_DOCUMENT_T (
        FDOC_NBR                       VARCHAR2(14) CONSTRAINT FP_MAINTENANCE_DOCUMENT_TN1 NOT NULL,
        OBJ_ID                         VARCHAR2(36) DEFAULT SYS_GUID() CONSTRAINT FP_MAINTENANCE_DOCUMENT_TN2 NOT NULL,
        VER_NBR                        NUMBER(8) DEFAULT 1 CONSTRAINT FP_MAINTENANCE_DOCUMENT_TN3 NOT NULL,
        DOCUMENT_CONTENTS              CLOB,
     CONSTRAINT FP_MAINTENANCE_DOCUMENT_TP1 PRIMARY KEY (FDOC_NBR),
     CONSTRAINT FP_MAINTENANCE_DOCUMENT_TC0 UNIQUE (OBJ_ID)
)
/

CREATE TABLE FP_MAINT_LOCK_T (
        LOCK_REPRESENTATION_TXT        VARCHAR2(255) CONSTRAINT FP_MAINT_LOCK_TN1 NOT NULL,
        OBJ_ID                         VARCHAR2(36) DEFAULT SYS_GUID() CONSTRAINT FP_MAINT_LOCK_TN2 NOT NULL,
        VER_NBR                        NUMBER(8) DEFAULT 1 CONSTRAINT FP_MAINT_LOCK_TN3 NOT NULL,
        FDOC_NBR                       VARCHAR2(14) CONSTRAINT FP_MAINT_LOCK_TN4 NOT NULL,
     CONSTRAINT FP_MAINT_LOCK_TP1 PRIMARY KEY (LOCK_REPRESENTATION_TXT),
     CONSTRAINT FP_MAINT_LOCK_TC0 UNIQUE (OBJ_ID)
)
/
CREATE TABLE FS_ADHOC_RTE_ACTN_RECP_T (
	    ACTN_RQST_RECP_TYP_CD          NUMBER(1) CONSTRAINT FS_ADHOC_RTE_ACTN_RECP_TN1 NOT NULL,
	    ACTN_RQST_CD                   VARCHAR2(30) CONSTRAINT FS_ADHOC_RTE_ACTN_RECP_TN2 NOT NULL,
        ACTN_RQST_RECP_ID              VARCHAR2(70) CONSTRAINT FS_ADHOC_RTE_ACTN_RECP_TN3 NOT NULL,
        OBJ_ID                         VARCHAR2(36) DEFAULT SYS_GUID() CONSTRAINT FS_ADHOC_RTE_ACTN_RECP_TN4 NOT NULL,
        VER_NBR                        NUMBER(8) DEFAULT 1 CONSTRAINT FS_ADHOC_RTE_ACTN_RECP_TN5 NOT NULL,
        FDOC_NBR                       VARCHAR2(14) CONSTRAINT FS_ADHOC_RTE_ACTN_RECP_TN6 NOT NULL,
     CONSTRAINT FS_ADHOC_RTE_ACTN_RECP_TP1 PRIMARY KEY (ACTN_RQST_RECP_TYP_CD,ACTN_RQST_CD,ACTN_RQST_RECP_ID),
     CONSTRAINT FS_ADHOC_RTE_ACTN_RECP_TC0 UNIQUE (OBJ_ID)
)
/
CREATE TABLE FS_CODES_DESC_T (
        CODE                           VARCHAR2(50) CONSTRAINT FS_CODES_DESC_TN1 NOT NULL,
        CLASS_NAME                     VARCHAR2(75) CONSTRAINT FS_CODES_DESC_TN2 NOT NULL,
        OBJ_ID                         VARCHAR2(36) DEFAULT SYS_GUID() CONSTRAINT FS_CODES_DESC_TN3 NOT NULL,
        VER_NBR                        NUMBER(8) DEFAULT 1 CONSTRAINT FS_CODES_DESC_TN4 NOT NULL,
        NAME                           VARCHAR2(2000),
        ACTIVE_IND                     VARCHAR2(1) CONSTRAINT FS_CODES_DESC_TN5 NOT NULL,
     CONSTRAINT FS_CODES_DESC_TP1 PRIMARY KEY (
        CODE,
        CLASS_NAME) ,
     CONSTRAINT FS_CODES_DESC_TC0 UNIQUE (OBJ_ID) 
)
/ 
CREATE TABLE SH_ATT_T (
        NTE_ID                         NUMBER(14) CONSTRAINT SH_ATT_TN1 NOT NULL,
        OBJ_ID                         VARCHAR2(36) DEFAULT SYS_GUID() CONSTRAINT SH_ATT_TN2 NOT NULL,
        VER_NBR                        NUMBER(8) DEFAULT 1 CONSTRAINT SH_ATT_TN3 NOT NULL,
        ATT_MIME_TYP_CD                VARCHAR2(40),
        ATT_FL_NM                      VARCHAR2(250),
        ATT_ID                         VARCHAR2(36),
        ATT_FL_SZ                      NUMBER(14),
        ATT_TYP_CD                     VARCHAR2(2),
     CONSTRAINT SH_ATT_TP1 PRIMARY KEY (NTE_ID),
     CONSTRAINT SH_ATT_TC0 UNIQUE (OBJ_ID)
)
/
CREATE TABLE SH_LOCK_T (
        TRN_SMPHR_TYP_CD               VARCHAR2(10) CONSTRAINT SH_LOCK_TN1 NOT NULL,
        TRN_SMPHR_ID                   VARCHAR2(10) CONSTRAINT SH_LOCK_TN2 NOT NULL,
        OBJ_ID                         VARCHAR2(36) DEFAULT SYS_GUID() CONSTRAINT SH_LOCK_TN3 NOT NULL,
        VER_NBR                        NUMBER(8) DEFAULT 1 CONSTRAINT SH_LOCK_TN4 NOT NULL,
        PERSON_UNVL_ID                 VARCHAR2(10),
        TRN_LCKTM_TS                   DATE,
     CONSTRAINT SH_LOCK_TP1 PRIMARY KEY (
        TRN_SMPHR_TYP_CD,
        TRN_SMPHR_ID),
     CONSTRAINT SH_LOCK_TC0 UNIQUE (OBJ_ID)
)
/
CREATE TABLE SH_LOCK_TYP_DESC_T (
        TRN_SMPHR_TYP_CD               VARCHAR2(10) CONSTRAINT SH_LOCK_TYP_DESC_TN1 NOT NULL,
        OBJ_ID                         VARCHAR2(36) DEFAULT SYS_GUID() CONSTRAINT SH_LOCK_TYP_DESC_TN2 NOT NULL,
        VER_NBR                        NUMBER(8) DEFAULT 1 CONSTRAINT SH_LOCK_TYP_DESC_TN3 NOT NULL,
        PRSN_UPDTABLTY_NBR             NUMBER(12),
        TRN_SMPHR_DESC                 VARCHAR2(60),
     CONSTRAINT SH_LOCK_TYP_DESC_TP1 PRIMARY KEY (TRN_SMPHR_TYP_CD),
     CONSTRAINT SH_LOCK_TYP_DESC_TC0 UNIQUE (OBJ_ID)
)
/
CREATE TABLE SH_NTE_T (
        NTE_ID                         NUMBER(14) CONSTRAINT SH_NTE_TN1 NOT NULL, 
        OBJ_ID                         VARCHAR2(36) DEFAULT SYS_GUID() CONSTRAINT SH_NTE_TN2 NOT NULL,
        VER_NBR                        NUMBER(8) DEFAULT 1 CONSTRAINT SH_NTE_TN3 NOT NULL,
        RMT_OBJ_ID                     VARCHAR2(36) CONSTRAINT SH_NTE_TN4 NOT NULL,
        NTE_AUTH_ID                    VARCHAR2(10) CONSTRAINT SH_NTE_TN5 NOT NULL,
        NTE_POST_TS                    DATE CONSTRAINT SH_NTE_TN6 NOT NULL,
        NTE_TYP_CD                     VARCHAR2(4) CONSTRAINT SH_NTE_TN7 NOT NULL,
        NTE_TXT                        VARCHAR2(800),
        NTE_PRG_CD                     VARCHAR2(1),
        NTE_TPC_TXT                    VARCHAR2(40),
     CONSTRAINT SH_NTE_TP1 PRIMARY KEY (NTE_ID),
     CONSTRAINT SH_NTE_TC0 UNIQUE (OBJ_ID),
     CONSTRAINT SH_NTE_TC1 UNIQUE (RMT_OBJ_ID, NTE_AUTH_ID, NTE_POST_TS, NTE_TYP_CD)
)
/
CREATE TABLE SH_NTE_TYP_T (
        NTE_TYP_CD                     VARCHAR2(4) CONSTRAINT SH_NTE_TYP_TN1 NOT NULL,
        OBJ_ID                         VARCHAR2(36) DEFAULT SYS_GUID() CONSTRAINT SH_NTE_TYP_TN2 NOT NULL,
        VER_NBR                        NUMBER(8) DEFAULT 1 CONSTRAINT SH_NTE_TYP_TN3 NOT NULL,
        NTE_TYP_DESC                   VARCHAR2(100),
        NTE_TYP_ACTV_IND               VARCHAR2(1),
     CONSTRAINT SH_NTE_TYP_TP1 PRIMARY KEY (
        NTE_TYP_CD),
     CONSTRAINT SH_NTE_TYP_TC0 UNIQUE (OBJ_ID)
)
/

CREATE TABLE SH_PARM_DTL_TYP_T(
        SH_PARM_NMSPC_CD               VARCHAR2(20),
        SH_PARM_DTL_TYP_CD             VARCHAR2(100),
        OBJ_ID                         VARCHAR2(36) DEFAULT SYS_GUID() CONSTRAINT SH_PARM_ADDL_DTL_TYP_TN1 NOT NULL,
        VER_NBR                        NUMBER(8) DEFAULT 1 CONSTRAINT SH_PARM_ADDL_DTL_TYP_TN2 NOT NULL,
        SH_PARM_DTL_TYP_NM             VARCHAR2(255),
        ACTIVE_IND                     CHAR(1) DEFAULT 'Y' CONSTRAINT SH_PARM_ADDL_DTL_TYP_TN3 NOT NULL,
     CONSTRAINT SH_PARM_DTL_TYP_TP1 PRIMARY KEY (SH_PARM_NMSPC_CD,SH_PARM_DTL_TYP_CD),
     CONSTRAINT SH_PARM_DTL_TYP_TC0 UNIQUE (OBJ_ID)
)
/
CREATE TABLE SH_PARM_NMSPC_T(
        SH_PARM_NMSPC_CD               VARCHAR2(20),
        OBJ_ID                         VARCHAR2(36) DEFAULT SYS_GUID() CONSTRAINT SH_PARM_NMSPC_TN1 NOT NULL,
        VER_NBR                        NUMBER(8) DEFAULT 1 CONSTRAINT SH_PARM_NMSPC_TN2 NOT NULL,
        SH_PARM_NMSPC_NM               VARCHAR2(40),
        ACTIVE_IND                     CHAR(1) DEFAULT 'Y' CONSTRAINT SH_PARM_NMSPC_TN3 NOT NULL,
     CONSTRAINT SH_PARM_NMSPC_TP1 PRIMARY KEY (SH_PARM_NMSPC_CD),
     CONSTRAINT SH_PARM_NMSPC_TC0 UNIQUE (OBJ_ID)
)
/

CREATE TABLE SH_PARM_T(
        SH_PARM_NMSPC_CD               VARCHAR2(20),
        SH_PARM_DTL_TYP_CD             VARCHAR2(100),
        SH_PARM_NM                     VARCHAR2(100),
        OBJ_ID                         VARCHAR2(36) DEFAULT SYS_GUID() CONSTRAINT SH_PARM_TN1 NOT NULL,
        VER_NBR                        NUMBER(8) DEFAULT 1 CONSTRAINT SH_PARM_TN2 NOT NULL,
        SH_PARM_TYP_CD                 VARCHAR2(5) CONSTRAINT SH_PARM_TN3 NOT NULL,
        SH_PARM_TXT                    VARCHAR2(4000),
        SH_PARM_DESC                   VARCHAR2(4000),
        SH_PARM_CONS_CD                VARCHAR2(1),
        WRKGRP_NM                      VARCHAR2(70) DEFAULT 'WorkflowAdmin' CONSTRAINT SH_PARM_TN4 NOT NULL,
        ACTIVE_IND                     CHAR(1) DEFAULT 'Y' CONSTRAINT SH_PARM_TN5 NOT NULL,
     CONSTRAINT SH_PARM_TP1 PRIMARY KEY (SH_PARM_NMSPC_CD,SH_PARM_NM),
     CONSTRAINT SH_PARM_TC0 UNIQUE (OBJ_ID)
)
/
CREATE TABLE SH_PARM_TYP_T(
        SH_PARM_TYP_CD                 VARCHAR2(5),
        OBJ_ID                         VARCHAR2(36) DEFAULT SYS_GUID() CONSTRAINT SH_PARM_TYP_TN1 NOT NULL,
        VER_NBR                        NUMBER(8) DEFAULT 1 CONSTRAINT SH_PARM_TYP_TN2 NOT NULL,
        SH_PARM_TYP_NM                 VARCHAR2(40),
        ACTIVE_IND                     CHAR(1) DEFAULT 'Y' CONSTRAINT SH_PARM_TYP_TN3 NOT NULL,
     CONSTRAINT SH_PARM_TYP_TP1 PRIMARY KEY (SH_PARM_TYP_CD),
     CONSTRAINT SH_PARM_TYP_TC0 UNIQUE (OBJ_ID)
)
/
CREATE TABLE SH_USR_PROP_T (
        PERSON_UNVL_ID                 VARCHAR2(10) CONSTRAINT SH_USR_PROP_TN1 NOT NULL,
        APPL_MOD_ID                    VARCHAR2(20) CONSTRAINT SH_USR_PROP_TN2 NOT NULL,
        USR_PROP_NM                    VARCHAR2(40) CONSTRAINT SH_USR_PROP_TN3 NOT NULL,
        OBJ_ID                         VARCHAR2(36) DEFAULT SYS_GUID() CONSTRAINT SH_USR_PROP_TN4 NOT NULL,
        VER_NBR                        NUMBER(8) DEFAULT 1 CONSTRAINT SH_USR_PROP_TN5 NOT NULL,
        USR_PROP_VAL                   VARCHAR2(4000),
     CONSTRAINT SH_USR_PROP_TP1 PRIMARY KEY (
        PERSON_UNVL_ID,
        APPL_MOD_ID,
        USR_PROP_NM),
     CONSTRAINT SH_USR_PROP_TC0 UNIQUE (OBJ_ID)
)
/
CREATE INDEX FP_DOC_HEADER_TI3 ON FP_DOC_HEADER_T(
        ORG_DOC_NBR )
/
CREATE INDEX FP_DOC_HEADER_TI4 ON FP_DOC_HEADER_T(
        FDOC_STATUS_CD )
/
CREATE INDEX FP_DOC_TYPE_TI2 ON FP_DOC_TYPE_T(
        FDOC_GRP_CD )
/
CREATE INDEX FP_MAINT_LOCK_TI2 ON FP_MAINT_LOCK_T(FDOC_NBR)
/
CREATE INDEX FS_ADHOC_RTE_ACTN_RECP_TI2 ON FS_ADHOC_RTE_ACTN_RECP_T(FDOC_NBR)
/
ALTER TABLE FP_DOC_TYPE_T
  ADD ( CONSTRAINT FP_DOC_TYPE_TR1 FOREIGN KEY (
        FDOC_GRP_CD )
  REFERENCES FP_DOC_GROUP_T ( 
        FDOC_GRP_CD ))
/
ALTER TABLE FP_MAINTENANCE_DOCUMENT_T
ADD (CONSTRAINT FP_MAINTENANCE_DOCUMENT_TR1 FOREIGN KEY (
      FDOC_NBR )
REFERENCES FP_DOC_HEADER_T (
      FDOC_NBR ))
/
ALTER TABLE SH_ATT_T
  ADD (CONSTRAINT SH_ATT_TR1 FOREIGN KEY (
        NTE_ID )
  REFERENCES SH_NTE_T (
        NTE_ID ))
/
ALTER TABLE SH_LOCK_T
  ADD ( CONSTRAINT SH_LOCK_TR1 FOREIGN KEY (
        TRN_SMPHR_TYP_CD )
  REFERENCES SH_LOCK_TYP_DESC_T ( 
        TRN_SMPHR_TYP_CD ))
/
ALTER TABLE SH_NTE_T
  ADD (CONSTRAINT SH_NTE_TR1 FOREIGN KEY (
        NTE_TYP_CD )
  REFERENCES SH_NTE_TYP_T (
        NTE_TYP_CD ))
/
ALTER TABLE SH_PARM_DTL_TYP_T ADD CONSTRAINT SH_PARM_DTL_TYP_TR1
      FOREIGN KEY ( SH_PARM_NMSPC_CD )
      REFERENCES SH_PARM_NMSPC_T ( SH_PARM_NMSPC_CD )
/

ALTER TABLE SH_PARM_T ADD CONSTRAINT SH_PARM_TR1
      FOREIGN KEY ( SH_PARM_NMSPC_CD )
      REFERENCES SH_PARM_NMSPC_T ( SH_PARM_NMSPC_CD )
/

ALTER TABLE SH_PARM_T ADD CONSTRAINT SH_PARM_TR2
      FOREIGN KEY ( SH_PARM_TYP_CD )
      REFERENCES SH_PARM_TYP_T ( SH_PARM_TYP_CD )
/

CREATE SEQUENCE BAM_PARAM_SEQ INCREMENT BY 1 START WITH 2000
/
CREATE SEQUENCE BAM_SEQ INCREMENT BY 1 START WITH 2000
/
CREATE SEQUENCE DIRTY_CACHE_SEQ INCREMENT BY 1 START WITH 2000
/
CREATE SEQUENCE EN_SERVICE_DEF_INTERFACE_SEQ INCREMENT BY 1 START WITH 2000
/
CREATE SEQUENCE SEQUENCE_EN_USR INCREMENT BY 1 START WITH 100000000000
/
CREATE SEQUENCE SEQ_ACTION_LIST_OPTN INCREMENT BY 1 START WITH 1000 MINVALUE 1000 MAXVALUE 2000 CYCLE
/
CREATE SEQUENCE SEQ_ACTION_REQUEST INCREMENT BY 1 START WITH 2000
/
CREATE SEQUENCE SEQ_ACTION_TAKEN INCREMENT BY 1 START WITH 2000
/
CREATE SEQUENCE SEQ_ACTN_ITM INCREMENT BY 1 START WITH 10000
/
CREATE SEQUENCE SEQ_DOCUMENT_ROUTE_HEADER INCREMENT BY 1 START WITH 2000
/
CREATE SEQUENCE SEQ_DOCUMENT_TYPE_ATTRIBUTE INCREMENT BY 1 START WITH 2000
/
CREATE SEQUENCE SEQ_DOC_NTE INCREMENT BY 1 START WITH 2000
/
CREATE SEQUENCE SEQ_EDL_FIELD_DMP INCREMENT BY 1 START WITH 5000
/
CREATE SEQUENCE seq_en_edoclt INCREMENT BY 1 START WITH 2000
/
CREATE SEQUENCE SEQ_HELP_ENTRY INCREMENT BY 1 START WITH 100
/
CREATE SEQUENCE SEQ_RESPONSIBILITY_ID INCREMENT BY 1 START WITH 2000
/
CREATE SEQUENCE SEQ_ROUTE_QUEUE INCREMENT BY 1 START WITH 2000
/
CREATE SEQUENCE SEQ_ROUTE_TEMPLATE INCREMENT BY 1 START WITH 1000
/
CREATE SEQUENCE SEQ_RTE_NODE INCREMENT BY 1 START WITH 2000
/
CREATE SEQUENCE SEQ_RTE_NODE_CFG_PARM INCREMENT BY 1 START WITH 2000
/
CREATE SEQUENCE SEQ_RULE_EXPR INCREMENT BY 1 START WITH 2000
/
CREATE SEQUENCE SEQ_RULE_TMPL_OPTN INCREMENT BY 1 START WITH 2000
/
CREATE SEQUENCE SEQ_SEARCHABLE_ATTRIBUTE_VALUE INCREMENT BY 1 START WITH 2000
/
CREATE SEQUENCE SEQ_TRANSACTION_TST INCREMENT BY 1 START WITH 100
/
CREATE SEQUENCE SERVICE_DEF_SEQ INCREMENT BY 1 START WITH 2000
/
CREATE TABLE EN_ACTN_ITM_T (
	ACTN_ITM_ID 		    NUMBER(14) NOT NULL,
	ACTN_ITM_PRSN_EN_ID     VARCHAR2(30) NOT NULL,
	ACTN_ITM_ASND_DT        DATE NOT NULL,
	ACTN_ITM_RQST_CD        CHAR(1) NOT NULL,
	ACTN_RQST_ID            NUMBER(14) NOT NULL,
	DOC_HDR_ID              NUMBER(14) NOT NULL,
	WRKGRP_ID               NUMBER(14) NULL,
	ROLE_NM 				VARCHAR2(2000) NULL,
	ACTN_ITM_DLGN_PRSN_EN_ID VARCHAR2(30) NULL,
    ACTN_ITM_DLGN_WRKGRP_ID NUMBER(14) NULL,
	DOC_TTL			        VARCHAR2(255) NULL,
	DOC_TYP_LBL_TXT         VARCHAR2(255) NOT NULL,
	DOC_TYP_HDLR_URL_ADDR   VARCHAR2(255) NOT NULL,
	DOC_TYP_NM		        VARCHAR2(255) NOT NULL,
	ACTN_ITM_RESP_ID        NUMBER(14) NOT NULL,
	DLGN_TYP				VARCHAR2(1) NULL,
	DB_LOCK_VER_NBR	        NUMBER(8) DEFAULT 0,
	CONSTRAINT EN_ACTN_ITM_T_PK PRIMARY KEY (ACTN_ITM_ID)  
)
/
CREATE TABLE EN_ACTN_RQST_T (
       ACTN_RQST_ID                   NUMBER(14) NOT NULL,
       ACTN_RQST_PARNT_ID			  NUMBER (14) NULL,
       ACTN_RQST_CD                   CHAR(1) NOT NULL,
       DOC_HDR_ID                     NUMBER(14) NOT NULL,
       RULE_BASE_VALUES_ID            NUMBER(19) NULL,
       ACTN_RQST_STAT_CD              CHAR(1) NOT NULL,
       ACTN_RQST_RESP_ID              NUMBER(14) NOT NULL,
       ACTN_RQST_PRSN_EN_ID           VARCHAR2(30) NULL,
       WRKGRP_ID                      NUMBER(14) NULL,
       ROLE_NM 						  VARCHAR2(2000) NULL,
       QUAL_ROLE_NM 				  VARCHAR2(2000) NULL,
       QUAL_ROLE_NM_LBL_TXT			  VARCHAR2(2000) NULL,
       ACTN_RQST_RECP_TYP_CD	      CHAR(1) NULL,
       ACTN_RQST_PRIO_NBR             NUMBER(8) NOT NULL,
       ACTN_RQST_RTE_TYP_NM           VARCHAR2(255) NULL,
       ACTN_RQST_RTE_LVL_NBR          NUMBER(8) NOT NULL,
       ACTN_RQST_RTE_NODE_INSTN_ID 	  NUMBER(19),
       ACTN_TKN_ID	                  NUMBER(14) NULL,
       DOC_VER_NBR                    NUMBER(8) NOT NULL,
       ACTN_RQST_CRTE_DT              DATE NOT NULL,
       ACTN_RQST_RESP_DESC            VARCHAR2(200) NULL,
       ACTN_RQST_IGN_PREV_ACTN_IND    NUMBER(1) DEFAULT 0,
       ACTN_RQST_ANNOTN_TXT	          VARCHAR2(2000) NULL,
	   DLGN_TYP						  CHAR(1) NULL,
       ACTN_RQST_APPR_PLCY            CHAR(1) NULL,
       ACTN_RQST_CUR_IND              NUMBER(1) DEFAULT 1,
       DB_LOCK_VER_NBR                NUMBER(8) DEFAULT 0,
       CONSTRAINT EN_ACTN_RQST_TEMP_T_PK PRIMARY KEY (ACTN_RQST_ID) 
) 
/
CREATE TABLE EN_ACTN_TKN_T (
       ACTN_TKN_ID                   NUMBER(14) NOT NULL,
       DOC_HDR_ID                    NUMBER(14) NOT NULL,
       ACTN_TKN_PRSN_EN_ID           VARCHAR2(30) NOT NULL,
       ACTN_TKN_DLGTR_PRSN_EN_ID     VARCHAR2(30) NULL,
       ACTN_TKN_DLGTR_WRKGRP_ID 	 NUMBER(14) NULL,
       ACTN_TKN_CD                   CHAR(1) NOT NULL,
       ACTN_TKN_DT                   DATE NOT NULL,
       DOC_VER_NBR                   NUMBER(8) NOT NULL,
       ACTN_TKN_ANNOTN_TXT           VARCHAR2(2000) NULL,
       ACTN_TKN_CUR_IND              NUMBER(1) DEFAULT 1,
       DB_LOCK_VER_NBR               NUMBER(8) DEFAULT 0,
       CONSTRAINT EN_ACTN_TKN_T_PK PRIMARY KEY (ACTN_TKN_ID) 
)
/
CREATE TABLE EN_APPL_CNST_T (
   APPL_CNST_NM          VARCHAR2(100) NOT NULL,
   APPL_CNST_VAL_TXT     VARCHAR2(2000) NULL,
   DB_LOCK_VER_NBR       NUMERIC(8) DEFAULT 0,
   CONSTRAINT EN_APPL_CNST_T_PK PRIMARY KEY (APPL_CNST_NM) 
)
/
CREATE TABLE EN_ATTACHMENT_T (
	ATTACHMENT_ID				   NUMBER(19) NOT NULL,
	NTE_ID	            	   	   NUMBER(19) NOT NULL,
	FILE_NM			               VARCHAR2(255) NOT NULL,
	FILE_LOC					   VARCHAR2(255) NOT NULL,
	MIME_TYP					   VARCHAR2(255) NOT NULL,
	DB_LOCK_VER_NBR	               NUMBER(8) DEFAULT 0,
	CONSTRAINT EN_ATTACHMENT_T_PK PRIMARY KEY (ATTACHMENT_ID)
)
/
CREATE TABLE EN_BAM_PARAM_T (
	BAM_PARAM_ID		NUMBER(14) NOT NULL,
	BAM_ID 				NUMBER(14) NOT NULL,
	PARAM				CLOB NOT NULL,
	CONSTRAINT EN_BAM_PARAM_T_PK PRIMARY KEY (BAM_PARAM_ID)
)
/
CREATE TABLE EN_BAM_T (
	BAM_ID 				NUMBER(14) NOT NULL,
	SERVICE_NM			VARCHAR2(255) NOT NULL,
	SERVICE_URL			VARCHAR2(500) NOT NULL,
	METHOD_NM			VARCHAR(2000) NOT NULL,
	THREAD_NM			VARCHAR(500) NOT NULL,
	CALL_DT				DATE NOT NULL,
	TARGET_TO_STRING	VARCHAR2(2000) NOT NULL,
	SRVR_IND_IND		NUMBER(1) NOT NULL,
	EXCEPTION_TO_STRING	VARCHAR2(2000),
	EXCEPTION_MSG		CLOB,
	CONSTRAINT EN_BAM_T_PK PRIMARY KEY (BAM_ID)
)
/
CREATE TABLE en_cache_server_t (
    ip_address              varchar2(250) not null,
    CONSTRAINT en_cache_server_t_PK PRIMARY KEY (ip_address)
)
/
CREATE TABLE en_dirty_cache_t (
    cache_entry_id number(19) not null,
    cache_name varchar2(2000) not null,
    cache_id varchar2(2000) not null,
    ip_address varchar2(2000) not null,
CONSTRAINT en_dirty_cache_t_PK PRIMARY KEY (cache_entry_id) 
)
/
CREATE TABLE EN_DLGN_RSP_T (
	DLGN_RULE_ID NUMBER(19) NOT NULL,
	RULE_RSP_ID NUMBER(19) NOT NULL,
	DLGN_RULE_BASE_VAL_ID NUMBER(19) NOT NULL,
	DLGN_TYP VARCHAR2(20) NOT NULL,
	DB_LOCK_VER_NBR NUMBER(8) DEFAULT 0,
	CONSTRAINT EN_DLGN_RSP_PK PRIMARY KEY (DLGN_RULE_ID) 
)
/
CREATE TABLE EN_DOC_HDR_CNTNT_T (
	DOC_HDR_ID 			    NUMBER(14) NOT NULL,
	DOC_CNTNT_TXT			CLOB NULL,
	CONSTRAINT EN_DOC_HDR_T_CNTNT_PK PRIMARY KEY (DOC_HDR_ID)
)
/
CREATE TABLE EN_DOC_HDR_EXT_DT_T (
	DOC_HDR_EXT_ID			NUMBER(19) NOT NULL,
	DOC_HDR_ID				NUMBER(14) NOT NULL,
	DOC_HDR_EXT_VAL_KEY		VARCHAR2(256) NOT NULL,
	DOC_HDR_EXT_VAL			DATE NULL,
	CONSTRAINT EN_DOC_HDR_EXT_DT_T_PK PRIMARY KEY (DOC_HDR_EXT_ID) 
) 
/
CREATE TABLE EN_DOC_HDR_EXT_FLT_T (
	DOC_HDR_EXT_ID			NUMBER(19) NOT NULL,
	DOC_HDR_ID				NUMBER(14) NOT NULL,
	DOC_HDR_EXT_VAL_KEY		VARCHAR2(256) NOT NULL,
	DOC_HDR_EXT_VAL			FLOAT NULL,
	CONSTRAINT EN_DOC_HDR_EXT_FLT_T_PK PRIMARY KEY (DOC_HDR_EXT_ID) 
) 
/
CREATE TABLE EN_DOC_HDR_EXT_LONG_T (
	DOC_HDR_EXT_ID			NUMBER(19) NOT NULL,
	DOC_HDR_ID				NUMBER(14) NOT NULL,
	DOC_HDR_EXT_VAL_KEY		VARCHAR2(256) NOT NULL,
	DOC_HDR_EXT_VAL			NUMBER(*,0) NULL,
	CONSTRAINT EN_DOC_HDR_EXT_LONG_T_PK PRIMARY KEY (DOC_HDR_EXT_ID) 
) 
/
CREATE TABLE EN_DOC_HDR_EXT_T (
	DOC_HDR_EXT_ID 	    	NUMBER(19) NOT NULL,
	DOC_HDR_ID 			    NUMBER(14) NOT NULL,
	DOC_HDR_EXT_VAL_KEY		VARCHAR2(256) NOT NULL,
	DOC_HDR_EXT_VAL			VARCHAR2(2000) NULL,
	CONSTRAINT EN_DOC_HDR_EXT_T_PK PRIMARY KEY (DOC_HDR_EXT_ID) 
)
/
CREATE TABLE EN_DOC_HDR_T (
	DOC_HDR_ID 			    NUMBER(14) NOT NULL,
	DOC_TYP_ID			    NUMBER(19) NULL,
	DOC_RTE_STAT_CD			CHAR(1) NOT NULL,
	DOC_RTE_LVL_NBR 		NUMBER(8) NOT NULL,
	DOC_STAT_MDFN_DT		DATE NOT NULL,
	DOC_CRTE_DT			    DATE NOT NULL,
	DOC_APRV_DT			    DATE NULL,
	DOC_FNL_DT			    DATE NULL,
	DOC_RTE_STAT_MDFN_DT	DATE NULL,
	DOC_RTE_LVL_MDFN_DT		DATE NULL,
	DOC_TTL				    VARCHAR2(255) NULL,
	DOC_APPL_DOC_ID			VARCHAR2(20) NULL,
	DOC_VER_NBR			    NUMBER NOT NULL,
	DOC_INITR_PRSN_EN_ID    VARCHAR2(30) NOT NULL,
	DOC_OVRD_IND			NUMBER(1) DEFAULT 0,
	DOC_LOCK_CD				CHAR(1) NULL,
	DB_LOCK_VER_NBR			NUMBER(8) DEFAULT 0,
	DOC_RTE_USR_PRSN_EN_ID  VARCHAR2(30) NULL,
	CONSTRAINT EN_DOC_HDR_T_PK PRIMARY KEY (DOC_HDR_ID) 
)
/
CREATE TABLE EN_DOC_NTE_T (
	DOC_NTE_ID                NUMBER(19) NOT NULL,
	DOC_HDR_ID                NUMBER(14) NOT NULL,
	DOC_NTE_AUTH_PRSN_EN_ID   VARCHAR2(30) NOT NULL,
	DOC_NTE_CRT_DT            DATE NOT NULL,
    DOC_NTE_TXT               VARCHAR2(4000),
	DB_LOCK_VER_NBR	          NUMBER(8) DEFAULT 0,
	CONSTRAINT EN_DOC_NTE_T_PK PRIMARY KEY (DOC_NTE_ID)  
)
/
CREATE TABLE EN_DOC_RTE_TYP_T (
   DOC_RTE_TYP_NM                 VARCHAR2(255) NOT NULL,
   DOC_RTE_TYP_LBL_TXT            VARCHAR2(250),
   DOC_RTE_MOD_NM                 VARCHAR2(250),
   DOC_RTE_TYP_DESC               VARCHAR2(250),
   DOC_RTE_TYP_ACTV_IND           NUMBER(1) DEFAULT 0 NOT NULL,
   DOC_RTE_MOD_JNDI_FTRY_CLS_NM   VARCHAR2(200),
   DOC_RTE_MOD_JNDI_URL_ADDR      VARCHAR2(200),
   DB_LOCK_VER_NBR                NUMBER(8) DEFAULT 0,
   CONSTRAINT EN_DOC_RTE_TYP_TEMP_T_PK PRIMARY KEY (DOC_RTE_TYP_NM) 
)
/
CREATE TABLE EN_DOC_TYP_ATTRIB_T (
   	DOC_TYP_ATTRIB_ID          	NUMBER(19) NOT NULL,
   	DOC_TYP_ID               	NUMBER(19) NOT NULL,
	RULE_ATTRIB_ID				NUMBER(19) NOT NULL,
	CONSTRAINT EN_DOC_TYP_ATTRIB_T_PK PRIMARY KEY (DOC_TYP_ATTRIB_ID) 
)
/
CREATE TABLE EN_DOC_TYP_PLCY_RELN_T (
   	DOC_TYP_ID            NUMBER(19) NOT NULL ENABLE,
	DOC_PLCY_NM           VARCHAR2(255) NOT NULL ENABLE,
	DOC_PLCY_VAL          NUMBER(1) NOT NULL ENABLE,
	DB_LOCK_VER_NBR	      NUMBER(8) DEFAULT 0,
	CONSTRAINT EN_DOC_TYP_PLCY_RELN_T_PK PRIMARY KEY (DOC_TYP_ID, DOC_PLCY_NM) 
)
/
CREATE TABLE EN_DOC_TYP_PROC_T (
	DOC_TYP_PROC_ID				   NUMBER(19) NOT NULL,
	DOC_TYP_ID	            	   NUMBER(19) NOT NULL,
	INIT_RTE_NODE_ID               NUMBER(19) NOT NULL,
	PROC_NM						   VARCHAR2(255) NOT NULL,
	INIT_IND					   NUMBER(1) DEFAULT 0 NOT NULL,
	DB_LOCK_VER_NBR	               NUMBER(8) DEFAULT 0,
	CONSTRAINT EN_DOC_TYP_PROC_T_PK PRIMARY KEY (DOC_TYP_PROC_ID) 
)
/
CREATE TABLE EN_DOC_TYP_RTE_LVL_T (
	DOC_RTE_LVL_ID                 NUMBER(19) NOT NULL ENABLE,
   	DOC_TYP_ID                     NUMBER(19),
	DOC_RTE_LVL_NM                 VARCHAR2(255),
	DOC_RTE_LVL_PRIO_NBR           NUMBER(10),
	DOC_RTE_MTHD_NM                VARCHAR2(255) NOT NULL,
	DOC_FNL_APRVR_IND              NUMBER(1),
	DOC_MNDTRY_RTE_IND             NUMBER(1),
	WRKGRP_ID                      NUMBER(14),
	DOC_RTE_MTHD_CD                VARCHAR2(2),
    DOC_ACTVN_TYP_TXT              VARCHAR2(250),
    DOC_RTE_LVL_IGN_PREV_ACTN_IND  NUMBER(1) DEFAULT 0,
	DB_LOCK_VER_NBR	               NUMBER(8) DEFAULT 0,
	CONSTRAINT EN_DOC_TYP_RTE_LVL_T_PK PRIMARY KEY (DOC_RTE_LVL_ID) 
)
/
CREATE TABLE EN_DOC_TYP_T (
   	DOC_TYP_ID               	  NUMBER(19) NOT NULL ENABLE,
	DOC_TYP_PARNT_ID         	  NUMBER(19),
	DOC_TYP_NM               	  VARCHAR2(255),
	DOC_TYP_VER_NBR          	  NUMBER(10) DEFAULT 0,
	DOC_TYP_ACTV_IND         	  NUMBER(1),
	DOC_TYP_CUR_IND          	  NUMBER(1),
	DOC_TYP_LBL_TXT          	  VARCHAR2(255),
	DOC_TYP_PREV_VER   		 	  NUMBER(19),
	DOC_HDR_ID               	  NUMBER(14),
	DOC_TYP_DESC             	  VARCHAR2(255),
	DOC_TYP_HDLR_URL_ADDR         VARCHAR2(255),
	DOC_TYP_POST_PRCSR_NM         VARCHAR2(255),
	DOC_TYP_JNDI_URL_ADDR         VARCHAR2(255),
    WRKGRP_ID                     NUMBER(14),
    BLNKT_APPR_WRKGRP_ID          NUMBER(14),
    BLNKT_APPR_PLCY               VARCHAR2(10),
	ADV_DOC_SRCH_URL_ADDR         VARCHAR2(255),
    CSTM_ACTN_LIST_ATTRIB_CLS_NM  VARCHAR2(255),
    CSTM_ACTN_EMAIL_ATTRIB_CLS_NM VARCHAR2(255),
    CSTM_DOC_NTE_ATTRIB_CLS_NM    VARCHAR2(255),
    DOC_TYP_RTE_VER_NBR 		  VARCHAR(2) DEFAULT '1' NOT NULL,
    DOC_TYP_NOTIFY_ADDR 		  VARCHAR2(255),
    MESSAGE_ENTITY_NM			  VARCHAR2(10),
    DOC_TYP_EMAIL_XSL             VARCHAR2(255),
    DOC_TYP_SECURITY_XML          CLOB,
	DB_LOCK_VER_NBR	              NUMBER(8) DEFAULT 0,
	CONSTRAINT EN_DOC_TYP_T_PK PRIMARY KEY (DOC_TYP_ID)
)
/
CREATE TABLE EN_EDL_DMP_T (
	DOC_HDR_ID NUMBER(14) NOT NULL,
	DOC_TYP_NM VARCHAR2(255) NOT NULL,
	DOC_RTE_STAT_CD CHAR(1) NOT NULL,
	DOC_MDFN_DT DATE NOT NULL,
	DOC_CRTE_DT DATE NOT NULL,
	DOC_TTL VARCHAR2(255) NULL,
	DOC_INITR_ID VARCHAR2(30) NOT NULL,
	DOC_CRNT_NODE_NM VARCHAR2(30) NOT NULL,
	DB_LOCK_VER_NBR	NUMBER(8) DEFAULT 0,
	CONSTRAINT EN_EDL_DMP_PK PRIMARY KEY (DOC_HDR_ID)
)
/
CREATE TABLE EN_EDL_FIELD_DMP_T (
	EDL_FIELD_DMP_ID NUMBER(14) NOT NULL,
	DOC_HDR_ID NUMBER(14) NOT NULL,
	FLD_NM VARCHAR2(255) NOT NULL,
	FLD_VAL VARCHAR2(4000) NULL,
	DB_LOCK_VER_NBR	NUMBER(8) DEFAULT 0,
	CONSTRAINT EN_EDL_FIELD_DMP_T_PK PRIMARY KEY (EDL_FIELD_DMP_ID)
)
/
create table en_edoclt_assoc_t (
  edoclt_assoc_id number(19) not null,
  edoclt_assoc_doctype_nm varchar(200) not null,
  edoclt_assoc_def_nm varchar(200),   
  edoclt_assoc_style_nm varchar(200),
  edoclt_assoc_actv_ind number(1) not null,
  db_lock_ver_nbr number(8) default 0,
  CONSTRAINT en_edoclt_assoc_t PRIMARY KEY (edoclt_assoc_id)
)
/
create table en_edoclt_def_t (
  edoclt_def_id number(19) not null,
  edoclt_def_nm varchar(200) not null,
  edoclt_def_xml clob not null,
  edoclt_def_actv_ind number(1) not null,
  db_lock_ver_nbr number(8) default 0,
  CONSTRAINT en_edoclt_def_t PRIMARY KEY (edoclt_def_id)
)
/
create table en_edoclt_style_t (
  edoclt_style_id number(19) not null,
  edoclt_style_nm varchar(200) not null,
  edoclt_style_xml clob not null,
  edoclt_style_actv_ind number(1) not null,
  db_lock_ver_nbr number(8) default 0,
  CONSTRAINT en_edoclt_style_t PRIMARY KEY (edoclt_style_id)
)
/
CREATE TABLE EN_HLP_T (
	EN_HLP_ID 			NUMBER(19) NOT NULL,
	EN_HLP_NM     		VARCHAR2(500) NOT NULL,
	EN_HLP_KY			VARCHAR2(500) NOT NULL,
	EN_HLP_TXT       	VARCHAR2(4000) NOT NULL,
	DB_LOCK_VER_NBR	    NUMBER(8) DEFAULT 0,
	CONSTRAINT EN_HLP_T_PK PRIMARY KEY (EN_HLP_ID)  
)
/
CREATE TABLE EN_INIT_RTE_NODE_INSTN_T (
	DOC_HDR_ID	            	   	NUMBER(19) NOT NULL,
	RTE_NODE_INSTN_ID             	NUMBER(19) NOT NULL,
	CONSTRAINT EN_INIT_RTE_NODE_INSTN_T_PK PRIMARY KEY (DOC_HDR_ID, RTE_NODE_INSTN_ID) 
)
/
CREATE TABLE EN_MESSAGE_QUE_T (
   MESSAGE_QUE_ID			  NUMBER(14) NOT NULL,
   MESSAGE_QUE_DT             DATE NOT NULL,
   MESSAGE_EXP_DT			  DATE NULL,
   MESSAGE_QUE_PRIO_NBR       NUMBER(8) NOT NULL,
   MESSAGE_QUE_STAT_CD        CHAR(1) NOT NULL,
   MESSAGE_QUE_RTRY_CNT       NUMBER(8) NOT NULL,
   MESSAGE_QUE_IP_NBR         VARCHAR2(2000) NOT NULL,
   MESSAGE_PAYLOAD 		      CLOB NOT NULL,
   MESSAGE_SERVICE_NM		  VARCHAR2(255),
   MESSAGE_ENTITY_NM 		  VARCHAR2(10) NOT NULL,
   SERVICE_METHOD_NM		  VARCHAR2(2000) NULL,
   DB_LOCK_VER_NBR	          NUMBER(8) DEFAULT 0,
   CONSTRAINT EN_MESSAGE_QUE_T_PK PRIMARY KEY (MESSAGE_QUE_ID) 
)
/
CREATE TABLE EN_MSG_PAYLOAD_T (
	   MESSAGE_QUE_ID			  NUMBER(14) NOT NULL,
	   MESSAGE_PAYLOAD 		      CLOB NOT NULL,
	   CONSTRAINT EN_MSG_PAYLOAD_T PRIMARY KEY (MESSAGE_QUE_ID)
)
/
CREATE TABLE EN_MSG_QUE_T (
   MESSAGE_QUE_ID			  NUMBER(14) NOT NULL,
   MESSAGE_QUE_DT             DATE NOT NULL,
   MESSAGE_EXP_DT			  DATE NULL,
   MESSAGE_QUE_PRIO_NBR       NUMBER(8) NOT NULL,
   MESSAGE_QUE_STAT_CD        CHAR(1) NOT NULL,
   MESSAGE_QUE_RTRY_CNT       NUMBER(8) NOT NULL,
   MESSAGE_QUE_IP_NBR         VARCHAR2(2000) NOT NULL,
   MESSAGE_SERVICE_NM		  VARCHAR2(255),
   MESSAGE_ENTITY_NM 		  VARCHAR2(10) NOT NULL,
   SERVICE_METHOD_NM		  VARCHAR2(2000) NULL,
   VAL_ONE					  VARCHAR2(2000) NULL,
   VAL_TWO					  VARCHAR2(2000) NULL,
   DB_LOCK_VER_NBR	          NUMBER(8) DEFAULT 0,
   CONSTRAINT EN_MSG_QUE_T_PK PRIMARY KEY (MESSAGE_QUE_ID) 
)
/
CREATE TABLE EN_ORG_RESP_ID_T (
   ORG_CD                      VARCHAR2(4) NOT NULL,
   FIN_COA_CD                  VARCHAR2(2) NOT NULL,
   ORG_RESP_ID                 NUMBER(14) NOT NULL,
   ORG_RESP_ID_APRVR_TYP_CD    CHAR(1) NOT NULL,
   DB_LOCK_VER_NBR	           NUMBER(8) DEFAULT 0,
   CONSTRAINT EN_ORG_RESP_ID_T_PK PRIMARY KEY (org_cd, fin_coa_cd, ORG_RESP_ID_APRVR_TYP_CD) 
)
/
CREATE TABLE EN_RMV_RPLC_DOC_T (
	DOC_HDR_ID			NUMBER(14) NOT NULL,
	OPRN				CHAR(1) NOT NULL,
	PRSN_EN_ID			VARCHAR2(30) NOT NULL,
	RPLC_PRSN_EN_ID     VARCHAR2(30) NULL,
	DB_LOCK_VER_NBR		NUMBER(8) DEFAULT 0,
	CONSTRAINT EN_RMV_RPLC_DOC_T_PK PRIMARY KEY (DOC_HDR_ID)
)
/
CREATE TABLE EN_RMV_RPLC_RULE_T (
	DOC_HDR_ID			NUMBER(14) NOT NULL,
	RULE_ID				NUMBER(19) NOT NULL,
	CONSTRAINT EN_RMV_RPLC_RULE_T_PK PRIMARY KEY (DOC_HDR_ID, RULE_ID)
)
/
CREATE TABLE EN_RMV_RPLC_WRKGRP_T (
	DOC_HDR_ID			NUMBER(14) NOT NULL,
	WRKGRP_ID			NUMBER(14) NOT NULL,
	CONSTRAINT EN_RMV_RPLC_WRKGRP_T_PK PRIMARY KEY (DOC_HDR_ID, WRKGRP_ID)
)
/
CREATE TABLE EN_RTE_BRCH_PROTO_T (
    RTE_BRCH_PROTO_ID			   NUMBER(19) NOT NULL,
    RTE_BRCH_PROTO_NM			   VARCHAR2(255) NOT NULL,
	DB_LOCK_VER_NBR	               NUMBER(8) DEFAULT 0,
	CONSTRAINT EN_RTE_BRCH_PROTO_T_PK PRIMARY KEY (RTE_BRCH_PROTO_ID) 
)
/
CREATE TABLE EN_RTE_BRCH_ST_T (
	RTE_BRCH_ST_ID				   NUMBER(19) NOT NULL,
    RTE_BRCH_ID			   		   NUMBER(19) NOT NULL,
	ST_KEY						   VARCHAR2(255) NOT NULL,
	ST_VAL_TXT					   VARCHAR2(2000),
	DB_LOCK_VER_NBR	               NUMBER(8) DEFAULT 0,
	CONSTRAINT EN_RTE_BRCH_ST_T_PK PRIMARY KEY (RTE_BRCH_ST_ID) 
)
/
CREATE TABLE EN_RTE_BRCH_T (
    RTE_BRCH_ID					   NUMBER(19) NOT NULL,
    BRCH_NM						   VARCHAR(255) NOT NULL,
    PARNT_RTE_BRCH_ID			   NUMBER(19),
    INIT_RTE_NODE_INSTN_ID		   NUMBER(19) NULL,
    SPLT_RTE_NODE_INSTN_ID		   NUMBER(19),
    JOIN_RTE_NODE_INSTN_ID		   NUMBER(19),
	DB_LOCK_VER_NBR	               NUMBER(8) DEFAULT 0,
	CONSTRAINT EN_RTE_BRCH_T_PK PRIMARY KEY (RTE_BRCH_ID) 
)
/
CREATE TABLE EN_RTE_NODE_CFG_PARM_T (
    RTE_NODE_CFG_PARM_ID    NUMBER(19) NOT NULL,
    RTE_NODE_CFG_PARM_ND    NUMBER(19) NOT NULL,
    RTE_NODE_CFG_PARM_KEY   VARCHAR2(255) NOT NULL,
    RTE_NODE_CFG_PARM_VAL   VARCHAR2(4000),
    CONSTRAINT EN_RTE_NODE_CFG_PARM_T_PK PRIMARY KEY (RTE_NODE_CFG_PARM_ID) 
)
/
CREATE TABLE EN_RTE_NODE_INSTN_LNK_T (
	FROM_RTE_NODE_INSTN_ID   	   NUMBER(19) NOT NULL,
	TO_RTE_NODE_INSTN_ID    	   NUMBER(19) NOT NULL,
	CONSTRAINT EN_RTE_NODE_INSTN_LNK_T_PK PRIMARY KEY (FROM_RTE_NODE_INSTN_ID, TO_RTE_NODE_INSTN_ID) 
)
/
CREATE TABLE EN_RTE_NODE_INSTN_ST_T (
	RTE_NODE_INSTN_ST_ID		   NUMBER(19) NOT NULL,
    RTE_NODE_INSTN_ID   		   NUMBER(19) NOT NULL,
	ST_KEY						   VARCHAR2(255) NOT NULL,
	ST_VAL_TXT					   VARCHAR2(2000),
	DB_LOCK_VER_NBR	               NUMBER(8) DEFAULT 0,
	CONSTRAINT EN_RTE_NODE_INSTN_ST_T_PK PRIMARY KEY (RTE_NODE_INSTN_ST_ID) 
)
/
CREATE TABLE EN_RTE_NODE_INSTN_T (
	RTE_NODE_INSTN_ID              NUMBER(19) NOT NULL,
	DOC_ID						   NUMBER(19) NOT NULL,
	RTE_NODE_ID                    NUMBER(19) NOT NULL,
	BRCH_ID						   NUMBER(19),
	PROC_RTE_NODE_INSTN_ID		   NUMBER(19),
	ACTV_IND					   NUMBER(1) DEFAULT 0 NOT NULL,
    CMPLT_IND					   NUMBER(1) DEFAULT 0 NOT NULL,
    INIT_IND					   NUMBER(1) DEFAULT 0 NOT NULL,
	DB_LOCK_VER_NBR	               NUMBER(8) DEFAULT 0,
	CONSTRAINT EN_RTE_NODE_INSTN_T_PK PRIMARY KEY (RTE_NODE_INSTN_ID) 
)
/
CREATE TABLE EN_RTE_NODE_LNK_T (
	FROM_RTE_NODE_ID        	   NUMBER(19) NOT NULL,
	TO_RTE_NODE_ID          	   NUMBER(19) NOT NULL,
	CONSTRAINT EN_RTE_NODE_LNK_T_PK PRIMARY KEY (FROM_RTE_NODE_ID, TO_RTE_NODE_ID) 
)
/
CREATE TABLE EN_RTE_NODE_T (
	RTE_NODE_ID                    NUMBER(19) NOT NULL,
	DOC_TYP_ID                     NUMBER(19),
	RTE_NODE_NM                    VARCHAR2(255) NOT NULL,
	RTE_NODE_TYP				   VARCHAR2(255) NOT NULL,
	DOC_RTE_MTHD_NM                VARCHAR2(255),
	DOC_RTE_MTHD_CD                VARCHAR2(2),
	DOC_FNL_APRVR_IND              NUMBER(1),
	DOC_MNDTRY_RTE_IND             NUMBER(1),
	WRKGRP_ID                      NUMBER(14),
    DOC_ACTVN_TYP_TXT              VARCHAR2(250),
    BRCH_PROTO_ID				   NUMBER(19),
	DB_LOCK_VER_NBR	               NUMBER(8) DEFAULT 0,
    CONTENT_FRAGMENT               VARCHAR2(4000),
	CONSTRAINT EN_RTE_NODE_T_PK PRIMARY KEY (RTE_NODE_ID) 
)
/
CREATE TABLE EN_RULE_ATTRIB_KEY_VAL_T (
	RULE_ATTRIB_KEY_VAL_ID NUMBER(19) NOT NULL,
	RULE_ATTRIB_ID NUMBER(19) NOT NULL,
	RULE_ATTRIB_KEY VARCHAR2(2000) NOT NULL,
	DB_LOCK_VER_NBR NUMBER(8) DEFAULT 0,
	CONSTRAINT EN_RULE_ATTRIB_KEY_VAL_T PRIMARY KEY (RULE_ATTRIB_KEY_VAL_ID) 
)
/
CREATE TABLE EN_RULE_ATTRIB_T (
	RULE_ATTRIB_ID NUMBER(19) NOT NULL,
	RULE_ATTRIB_NM VARCHAR2(255) NOT NULL,
	RULE_ATTRIB_LBL_TXT VARCHAR2(2000) NOT NULL,
	RULE_ATTRIB_TYP VARCHAR2(2000) NOT NULL,
	RULE_ATTRIB_DESC VARCHAR2(2000) NULL,
	RULE_ATTRIB_CLS_NM VARCHAR2(2000) NULL,
	RULE_ATTRIB_XML_RTE_TXT CLOB NULL,
	DB_LOCK_VER_NBR	NUMBER(8) DEFAULT 0,
	MESSAGE_ENTITY_NM VARCHAR(10) NULL,
	CONSTRAINT EN_RULE_ATTRIB_PK PRIMARY KEY (RULE_ATTRIB_ID) 
)
/
CREATE TABLE EN_RULE_ATTRIB_VLD_VAL_T (
	RULE_ATTRIB_VLD_VAL_ID NUMBER(19) NOT NULL,
	RULE_ATTRIB_VLD_VAL_NM VARCHAR2(2000) NOT NULL,
	RULE_ATTRIB_VLD_VAL_LBL_TXT VARCHAR2(2000) NOT NULL,
	RULE_ATTRIB_ID NUMBER(19) NOT NULL,
	RULE_ATTRIB_VLD_VAL_CUR_IND NUMBER(1) DEFAULT 0,
    RULE_ATTRIB_VLD_VAL_VER_NBR NUMBER(8) DEFAULT 0,
	DB_LOCK_VER_NBR	NUMBER(8) DEFAULT 0,
	CONSTRAINT EN_RULE_ATTRIB_VLD_VAL_PK PRIMARY KEY (RULE_ATTRIB_VLD_VAL_ID) 
)
/
CREATE TABLE EN_RULE_BASE_VAL_T (
    RULE_BASE_VAL_ID NUMBER(19) NOT NULL,
    RULE_NM VARCHAR2(256) NULL,
    RULE_TMPL_ID NUMBER(19) NULL,
    RULE_EXPR_ID NUMBER(19) NULL,
    RULE_BASE_VAL_ACTV_IND NUMBER(1) NOT NULL,
    RULE_BASE_VAL_DESC VARCHAR2(2000) NULL,
    RULE_BASE_VAL_IGNR_PRVS NUMBER(1) NOT NULL,
    DOC_TYP_NM VARCHAR2(2000) NOT NULL,
    DOC_HDR_ID NUMBER(14) NULL,
    TMPL_RULE_IND NUMBER(1),
    RULE_BASE_VAL_FRM_DT   DATE NOT NULL,
    RULE_BASE_VAL_TO_DT    DATE NOT NULL,
    RULE_BASE_VAL_DACTVN_DT DATE NULL,
    RULE_BASE_VAL_CUR_IND NUMBER(1) DEFAULT 0,
    RULE_BASE_VAL_VER_NBR NUMBER(8) DEFAULT 0,
    RULE_BASE_VAL_DLGN_IND NUMBER(1),
    RULE_BASE_VAL_PREV_VER NUMBER(19),
    RULE_BASE_VAL_ACTVN_DT DATE NULL,
    DB_LOCK_VER_NBR	NUMBER(8) DEFAULT 0,
    CONSTRAINT EN_RULE_BASE_VAL_PK PRIMARY KEY (RULE_BASE_VAL_ID) 
)
/
-- Table for RuleExpressionDef; child of EN_RULE_BASE_VAL_T/RuleBaseValue
CREATE TABLE EN_RULE_EXPR_T (
    RULE_EXPR_ID    NUMBER(19) NOT NULL,
    RULE_EXPR_TYP   VARCHAR(256) NOT NULL,
    RULE_EXPR       VARCHAR2(4000),
    CONSTRAINT EN_RULE_EXPR_T_PK PRIMARY KEY (RULE_EXPR_ID) 
)
/
CREATE TABLE EN_RULE_EXT_T (
	RULE_EXT_ID NUMBER(19) NOT NULL,
	RULE_TMPL_ATTRIB_ID NUMBER(19) NOT NULL,
	RULE_BASE_VAL_ID NUMBER(19) NOT NULL,
	DB_LOCK_VER_NBR	NUMBER(8) DEFAULT 0,
	CONSTRAINT EN_RULE_EXT_PK PRIMARY KEY (RULE_EXT_ID) 
)
/
CREATE TABLE EN_RULE_EXT_VAL_T (
	RULE_EXT_VAL_ID NUMBER(19) NOT NULL,
	RULE_EXT_ID NUMBER(19) NOT NULL,
	RULE_EXT_VAL VARCHAR2(2000) NOT NULL,
	RULE_EXT_VAL_KEY VARCHAR2(2000) NOT NULL,
	DB_LOCK_VER_NBR	NUMBER(8) DEFAULT 0,
	CONSTRAINT EN_RULE_EXT_VAL_PK PRIMARY KEY (RULE_EXT_VAL_ID)  
)
/
CREATE TABLE EN_RULE_RSP_T (
	RULE_RSP_ID NUMBER(19) NOT NULL,
	RSP_ID NUMBER(19) NOT NULL,
	RULE_BASE_VAL_ID NUMBER(19) NOT NULL,
	RULE_RSP_PRIO_NBR NUMBER(5) NULL,
	ACTION_RQST_CD VARCHAR2(2000) NULL,
	RULE_RSP_NM VARCHAR2(200) NULL,
	RULE_RSP_TYP VARCHAR2(1) NULL,
    RULE_RSP_APPR_PLCY CHAR(1) NULL,
	DB_LOCK_VER_NBR	NUMBER(8) DEFAULT 0,
	CONSTRAINT EN_RULE_RSP_PK PRIMARY KEY (RULE_RSP_ID) 
)
/
CREATE TABLE EN_RULE_TMPL_ATTRIB_T (
	RULE_TMPL_ATTRIB_ID NUMBER(19) NOT NULL,
	RULE_TMPL_ID NUMBER(19) NOT NULL,
	RULE_ATTRIB_ID NUMBER(19) NOT NULL,
	REQ_IND NUMBER(1) NOT NULL,
	ACTV_IND NUMBER(1) NOT NULL,
	DSPL_ORD NUMBER(5) NOT NULL,
	DFLT_VAL VARCHAR2(2000),
	DB_LOCK_VER_NBR	NUMBER(8) DEFAULT 0,
	CONSTRAINT EN_RULE_TMPL_ATTRIB_PK PRIMARY KEY (RULE_TMPL_ATTRIB_ID) 
)
/
CREATE TABLE EN_RULE_TMPL_OPTN_T (
	RULE_TMPL_OPTN_ID NUMBER(19) NOT NULL,
	RULE_TMPL_ID NUMBER(19) NULL,
	RULE_TMPL_OPTN_KEY VARCHAR2(250) NULL,
	RULE_TMPL_OPTN_VAL VARCHAR2(2000) NULL,
	DB_LOCK_VER_NBR	NUMBER(8) DEFAULT 0,
	CONSTRAINT EN_RULE_TMPL_OPTN_T_PK PRIMARY KEY (RULE_TMPL_OPTN_ID) 
)
/
CREATE TABLE EN_RULE_TMPL_T (
	RULE_TMPL_ID NUMBER(19) NOT NULL,
	RULE_TMPL_NM VARCHAR2(250) NOT NULL,
	RULE_TMPL_DESC VARCHAR2(2000) NULL,
	DLGN_RULE_TMPL_ID NUMBER(19) NULL,
	DB_LOCK_VER_NBR	NUMBER(8) DEFAULT 0,
	CONSTRAINT EN_RULE_TMPL_T_PK PRIMARY KEY (RULE_TMPL_ID) 
)
/
CREATE TABLE EN_SERVICE_DEF_DUEX_T (
	SERVICE_DEF_ID			   	   NUMBER(14) NOT NULL,
	SERVICE_NM				   	   VARCHAR2(255) NOT NULL,
    SERVICE_URL	            	   VARCHAR2(500) NOT NULL,
	SERVER_IP					   VARCHAR2(40) NOT NULL,
	MESSAGE_ENTITY_NM 		  	   VARCHAR2(10) NOT NULL,
	SERVICE_ALIVE				   NUMBER(1) NOT NULL,
	SERVICE_DEFINITION 		       CLOB NOT NULL,
	DB_LOCK_VER_NBR	               NUMBER(8) DEFAULT 0,
	CONSTRAINT EN_SERVICE_DEF_DUEX_T_PK PRIMARY KEY (SERVICE_DEF_ID)
)
/
CREATE TABLE EN_SERVICE_DEF_INTER_T (
	SERVICE_DEF_INTER_ID		NUMBER(14) NOT NULL,
	SERVICE_DEF_ID			   	   NUMBER(14) NOT NULL,
	SERVICE_INTERFACE 			VARCHAR2(500) NOT NULL,
	DB_LOC_VER_NBR			    NUMBER(8) DEFAULT 0,
	CONSTRAINT EN_SERVICE_DEF_INTER_T_PK PRIMARY KEY (SERVICE_DEF_INTER_ID)
)
/
CREATE TABLE EN_SERVICE_DEF_T (
	SERVICE_DEF_ID			   	   NUMBER(14) NOT NULL,
	SERVICE_NM				   	   VARCHAR2(255) NOT NULL,
    SERVICE_URL	            	   VARCHAR2(500) NOT NULL,
    EXCEPTION_HANDLER			   VARCHAR2(500) NULL,
	ASYNC_QUEUE_IND				   NUMBER(1) NULL,
	PRIORITY					   NUMBER(8) NULL,
	RTRY_CNT					   NUMBER(8) NULL,
	MILLIS_TO_LIVE				   NUMBER(14) NULL,
	MESSAGE_ENTITY_NM 		  	   VARCHAR2(10) NOT NULL,
	SERVER_IP					   VARCHAR2(40) NOT NULL,
	SERVICE_ALIVE				   NUMBER(1) NOT NULL,
	DB_LOCK_VER_NBR	               NUMBER(8) DEFAULT 0,
	CONSTRAINT EN_SERVICE_DEF_T_PK PRIMARY KEY (SERVICE_DEF_ID)
)
/
CREATE TABLE EN_TRANSACTION_TST_ADDRS_T (
	ADDRS_ID NUMBER(19) NOT NULL,
	STREET VARCHAR2(2000),
	CITY VARCHAR2(2000),
	STATE VARCHAR2(2),
	ZIP NUMBER(8),
	DB_LOCK_VER_NBR	NUMBER(8) DEFAULT 0,
	CONSTRAINT EN_TRANSACTION_TST_ADDRS_T_PK PRIMARY KEY (ADDRS_ID)  
)
/
CREATE TABLE EN_TRANSACTION_TST_PRSN_T (
	PRSN_ID NUMBER(19) NOT NULL,
	FRST_NM VARCHAR2(2000) NOT NULL,
	LST_NM VARCHAR2(2000) NOT NULL,
	EMAIL VARCHAR2(2000),
	DB_LOCK_VER_NBR	NUMBER(8) DEFAULT 0,
	CONSTRAINT EN_TRANSACTION_TST_PRSN_T_PK PRIMARY KEY (PRSN_ID)  
)
/
CREATE TABLE EN_USR_OPTN_T (
   PRSN_EN_ID       VARCHAR2(30) NULL,
   PRSN_OPTN_ID     VARCHAR2(200) NOT NULL,
   PRSN_OPTN_VAL    VARCHAR2(2000) NULL,
   DB_LOCK_VER_NBR  NUMBER(8) DEFAULT 0,
   CONSTRAINT EN_USR_OPTN_T_PK PRIMARY KEY (PRSN_EN_ID, PRSN_OPTN_ID) 
)
/
create table EN_USR_T (
	    PRSN_EN_ID                       VARCHAR2(30) NOT NULL,
	    PRSN_UNIV_ID                     VARCHAR2(11) NOT NULL,
        PRSN_NTWRK_ID                    VARCHAR2(30),
        PRSN_UNVL_USR_ID                 VARCHAR2(10),
        PRSN_EMAIL_ADDR                  VARCHAR2(255),
        PRSN_NM                          VARCHAR2(255),
        PRSN_GVN_NM						 VARCHAR2(255),
        PRSN_LST_NM                      VARCHAR2(255),
        USR_CRTE_DT                      DATE,
        USR_LST_UPDT_DT                  DATE,
        PRSN_ID_MSNG_IND                 NUMBER(1) DEFAULT 0,
	    DB_LOCK_VER_NBR	                 NUMBER(8) DEFAULT 0,
  CONSTRAINT EN_USR_T_PK PRIMARY KEY (PRSN_EN_ID) 
)
/
CREATE TABLE EN_WRKGRP_EXT_DTA_T (
    WRKGRP_EXT_DTA_ID   NUMBER(19) NOT NULL,
    WRKGRP_EXT_ID       NUMBER(19) NOT NULL,
    EXT_KEY             VARCHAR2(2000) NOT NULL,
	EXT_VAL             VARCHAR2(2000),
	DB_LOCK_VER_NBR     NUMBER(8) DEFAULT 0,
	CONSTRAINT EN_WRKGRP_EXT_DTA_T_PK PRIMARY KEY (WRKGRP_EXT_DTA_ID)
)
/
CREATE TABLE EN_WRKGRP_EXT_T (
    WRKGRP_EXT_ID        NUMBER(19) NOT NULL,
    WRKGRP_ID            NUMBER(19) NOT NULL,
    WRKGRP_VER_NBR       NUMBER(8) NOT NULL,
    WRKGRP_TYP_ATTRIB_ID NUMBER(19) NOT NULL,
    DB_LOCK_VER_NBR      NUMBER(8) DEFAULT 0,
    CONSTRAINT EN_WRKGRP_EXT_T_PK PRIMARY KEY (WRKGRP_EXT_ID)
)
/
CREATE TABLE EN_WRKGRP_MBR_T (
    WRKGRP_MBR_PRSN_EN_ID     VARCHAR2(30) NOT NULL,
    WRKGRP_ID                 NUMBER(14) NOT NULL,
    WRKGRP_MBR_TYP			  CHAR(1) NOT NULL,
    WRKGRP_VER_NBR            NUMBER(8) DEFAULT 0,
    DB_LOCK_VER_NBR           NUMBER(8) DEFAULT 0,
    CONSTRAINT EN_WRKGRP_MBR_T_PK PRIMARY KEY (WRKGRP_MBR_PRSN_EN_ID, WRKGRP_ID, WRKGRP_VER_NBR) 
)
/
CREATE TABLE EN_WRKGRP_T (
   WRKGRP_ID            NUMBER(14) NOT NULL,
   WRKGRP_VER_NBR       NUMBER(8) DEFAULT 0,
   WRKGRP_NM            VARCHAR2(70) NOT NULL,
   WRKGRP_ACTV_IND      NUMBER(1) NOT NULL,
   WRKGRP_TYP_CD        VARCHAR2(255) NULL,
   WRKGRP_DESC          VARCHAR2(2000) NULL,
   WRKGRP_CUR_IND       NUMBER(1) DEFAULT 0,
   DOC_HDR_ID           NUMBER(14) NULL,
   DB_LOCK_VER_NBR      NUMBER(8) DEFAULT 0,
   CONSTRAINT EN_WRKGRP_T_PK PRIMARY KEY (WRKGRP_ID, WRKGRP_VER_NBR) 
)
/
CREATE TABLE EN_WRKGRP_TYP_ATTRIB_T (
	WRKGRP_TYP_ATTRIB_ID NUMBER(19) NOT NULL,
	WRKGRP_TYP_ID NUMBER(19) NOT NULL,
	ATTRIB_ID NUMBER(19) NOT NULL,
	ACTV_IND NUMBER(1) DEFAULT 1,
	ORD_INDX NUMBER(4) DEFAULT 0,
	DB_LOCK_VER_NBR	NUMBER(8) DEFAULT 0,
	CONSTRAINT EN_WRKGRP_TYP_ATTRIB_PK PRIMARY KEY (WRKGRP_TYP_ATTRIB_ID)
)
/
CREATE TABLE EN_WRKGRP_TYP_T (
	WRKGRP_TYP_ID NUMBER(19) NOT NULL,
	WRKGRP_TYP_NM VARCHAR2(250) NOT NULL,
	WRKGRP_TYP_LBL VARCHAR2(2000) NOT NULL,
	WRKGRP_TYP_DESC VARCHAR2(2000) NULL,
	DOC_TYP_NM VARCHAR2(255) NULL,
	ACTV_IND NUMBER(1) DEFAULT 1,
	DB_LOCK_VER_NBR	NUMBER(8) DEFAULT 0,
	CONSTRAINT EN_WRKGRP_TYP_T_PK PRIMARY KEY (WRKGRP_TYP_ID)
)
/
CREATE INDEX EN_ACTN_ITM_T1
 ON EN_ACTN_ITM_T (ACTN_ITM_PRSN_EN_ID)
/
CREATE INDEX EN_ACTN_ITM_TI2
 ON EN_ACTN_ITM_T (DOC_HDR_ID)
/
CREATE INDEX EN_ACTN_ITM_TI3
 ON EN_ACTN_ITM_T (ACTN_RQST_ID)
/
CREATE INDEX EN_ACTN_ITM_TI4
	ON EN_ACTN_ITM_T (ACTN_ITM_DLGN_PRSN_EN_ID, ACTN_ITM_DLGN_WRKGRP_ID, ACTN_ITM_PRSN_EN_ID, DLGN_TYP)
/
CREATE INDEX EN_ACTN_RQST_TI1
 ON EN_ACTN_RQST_T (DOC_HDR_ID)
/
CREATE INDEX EN_ACTN_RQST_TI2
 ON EN_ACTN_RQST_T (ACTN_RQST_PRSN_EN_ID)
/
CREATE INDEX EN_ACTN_RQST_T13
 ON EN_ACTN_RQST_T (ACTN_TKN_ID)
/
CREATE INDEX EN_ACTN_RQST_T14
 ON EN_ACTN_RQST_T (ACTN_RQST_PARNT_ID)
/
CREATE INDEX EN_ACTN_RQST_TI5
 ON EN_ACTN_RQST_T (ACTN_RQST_RESP_ID)
/
CREATE INDEX EN_ACTN_RQST_TI6
 ON EN_ACTN_RQST_T (ACTN_RQST_STAT_CD, ACTN_RQST_RESP_ID)
/
CREATE INDEX EN_ACTN_RQST_TI7
 ON EN_ACTN_RQST_T (ACTN_RQST_RTE_NODE_INSTN_ID)
/
CREATE INDEX EN_ACTN_RQST_TI8
 ON EN_ACTN_RQST_T (WRKGRP_ID)
/
CREATE INDEX EN_ACTN_RQST_TI9 
 ON EN_ACTN_RQST_T (ACTN_RQST_STAT_CD, DOC_HDR_ID)
/
CREATE INDEX EN_ACTN_TKN_TI1
 ON EN_ACTN_TKN_T (DOC_HDR_ID, ACTN_TKN_PRSN_EN_ID)
/
CREATE INDEX EN_ACTN_TKN_TI2
 ON EN_ACTN_TKN_T (DOC_HDR_ID, ACTN_TKN_PRSN_EN_ID, ACTN_TKN_CD)
/
CREATE INDEX EN_ACTN_TKN_TI3
 ON EN_ACTN_TKN_T (ACTN_TKN_PRSN_EN_ID)
/
CREATE INDEX EN_ACTN_TKN_TI4
 ON EN_ACTN_TKN_T (ACTN_TKN_DLGTR_PRSN_EN_ID)
/
CREATE INDEX EN_ACTN_TKN_TI5
 ON EN_ACTN_TKN_T (DOC_HDR_ID)
/
CREATE INDEX EN_BAM_PARAM_TI1 ON EN_BAM_PARAM_T (BAM_ID)
/
CREATE INDEX EN_BAM_TI1 ON EN_BAM_T (SERVICE_NM, METHOD_NM)
/
CREATE INDEX EN_BAM_TI2 ON EN_BAM_T (SERVICE_NM)
/
CREATE INDEX EN_DOC_HDR_EXT_DT_TI1 ON EN_DOC_HDR_EXT_DT_T (DOC_HDR_EXT_VAL_KEY, DOC_HDR_EXT_VAL)
/
CREATE INDEX EN_DOC_HDR_EXT_DT_TI2 ON EN_DOC_HDR_EXT_DT_T (DOC_HDR_ID)
/
CREATE INDEX EN_DOC_HDR_EXT_DT_TI3 ON EN_DOC_HDR_EXT_DT_T (DOC_HDR_EXT_VAL)
/
CREATE INDEX EN_DOC_HDR_EXT_FLT_TI1 ON EN_DOC_HDR_EXT_FLT_T (DOC_HDR_EXT_VAL_KEY, DOC_HDR_EXT_VAL)
/
CREATE INDEX EN_DOC_HDR_EXT_FLT_TI2 ON EN_DOC_HDR_EXT_FLT_T (DOC_HDR_ID)
/
CREATE INDEX EN_DOC_HDR_EXT_FLT_TI3 ON EN_DOC_HDR_EXT_FLT_T (DOC_HDR_EXT_VAL)
/
CREATE INDEX EN_DOC_HDR_EXT_LONG_TI1 ON EN_DOC_HDR_EXT_LONG_T (DOC_HDR_EXT_VAL_KEY, DOC_HDR_EXT_VAL)
/  
CREATE INDEX EN_DOC_HDR_EXT_LONG_TI2 ON EN_DOC_HDR_EXT_LONG_T (DOC_HDR_ID)
/
CREATE INDEX EN_DOC_HDR_EXT_LONG_TI3 ON EN_DOC_HDR_EXT_LONG_T (DOC_HDR_EXT_VAL)
/
CREATE INDEX EN_DOC_HDR_EXT_TI1 ON EN_DOC_HDR_EXT_T (DOC_HDR_EXT_VAL_KEY, DOC_HDR_EXT_VAL)
/
CREATE INDEX EN_DOC_HDR_EXT_TI2 ON EN_DOC_HDR_EXT_T (DOC_HDR_ID)
/
CREATE INDEX EN_DOC_HDR_EXT_TI3 ON EN_DOC_HDR_EXT_T (DOC_HDR_EXT_VAL)
/

CREATE INDEX EN_DOC_HDR_EXT_TI4 ON EN_DOC_HDR_EXT_T (DOC_HDR_EXT_VAL_KEY, UPPER(DOC_HDR_EXT_VAL))
/
CREATE INDEX EN_DOC_HDR_TI1
 ON EN_DOC_HDR_T (DOC_TYP_ID)
/
CREATE INDEX EN_DOC_HDR_TI2
 ON EN_DOC_HDR_T (DOC_INITR_PRSN_EN_ID)
/
CREATE INDEX EN_DOC_HDR_TI3
 ON EN_DOC_HDR_T (DOC_RTE_STAT_CD)
/
CREATE INDEX EN_DOC_HDR_TI4
 ON EN_DOC_HDR_T (DOC_TTL)
/
CREATE INDEX EN_DOC_HDR_TI5
 ON EN_DOC_HDR_T (DOC_CRTE_DT)
/
CREATE INDEX EN_DOC_HDR_TI6
 ON EN_DOC_HDR_T (DOC_RTE_STAT_MDFN_DT)
/
CREATE INDEX EN_DOC_HDR_TI7
 ON EN_DOC_HDR_T (DOC_APRV_DT)
/
CREATE INDEX EN_DOC_HDR_TI8
 ON EN_DOC_HDR_T (DOC_FNL_DT)
/
CREATE INDEX EN_DOC_HDR_TI9
 ON EN_DOC_HDR_T (DOC_APPL_DOC_ID)
 /
 
CREATE INDEX EN_DOC_NTE_TI1
 ON EN_DOC_NTE_T (DOC_HDR_ID)
/
CREATE INDEX EN_DOC_TYP_ATTRIB_TI1 ON EN_DOC_TYP_ATTRIB_T (DOC_TYP_ID)
/
CREATE INDEX EN_DOC_TYP_PROC_TI1 ON EN_DOC_TYP_PROC_T (DOC_TYP_ID)
/
CREATE INDEX EN_DOC_TYP_PROC_TI2 ON EN_DOC_TYP_PROC_T (INIT_RTE_NODE_ID)
/
CREATE INDEX EN_DOC_TYP_PROC_TI3 ON EN_DOC_TYP_PROC_T (PROC_NM)
/
CREATE INDEX EN_DOC_TYP_RTE_LVL_TI1
      ON EN_DOC_TYP_RTE_LVL_T (DOC_TYP_ID)
/
CREATE UNIQUE INDEX EN_DOC_TYP_TI1
      ON EN_DOC_TYP_T (DOC_TYP_NM, DOC_TYP_VER_NBR)
/
CREATE INDEX EN_DOC_TYP_TI2
      ON EN_DOC_TYP_T (DOC_TYP_PARNT_ID)
/
CREATE INDEX EN_DOC_TYP_TI3
      ON EN_DOC_TYP_T (DOC_TYP_ID, DOC_TYP_PARNT_ID)
/
CREATE INDEX EN_DOC_TYP_TI4
      ON EN_DOC_TYP_T (DOC_TYP_PREV_VER)
/
CREATE INDEX EN_DOC_TYP_TI5
      ON EN_DOC_TYP_T (DOC_TYP_CUR_IND)
/
CREATE INDEX EN_HLP_TI1
 ON EN_HLP_T (EN_HLP_KY)
/
CREATE INDEX EN_INIT_RTE_NODE_INSTN_TI1 on EN_INIT_RTE_NODE_INSTN_T(DOC_HDR_ID)
/
CREATE INDEX EN_INIT_RTE_NODE_INSTN_TI2 on EN_INIT_RTE_NODE_INSTN_T(RTE_NODE_INSTN_ID)
/
CREATE INDEX EN_MESSAGE_QUE_TI1 ON EN_MESSAGE_QUE_T (MESSAGE_SERVICE_NM, SERVICE_METHOD_NM)
/
CREATE INDEX EN_MESSAGE_QUE_TI2 ON EN_MESSAGE_QUE_T (MESSAGE_ENTITY_NM, MESSAGE_QUE_STAT_CD, MESSAGE_QUE_IP_NBR, MESSAGE_QUE_DT)
/
CREATE INDEX EN_MSG_QUE_TI1 ON EN_MSG_QUE_T (MESSAGE_SERVICE_NM, SERVICE_METHOD_NM)
/
CREATE INDEX EN_MSG_QUE_TI2 ON EN_MSG_QUE_T (MESSAGE_ENTITY_NM, MESSAGE_QUE_STAT_CD, MESSAGE_QUE_IP_NBR, MESSAGE_QUE_DT)
/
CREATE INDEX EN_RTE_BRCH_PROTO_TI1 ON EN_RTE_BRCH_PROTO_T (RTE_BRCH_PROTO_NM)
/
CREATE INDEX EN_RTE_BRCH_ST_TI1 ON EN_RTE_BRCH_ST_T (RTE_BRCH_ID, ST_KEY)
/
CREATE INDEX EN_RTE_BRCH_ST_TI2 ON EN_RTE_BRCH_ST_T (RTE_BRCH_ID)
/
CREATE INDEX EN_RTE_BRCH_ST_TI3 ON EN_RTE_BRCH_ST_T (ST_KEY, ST_VAL_TXT)
/
CREATE INDEX EN_RTE_BRCH_TI1 ON EN_RTE_BRCH_T (BRCH_NM)
/
CREATE INDEX EN_RTE_BRCH_TI2 ON EN_RTE_BRCH_T (PARNT_RTE_BRCH_ID)
/
CREATE INDEX EN_RTE_BRCH_TI3 ON EN_RTE_BRCH_T (INIT_RTE_NODE_INSTN_ID)
/
CREATE INDEX EN_RTE_BRCH_TI4 ON EN_RTE_BRCH_T (SPLT_RTE_NODE_INSTN_ID)
/
CREATE INDEX EN_RTE_BRCH_TI5 ON EN_RTE_BRCH_T (JOIN_RTE_NODE_INSTN_ID)
/
CREATE INDEX EN_RTE_NODE_INSTN_LNK_TI1 ON EN_RTE_NODE_INSTN_LNK_T (FROM_RTE_NODE_INSTN_ID)
/
CREATE INDEX EN_RTE_NODE_INSTN_LNK_TI2 ON EN_RTE_NODE_INSTN_LNK_T (TO_RTE_NODE_INSTN_ID)
/
CREATE INDEX EN_RTE_NODE_INSTN_ST_TI1 ON EN_RTE_NODE_INSTN_ST_T (RTE_NODE_INSTN_ID, ST_KEY)
/
CREATE INDEX EN_RTE_NODE_INSTN_ST_TI2 ON EN_RTE_NODE_INSTN_ST_T (RTE_NODE_INSTN_ID)
/
CREATE INDEX EN_RTE_NODE_INSTN_ST_TI3 ON EN_RTE_NODE_INSTN_ST_T (ST_KEY, ST_VAL_TXT)
/
CREATE INDEX EN_RTE_NODE_INSTN_TI1 ON EN_RTE_NODE_INSTN_T (DOC_ID, ACTV_IND, CMPLT_IND)
/
CREATE INDEX EN_RTE_NODE_INSTN_TI2 ON EN_RTE_NODE_INSTN_T (RTE_NODE_ID)
/
CREATE INDEX EN_RTE_NODE_INSTN_TI3 ON EN_RTE_NODE_INSTN_T (BRCH_ID)
/
CREATE INDEX EN_RTE_NODE_INSTN_TI4 ON EN_RTE_NODE_INSTN_T (PROC_RTE_NODE_INSTN_ID)
/
CREATE INDEX EN_RTE_NODE_LNK_TI1 ON EN_RTE_NODE_LNK_T (FROM_RTE_NODE_ID)
/
CREATE INDEX EN_RTE_NODE_LNK_TI2 ON EN_RTE_NODE_LNK_T (TO_RTE_NODE_ID)
/
CREATE INDEX EN_RTE_NODE_TI1 ON EN_RTE_NODE_T (RTE_NODE_NM, DOC_TYP_ID)
/
CREATE INDEX EN_RTE_NODE_TI2 ON EN_RTE_NODE_T (DOC_TYP_ID, DOC_FNL_APRVR_IND)
/
CREATE INDEX EN_RTE_NODE_TI3 ON EN_RTE_NODE_T (BRCH_PROTO_ID)
/
CREATE INDEX EN_RTE_NODE_TI4 ON EN_RTE_NODE_T (DOC_TYP_ID)
/
CREATE INDEX EN_RULE_EXT_T1
 ON EN_RULE_EXT_T (RULE_BASE_VAL_ID)
/
CREATE INDEX EN_RULE_EXT_VAL_T1
 ON EN_RULE_EXT_VAL_T (RULE_EXT_ID)
/
CREATE INDEX EN_RULE_EXT_VAL_T2 ON EN_RULE_EXT_VAL_T (RULE_EXT_VAL_ID, RULE_EXT_VAL_KEY)
/
CREATE INDEX EN_RULE_RSP_TI1 ON EN_RULE_RSP_T (RULE_BASE_VAL_ID)
/
CREATE INDEX EN_RULE_TMPL_ATTRIB_TI1 ON EN_RULE_TMPL_ATTRIB_T (RULE_TMPL_ID)
/
CREATE INDEX EN_RULE_TMPL_ATTRIB_TI2 ON EN_RULE_TMPL_ATTRIB_T (RULE_ATTRIB_ID)
/
CREATE UNIQUE INDEX EN_RULE_TMPL_TI1 ON EN_RULE_TMPL_T (RULE_TMPL_NM)
/
CREATE INDEX EN_SERVICE_DEF_DUEX_TI1 ON EN_SERVICE_DEF_DUEX_T (SERVER_IP, MESSAGE_ENTITY_NM)
/
CREATE INDEX EN_SERVICE_DEF_INTER_TI1 ON EN_SERVICE_DEF_INTER_T (SERVICE_DEF_ID)
/
CREATE INDEX EN_SERVICE_DEF_TI1 ON EN_SERVICE_DEF_T (SERVER_IP, MESSAGE_ENTITY_NM)
/
CREATE INDEX EN_USR_OPTN_TI1
 ON EN_USR_OPTN_T(PRSN_EN_ID)
/
CREATE UNIQUE INDEX EN_USR_TI1
 ON EN_USR_T (PRSN_UNIV_ID)
/
CREATE UNIQUE INDEX EN_USR_TI2
 ON EN_USR_T (PRSN_NTWRK_ID)
/
CREATE UNIQUE INDEX EN_USR_TI3
 ON EN_USR_T (PRSN_UNVL_USR_ID)
 /
 
CREATE INDEX EN_WRKGRP_MBR_TI1
 ON EN_WRKGRP_MBR_T(WRKGRP_MBR_PRSN_EN_ID)
/
CREATE INDEX EN_WRKGRP_TI1
 ON EN_WRKGRP_T (WRKGRP_NM)
/
CREATE UNIQUE INDEX EN_WRKGRP_TYP_TI1 ON EN_WRKGRP_TYP_T (WRKGRP_TYP_NM)
/
ALTER TABLE EN_RTE_NODE_CFG_PARM_T ADD CONSTRAINT EN_RTE_NODE_CFG_PARM_TR1
FOREIGN KEY (RTE_NODE_CFG_PARM_ND)
REFERENCES EN_RTE_NODE_T (RTE_NODE_ID)
/
ALTER TABLE EN_RULE_BASE_VAL_T ADD CONSTRAINT EN_RULE_BASE_VAL_TR1
FOREIGN KEY (RULE_EXPR_ID)
REFERENCES EN_RULE_EXPR_T (RULE_EXPR_ID)
/
ALTER TABLE EN_WRKGRP_EXT_DTA_T ADD CONSTRAINT EN_WRKGRP_EXT_DTA_TR1
FOREIGN KEY (WRKGRP_EXT_ID)
REFERENCES EN_WRKGRP_EXT_T (WRKGRP_EXT_ID)
/
ALTER TABLE EN_WRKGRP_EXT_T ADD CONSTRAINT EN_WRKGRP_EXT_TR1
FOREIGN KEY (WRKGRP_ID, WRKGRP_VER_NBR)
REFERENCES EN_WRKGRP_T (WRKGRP_ID, WRKGRP_VER_NBR)
/

ALTER TABLE EN_WRKGRP_EXT_T ADD CONSTRAINT EN_WRKGRP_EXT_TR2
FOREIGN KEY (WRKGRP_TYP_ATTRIB_ID)
REFERENCES EN_WRKGRP_TYP_ATTRIB_T (WRKGRP_TYP_ATTRIB_ID)
/
ALTER TABLE EN_WRKGRP_TYP_ATTRIB_T ADD CONSTRAINT EN_WRKGRP_TYP_ATTRIB_TR1
FOREIGN KEY (WRKGRP_TYP_ID)
REFERENCES EN_WRKGRP_TYP_T (WRKGRP_TYP_ID)
/

ALTER TABLE EN_WRKGRP_TYP_ATTRIB_T ADD CONSTRAINT EN_WRKGRP_TYP_ATTRIB_TR2
FOREIGN KEY (ATTRIB_ID)
REFERENCES EN_RULE_ATTRIB_T (RULE_ATTRIB_ID)
/
CREATE TABLE KR_QRTZ_BLOB_TRIGGERS (
    TRIGGER_NAME VARCHAR2(80) NOT NULL,
    TRIGGER_GROUP VARCHAR2(80) NOT NULL,
    BLOB_DATA BLOB NULL,
    PRIMARY KEY (TRIGGER_NAME,TRIGGER_GROUP)
)
/
CREATE TABLE KR_QRTZ_CALENDARS (
    CALENDAR_NAME  VARCHAR2(80) NOT NULL,
    CALENDAR BLOB NOT NULL,
    PRIMARY KEY (CALENDAR_NAME)
)
/
CREATE TABLE KR_QRTZ_CRON_TRIGGERS (
    TRIGGER_NAME VARCHAR2(80) NOT NULL,
    TRIGGER_GROUP VARCHAR2(80) NOT NULL,
    CRON_EXPRESSION VARCHAR2(80) NOT NULL,
    TIME_ZONE_ID VARCHAR2(80),
    PRIMARY KEY (TRIGGER_NAME,TRIGGER_GROUP)
)
/
CREATE TABLE KR_QRTZ_FIRED_TRIGGERS (
    ENTRY_ID VARCHAR2(95) NOT NULL,
    TRIGGER_NAME VARCHAR2(80) NOT NULL,
    TRIGGER_GROUP VARCHAR2(80) NOT NULL,
    IS_VOLATILE VARCHAR2(1) NOT NULL,
    INSTANCE_NAME VARCHAR2(80) NOT NULL,
    FIRED_TIME NUMBER(13) NOT NULL,
    PRIORITY NUMBER(13) NOT NULL,
    STATE VARCHAR2(16) NOT NULL,
    JOB_NAME VARCHAR2(80) NULL,
    JOB_GROUP VARCHAR2(80) NULL,
    IS_STATEFUL VARCHAR2(1) NULL,
    REQUESTS_RECOVERY VARCHAR2(1) NULL,
    PRIMARY KEY (ENTRY_ID)
)
/
CREATE TABLE KR_QRTZ_JOB_DETAILS (
    JOB_NAME  VARCHAR2(80) NOT NULL,
    JOB_GROUP VARCHAR2(80) NOT NULL,
    DESCRIPTION VARCHAR2(120) NULL,
    JOB_CLASS_NAME   VARCHAR2(128) NOT NULL,
    IS_DURABLE VARCHAR2(1) NOT NULL,
    IS_VOLATILE VARCHAR2(1) NOT NULL,
    IS_STATEFUL VARCHAR2(1) NOT NULL,
    REQUESTS_RECOVERY VARCHAR2(1) NOT NULL,
    JOB_DATA BLOB NULL,
    PRIMARY KEY (JOB_NAME,JOB_GROUP)
)
/
CREATE TABLE KR_QRTZ_JOB_LISTENERS (
    JOB_NAME  VARCHAR2(80) NOT NULL,
    JOB_GROUP VARCHAR2(80) NOT NULL,
    JOB_LISTENER VARCHAR2(80) NOT NULL,
    PRIMARY KEY (JOB_NAME,JOB_GROUP,JOB_LISTENER)
)
/
CREATE TABLE KR_QRTZ_LOCKS (
    LOCK_NAME  VARCHAR2(40) NOT NULL,
    PRIMARY KEY (LOCK_NAME)
)
/
CREATE TABLE KR_QRTZ_PAUSED_TRIGGERS_GRPS (
    TRIGGER_GROUP  VARCHAR2(80) NOT NULL,
    PRIMARY KEY (TRIGGER_GROUP)
)
/
CREATE TABLE KR_QRTZ_SCHEDULER_STATE (
    INSTANCE_NAME VARCHAR2(80) NOT NULL,
    LAST_CHECKIN_TIME NUMBER(13) NOT NULL,
    CHECKIN_INTERVAL NUMBER(13) NOT NULL,
    PRIMARY KEY (INSTANCE_NAME)
)
/
CREATE TABLE KR_QRTZ_SIMPLE_TRIGGERS (
    TRIGGER_NAME VARCHAR2(80) NOT NULL,
    TRIGGER_GROUP VARCHAR2(80) NOT NULL,
    REPEAT_COUNT NUMBER(7) NOT NULL,
    REPEAT_INTERVAL NUMBER(12) NOT NULL,
    TIMES_TRIGGERED NUMBER(7) NOT NULL,
    PRIMARY KEY (TRIGGER_NAME,TRIGGER_GROUP)
)
/
CREATE TABLE KR_QRTZ_TRIGGERS (
    TRIGGER_NAME VARCHAR2(80) NOT NULL,
    TRIGGER_GROUP VARCHAR2(80) NOT NULL,
    JOB_NAME  VARCHAR2(80) NOT NULL,
    JOB_GROUP VARCHAR2(80) NOT NULL,
    IS_VOLATILE VARCHAR2(1) NOT NULL,
    DESCRIPTION VARCHAR2(120) NULL,
    NEXT_FIRE_TIME NUMBER(13) NULL,
    PREV_FIRE_TIME NUMBER(13) NULL,
    PRIORITY NUMBER(13) NULL,
    TRIGGER_STATE VARCHAR2(16) NOT NULL,
    TRIGGER_TYPE VARCHAR2(8) NOT NULL,
    START_TIME NUMBER(13) NOT NULL,
    END_TIME NUMBER(13) NULL,
    CALENDAR_NAME VARCHAR2(80) NULL,
    MISFIRE_INSTR NUMBER(2) NULL,
    JOB_DATA BLOB NULL,
    PRIMARY KEY (TRIGGER_NAME,TRIGGER_GROUP)
)
/
CREATE TABLE KR_QRTZ_TRIGGER_LISTENERS (
    TRIGGER_NAME  VARCHAR2(80) NOT NULL,
    TRIGGER_GROUP VARCHAR2(80) NOT NULL,
    TRIGGER_LISTENER VARCHAR2(80) NOT NULL,
    PRIMARY KEY (TRIGGER_NAME,TRIGGER_GROUP,TRIGGER_LISTENER)
)
/
create index idx_kr_qrtz_ft_trig_name on kr_qrtz_fired_triggers(TRIGGER_NAME)
/
create index idx_kr_qrtz_ft_trig_group on kr_qrtz_fired_triggers(TRIGGER_GROUP)
/
create index idx_kr_qrtz_ft_trig_nm_gp on kr_qrtz_fired_triggers(TRIGGER_NAME,TRIGGER_GROUP)
/
create index idx_kr_qrtz_ft_trig_volatile on kr_qrtz_fired_triggers(IS_VOLATILE)
/
create index idx_kr_qrtz_ft_trig_inst_name on kr_qrtz_fired_triggers(INSTANCE_NAME)
/
create index idx_kr_qrtz_ft_job_name on kr_qrtz_fired_triggers(JOB_NAME)
/
create index idx_kr_qrtz_ft_job_group on kr_qrtz_fired_triggers(JOB_GROUP)
/
create index idx_kr_qrtz_ft_job_stateful on kr_qrtz_fired_triggers(IS_STATEFUL)
/
create index idx_kr_qrtz_ft_job_req_recov on kr_qrtz_fired_triggers(REQUESTS_RECOVERY)
/
create index idx_kr_qrtz_j_req_recovery on kr_qrtz_job_details(REQUESTS_RECOVERY)
/
create index idx_kr_qrtz_t_next_fire_time on kr_qrtz_triggers(NEXT_FIRE_TIME)
/
create index idx_kr_qrtz_t_state on kr_qrtz_triggers(TRIGGER_STATE)
/
create index idx_kr_qrtz_t_nft_st on kr_qrtz_triggers(NEXT_FIRE_TIME,TRIGGER_STATE)
/
create index idx_kr_qrtz_t_volatile on kr_qrtz_triggers(IS_VOLATILE)
/
ALTER TABLE KR_QRTZ_BLOB_TRIGGERS ADD CONSTRAINT KR_QRTZ_BLOB_TRIGGERS_TR1
FOREIGN KEY (TRIGGER_NAME,TRIGGER_GROUP)
REFERENCES KR_QRTZ_TRIGGERS(TRIGGER_NAME,TRIGGER_GROUP)
/
ALTER TABLE KR_QRTZ_CRON_TRIGGERS ADD CONSTRAINT KR_QRTZ_CRON_TRIGGERS_TR1
FOREIGN KEY (TRIGGER_NAME,TRIGGER_GROUP)
REFERENCES KR_QRTZ_TRIGGERS(TRIGGER_NAME,TRIGGER_GROUP)
/
ALTER TABLE KR_QRTZ_JOB_LISTENERS ADD CONSTRAINT KR_QRTZ_JOB_LISTENERS_TR1
FOREIGN KEY (JOB_NAME,JOB_GROUP)
REFERENCES KR_QRTZ_JOB_DETAILS(JOB_NAME,JOB_GROUP)
/
ALTER TABLE KR_QRTZ_SIMPLE_TRIGGERS ADD CONSTRAINT KR_QRTZ_SIMPLE_TRIGGERS
FOREIGN KEY (TRIGGER_NAME,TRIGGER_GROUP)
REFERENCES KR_QRTZ_TRIGGERS(TRIGGER_NAME,TRIGGER_GROUP)
/
ALTER TABLE KR_QRTZ_TRIGGERS ADD CONSTRAINT KR_QRTZ_TRIGGERS_TR1
FOREIGN KEY (JOB_NAME,JOB_GROUP)
REFERENCES KR_QRTZ_JOB_DETAILS(JOB_NAME,JOB_GROUP)
/
ALTER TABLE KR_QRTZ_TRIGGER_LISTENERS ADD CONSTRAINT KR_QRTZ_TRIGGER_LISTENERS_TR1
FOREIGN KEY (TRIGGER_NAME,TRIGGER_GROUP)
REFERENCES KR_QRTZ_TRIGGERS(TRIGGER_NAME,TRIGGER_GROUP)
/
CREATE SEQUENCE SEQ_KIM_ATTRIBUTE_TYPES_ID INCREMENT BY 1 START WITH 1000
/
CREATE SEQUENCE SEQ_KIM_GROUPS_ID INCREMENT BY 1 START WITH 1000
/
CREATE SEQUENCE SEQ_KIM_GROUP_ATTRIBUTES_ID INCREMENT BY 1 START WITH 1000
/
CREATE SEQUENCE SEQ_KIM_NAMESPACES_ID INCREMENT BY 1 START WITH 1000
/
CREATE SEQUENCE SEQ_KIM_NMSPCE_DFLT_ATTR_ID INCREMENT BY 1 START WITH 1000
/
CREATE SEQUENCE SEQ_KIM_PERMISSIONS_ID INCREMENT BY 1 START WITH 1000
/
CREATE SEQUENCE SEQ_KIM_PERSONS_ID INCREMENT BY 1 START WITH 1000
/
CREATE SEQUENCE SEQ_KIM_PERSON_ATTRIBUTES_ID INCREMENT BY 1 START WITH 1000
/
CREATE SEQUENCE SEQ_KIM_PRSN_QUAL_GRP_ID INCREMENT BY 1 START WITH 1000
/
CREATE SEQUENCE SEQ_KIM_PRSN_QUAL_RL_ID INCREMENT BY 1 START WITH 1000
/
CREATE SEQUENCE SEQ_KIM_ROLES_ID INCREMENT BY 1 START WITH 1000
/
CREATE SEQUENCE SEQ_KIM_ROLE_ATTRIBUTES_ID INCREMENT BY 1 START WITH 1000
/
CREATE TABLE KIM_ATTRIBUTE_TYPES_T (
        ID NUMBER(8) NOT NULL,
        NAME VARCHAR2(500) NOT NULL,
        DESCRIPTION VARCHAR2(4000),
		OBJ_ID VARCHAR2(36) DEFAULT SYS_GUID() NOT NULL, 
        VER_NBR NUMBER(8) DEFAULT 1 NOT NULL, 
        CONSTRAINT KIM_ATTRIBUTE_TYPES_PK PRIMARY KEY (ID)
)
/
CREATE TABLE KIM_GROUPS_GROUPS_T (
        PARENT_GROUP_ID NUMBER(8) NOT NULL,
        MEMBER_GROUP_ID NUMBER(8) NOT NULL, 
		OBJ_ID VARCHAR2(36) DEFAULT SYS_GUID() NOT NULL, 
        VER_NBR NUMBER(8) DEFAULT 1 NOT NULL, 
        CONSTRAINT KIM_GROUPS_GROUPS_PK PRIMARY KEY (PARENT_GROUP_ID, MEMBER_GROUP_ID)
)
/
CREATE TABLE KIM_GROUPS_PERSONS_T (
        GROUP_ID NUMBER(8) NOT NULL,
        PERSON_ID NUMBER(8) NOT NULL,
		OBJ_ID VARCHAR2(36) DEFAULT SYS_GUID() NOT NULL, 
        VER_NBR NUMBER(8) DEFAULT 1 NOT NULL, 
        CONSTRAINT KIM_GROUPS_PERSONS_PK PRIMARY KEY (GROUP_ID, PERSON_ID)
)
/
CREATE TABLE KIM_GROUPS_T (
        ID NUMBER(8) NOT NULL,
        NAME VARCHAR2(500) NOT NULL,
        DESCRIPTION VARCHAR2(4000),
		OBJ_ID VARCHAR2(36) DEFAULT SYS_GUID() NOT NULL, 
        VER_NBR NUMBER(8) DEFAULT 1 NOT NULL, 
        CONSTRAINT KIM_GROUPS_PK PRIMARY KEY (ID)
)
/
CREATE TABLE KIM_GROUP_ATTRIBUTES_T (
        ID NUMBER(8) NOT NULL,
        GROUP_ID NUMBER(8) NOT NULL,
        ATTRIBUTE_NAME VARCHAR2(500) NOT NULL,
        ATTRIBUTE_TYPE_ID NUMBER(8) NOT NULL,
        ATTRIBUTE_VALUES VARCHAR2(4000),
		OBJ_ID VARCHAR2(36) DEFAULT SYS_GUID() NOT NULL, 
        VER_NBR NUMBER(8) DEFAULT 1 NOT NULL, 
        CONSTRAINT KIM_GROUP_ATTRIBUTES_PK PRIMARY KEY (ID)
)
/
CREATE TABLE KIM_NAMESPACES_T (
        ID NUMBER(8) NOT NULL,
        NAME VARCHAR2(500) NOT NULL,
        DESCRIPTION VARCHAR2(4000),
		OBJ_ID VARCHAR2(36) DEFAULT SYS_GUID() NOT NULL, 
        VER_NBR NUMBER(8) DEFAULT 1 NOT NULL, 
        CONSTRAINT KIM_NAMESPACE_PK PRIMARY KEY(ID) 
)
/
CREATE TABLE KIM_NAMESPACE_DFLT_ATTRIBS_T (
        ID NUMBER(8) NOT NULL,
        NAMESPACE_ID NUMBER(8) NOT NULL,
        ATTRIBUTE_NAME VARCHAR2(500) NOT NULL,
        ATTRIBUTE_TYPE_ID NUMBER(8) NOT NULL,
        DESCRIPTION VARCHAR(4000),
		OBJ_ID VARCHAR2(36) DEFAULT SYS_GUID() NOT NULL, 
        VER_NBR NUMBER(8) DEFAULT 1 NOT NULL, 
        CONSTRAINT KIM_NMSPCE_DFLT_ATTR_PK PRIMARY KEY (ID)
)
/
CREATE TABLE KIM_PERMISSIONS_T (
        ID NUMBER(8) NOT NULL,
        NAME VARCHAR2(500) NOT NULL,
        DESCRIPTION VARCHAR2(4000),
		NAMESPACE_ID NUMBER(8) NOT NULL,
		OBJ_ID VARCHAR2(36) DEFAULT SYS_GUID() NOT NULL, 
        VER_NBR NUMBER(8) DEFAULT 1 NOT NULL, 
        CONSTRAINT KIM_PERMISSIONS_PK PRIMARY KEY (ID)
)
/
CREATE TABLE KIM_PERSONS_T (
        ID NUMBER(8) NOT NULL,
        USERNAME VARCHAR2(500) NOT NULL,
        PASSWORD VARCHAR2(500),
		OBJ_ID VARCHAR2(36) DEFAULT SYS_GUID() NOT NULL, 
        VER_NBR NUMBER(8) DEFAULT 1 NOT NULL, 
        CONSTRAINT KIM_PERSONS_PK PRIMARY KEY (ID)
)
/
CREATE TABLE KIM_PERSON_ATTRIBUTES_T (
        ID NUMBER(8) NOT NULL,
        PERSON_ID NUMBER(8) NOT NULL,
        SPONSOR_NAMESPACE_ID NUMBER(8) NOT NULL,
        ATTRIBUTE_NAME VARCHAR2(500) NOT NULL,
        ATTRIBUTE_TYPE_ID NUMBER(8) NOT NULL,
        ATTRIBUTE_VALUES VARCHAR2(4000),
		OBJ_ID VARCHAR2(36) DEFAULT SYS_GUID() NOT NULL, 
        VER_NBR NUMBER(8) DEFAULT 1 NOT NULL, 
        CONSTRAINT KIM_PERSON_ATTRIBUTES_PK PRIMARY KEY (ID)
)
/
CREATE TABLE KIM_PERSON_QUALIFIED_GROUP_T (
		ID NUMBER(8) NOT NULL,
        PERSON_ID NUMBER(8) NOT NULL,
		GROUP_ID NUMBER(8) NOT NULL,
		GROUP_ATTRIBUTE_ID NUMBER(8) NOT NULL,
		OBJ_ID VARCHAR2(36) DEFAULT SYS_GUID() NOT NULL, 
        VER_NBR NUMBER(8) DEFAULT 1 NOT NULL, 
        CONSTRAINT KIM_PERSON_QUALIFIED_GROUP_PK PRIMARY KEY (PERSON_ID, GROUP_ID, GROUP_ATTRIBUTE_ID)
)
/
CREATE TABLE KIM_PERSON_QUALIFIED_ROLE_T (
		ID NUMBER(8) NOT NULL,
        PERSON_ID NUMBER(8) NOT NULL,
		ROLE_ID NUMBER(8) NOT NULL,
		ROLE_ATTRIBUTE_ID NUMBER(8) NOT NULL,
		OBJ_ID VARCHAR2(36) DEFAULT SYS_GUID() NOT NULL, 
        VER_NBR NUMBER(8) DEFAULT 1 NOT NULL, 
        CONSTRAINT KIM_PERSON_QUALIFIED_ROLE_PK PRIMARY KEY (PERSON_ID, ROLE_ID, ROLE_ATTRIBUTE_ID)
)
/
CREATE TABLE KIM_ROLES_GROUPS_T (
        ROLE_ID NUMBER(8) NOT NULL,
        GROUP_ID NUMBER(8) NOT NULL, 
		OBJ_ID VARCHAR2(36) DEFAULT SYS_GUID() NOT NULL, 
        VER_NBR NUMBER(8) DEFAULT 1 NOT NULL, 
        CONSTRAINT KIM_ROLES_GROUPS_PK PRIMARY KEY (ROLE_ID, GROUP_ID)
)
/
CREATE TABLE KIM_ROLES_PERMISSIONS_T (
        ROLE_ID NUMBER(8) NOT NULL,
        PERMISSION_ID NUMBER(8) NOT NULL,
		OBJ_ID VARCHAR2(36) DEFAULT SYS_GUID() NOT NULL, 
        VER_NBR NUMBER(8) DEFAULT 1 NOT NULL, 
        CONSTRAINT KIM_ROLES_PERMISSIONS_PK PRIMARY KEY (ROLE_ID, PERMISSION_ID)
)
/
CREATE TABLE KIM_ROLES_PERSONS_T (
        ROLE_ID NUMBER(8) NOT NULL,
        PERSON_ID NUMBER(8) NOT NULL,
		OBJ_ID VARCHAR2(36) DEFAULT SYS_GUID() NOT NULL, 
        VER_NBR NUMBER(8) DEFAULT 1 NOT NULL, 
        CONSTRAINT KIM_ROLES_PERSONS_PK PRIMARY KEY (ROLE_ID, PERSON_ID)
)
/
CREATE TABLE KIM_ROLES_T (
        ID NUMBER(8) NOT NULL,
        NAME VARCHAR2(500) NOT NULL,
        DESCRIPTION VARCHAR2(4000),
		OBJ_ID VARCHAR2(36) DEFAULT SYS_GUID() NOT NULL, 
        VER_NBR NUMBER(8) DEFAULT 1 NOT NULL, 
        CONSTRAINT KIM_ROLES_PK PRIMARY KEY (ID)
)
/
CREATE TABLE KIM_ROLE_ATTRIBUTES_T (
        ID NUMBER(8) NOT NULL,
        ROLE_ID NUMBER(8) NOT NULL,
        ATTRIBUTE_NAME VARCHAR2(500) NOT NULL,
        ATTRIBUTE_TYPE_ID NUMBER(8) NOT NULL,
        ATTRIBUTE_VALUE VARCHAR(4000),
		OBJ_ID VARCHAR2(36) DEFAULT SYS_GUID() NOT NULL, 
        VER_NBR NUMBER(8) DEFAULT 1 NOT NULL, 
        CONSTRAINT KIM_ROLE_ATTRIBUTES_PK PRIMARY KEY (ID)
)
/
CREATE INDEX KIM_GROUPS_TI1
 ON KIM_GROUPS_T (NAME)
/
CREATE INDEX KIM_GROUP_ATTRIBUTES_TI1
 ON KIM_GROUP_ATTRIBUTES_T (GROUP_ID)
/
CREATE INDEX KIM_PERMISSIONS_TI1
 ON KIM_PERMISSIONS_T (NAMESPACE_ID)
/
CREATE INDEX KIM_PERSONS_TI1
 ON KIM_PERSONS_T (USERNAME)
/
CREATE INDEX KIM_PERSON_ATTRIBUTES_TI1
 ON KIM_PERSON_ATTRIBUTES_T (PERSON_ID)
/
CREATE INDEX KIM_ROLES_TI1
 ON KIM_ROLES_T (NAME)
/
CREATE INDEX KIM_ROLE_ATTRIBUTES_TI1
 ON KIM_ROLE_ATTRIBUTES_T (ROLE_ID)
/
ALTER TABLE KIM_ATTRIBUTE_TYPES_T
ADD CONSTRAINT KIM_ATTRIBUTE_TYPES_UK1 UNIQUE
(
NAME
) ENABLE
/
ALTER TABLE KIM_GROUPS_GROUPS_T
ADD CONSTRAINT KIM_GROUPS_GROUPS_FK1 FOREIGN KEY
(
PARENT_GROUP_ID
)
REFERENCES KIM_GROUPS_T
(
ID
) ENABLE
/
ALTER TABLE KIM_GROUPS_GROUPS_T
ADD CONSTRAINT KIM_GROUPS_GROUPS_FK2 FOREIGN KEY
(
MEMBER_GROUP_ID
)
REFERENCES KIM_GROUPS_T
(
ID
) ENABLE
/
ALTER TABLE KIM_GROUPS_PERSONS_T
ADD CONSTRAINT KIM_GROUPS_PERSONS_FK1 FOREIGN KEY
(
GROUP_ID
)
REFERENCES KIM_GROUPS_T
(
ID
) ENABLE
/
ALTER TABLE KIM_GROUPS_PERSONS_T
ADD CONSTRAINT KIM_GROUPS_PERSONS_FK2 FOREIGN KEY
(
PERSON_ID
)
REFERENCES KIM_PERSONS_T
(
ID
) ENABLE
/
ALTER TABLE KIM_GROUPS_T 
ADD CONSTRAINT KIM_GROUPS_UK1 UNIQUE
(
NAME
) ENABLE
/
ALTER TABLE KIM_GROUP_ATTRIBUTES_T
ADD CONSTRAINT KIM_GROUP_ATTRIBUTES_UK1 UNIQUE
(
GROUP_ID,
ATTRIBUTE_NAME
) ENABLE
/
ALTER TABLE KIM_GROUP_ATTRIBUTES_T
ADD CONSTRAINT KIM_GROUP_ATTRIBUTES_FK1 FOREIGN KEY
(
GROUP_ID
)
REFERENCES KIM_GROUPS_T
(
ID
) ENABLE
/
ALTER TABLE KIM_GROUP_ATTRIBUTES_T
ADD CONSTRAINT KIM_GROUP_ATTRIBUTES_FK2 FOREIGN KEY
(
ATTRIBUTE_TYPE_ID
)
REFERENCES KIM_ATTRIBUTE_TYPES_T
(
ID
) ENABLE
/
ALTER TABLE KIM_NAMESPACES_T 
ADD CONSTRAINT KIM_NAMESPACES_T_UK1 UNIQUE
(
NAME
) ENABLE
/
ALTER TABLE KIM_NAMESPACE_DFLT_ATTRIBS_T 
ADD CONSTRAINT KIM_NMSPCE_DFLT_ATTR_UK1 UNIQUE
(
NAMESPACE_ID,
ATTRIBUTE_NAME
) ENABLE
/
ALTER TABLE KIM_NAMESPACE_DFLT_ATTRIBS_T
ADD CONSTRAINT KIM_NMSPCE_DFLT_ATTR_FK1 FOREIGN KEY
(
NAMESPACE_ID
)
REFERENCES KIM_NAMESPACES_T
(
ID
) ENABLE
/
ALTER TABLE KIM_NAMESPACE_DFLT_ATTRIBS_T
ADD CONSTRAINT KIM_NMSPCE_DFLT_ATTR_FK2 FOREIGN KEY
(
ATTRIBUTE_TYPE_ID
)
REFERENCES KIM_ATTRIBUTE_TYPES_T
(
ID
) ENABLE
/
ALTER TABLE KIM_PERMISSIONS_T 
ADD CONSTRAINT KIM_PERMISSIONS_UK1 UNIQUE
(
NAME,
NAMESPACE_ID
) ENABLE
/
ALTER TABLE KIM_PERMISSIONS_T
ADD CONSTRAINT KIM_PERMISSIONS_FK1 FOREIGN KEY
(
NAMESPACE_ID
)
REFERENCES KIM_NAMESPACES_T
(
ID
) ENABLE
/
ALTER TABLE KIM_PERSONS_T
ADD CONSTRAINT KIM_PERSONS_UK1 UNIQUE
(
USERNAME
) ENABLE
/
ALTER TABLE KIM_PERSON_ATTRIBUTES_T
ADD CONSTRAINT KIM_PERSON_ATTRIBUTES_UK1 UNIQUE
(
PERSON_ID,
SPONSOR_NAMESPACE_ID,
ATTRIBUTE_NAME
) ENABLE
/
ALTER TABLE KIM_PERSON_ATTRIBUTES_T
ADD CONSTRAINT KIM_PERSON_ATTRIBUTES_FK1 FOREIGN KEY
(
PERSON_ID
)
REFERENCES KIM_PERSONS_T
(
ID
) ENABLE
/
ALTER TABLE KIM_PERSON_ATTRIBUTES_T
ADD CONSTRAINT KIM_PERSON_ATTRIBUTES_FK2 FOREIGN KEY
(
ATTRIBUTE_TYPE_ID
)
REFERENCES KIM_ATTRIBUTE_TYPES_T
(
ID
) ENABLE
/
ALTER TABLE KIM_PERSON_ATTRIBUTES_T
ADD CONSTRAINT KIM_PERSON_ATTRIBUTES_FK3 FOREIGN KEY
(
SPONSOR_NAMESPACE_ID
)
REFERENCES KIM_NAMESPACES_T
(
ID
) ENABLE
/
ALTER TABLE KIM_PERSON_QUALIFIED_GROUP_T
ADD CONSTRAINT KIM_PERSON_QUALIFIED_GROUP_FK1 FOREIGN KEY
(
PERSON_ID
)
REFERENCES KIM_PERSONS_T
(
ID
) ENABLE
/
ALTER TABLE KIM_PERSON_QUALIFIED_GROUP_T
ADD CONSTRAINT KIM_PERSON_QUALIFIED_GROUP_FK2 FOREIGN KEY
(
GROUP_ID
)
REFERENCES KIM_GROUPS_T
(
ID
) ENABLE
/
ALTER TABLE KIM_PERSON_QUALIFIED_GROUP_T
ADD CONSTRAINT KIM_PERSON_QUALIFIED_GROUP_FK3 FOREIGN KEY
(
GROUP_ATTRIBUTE_ID
)
REFERENCES KIM_GROUP_ATTRIBUTES_T
(
ID
) ENABLE
/
ALTER TABLE KIM_PERSON_QUALIFIED_ROLE_T
ADD CONSTRAINT KIM_PERSON_QUALIFIED_ROLE_FK1 FOREIGN KEY
(
PERSON_ID
)
REFERENCES KIM_PERSONS_T
(
ID
) ENABLE
/
ALTER TABLE KIM_PERSON_QUALIFIED_ROLE_T
ADD CONSTRAINT KIM_PERSON_QUALIFIED_ROLE_FK2 FOREIGN KEY
(
ROLE_ID
)
REFERENCES KIM_ROLES_T
(
ID
) ENABLE
/
ALTER TABLE KIM_PERSON_QUALIFIED_ROLE_T
ADD CONSTRAINT KIM_PERSON_QUALIFIED_ROLE_FK3 FOREIGN KEY
(
ROLE_ATTRIBUTE_ID
)
REFERENCES KIM_ROLE_ATTRIBUTES_T
(
ID
) ENABLE
/
ALTER TABLE KIM_ROLES_GROUPS_T
ADD CONSTRAINT KIM_ROLES_GROUPS_FK1 FOREIGN KEY
(
GROUP_ID
)
REFERENCES KIM_GROUPS_T
(
ID
) ENABLE
/
ALTER TABLE KIM_ROLES_GROUPS_T
ADD CONSTRAINT KIM_ROLES_GROUPS_FK2 FOREIGN KEY
(
ROLE_ID
)
REFERENCES KIM_ROLES_T
(
ID
) ENABLE
/
ALTER TABLE KIM_ROLES_PERMISSIONS_T
ADD CONSTRAINT KIM_ROLES_PERMISSIONS_FK1 FOREIGN KEY
(
ROLE_ID
)
REFERENCES KIM_ROLES_T
(
ID
) ENABLE
/
ALTER TABLE KIM_ROLES_PERMISSIONS_T
ADD CONSTRAINT KIM_ROLES_PERMISSIONS_FK2 FOREIGN KEY
(
PERMISSION_ID
)
REFERENCES KIM_PERMISSIONS_T
(
ID
) ENABLE
/
ALTER TABLE KIM_ROLES_PERSONS_T
ADD CONSTRAINT KIM_ROLES_PERSONS_FK1 FOREIGN KEY
(
ROLE_ID
)
REFERENCES KIM_ROLES_T
(
ID
) ENABLE
/
ALTER TABLE KIM_ROLES_PERSONS_T
ADD CONSTRAINT KIM_ROLES_PERSONS_FK2 FOREIGN KEY
(
PERSON_ID
)
REFERENCES KIM_PERSONS_T
(
ID
) ENABLE
/
ALTER TABLE KIM_ROLES_T 
ADD CONSTRAINT KIM_ROLES_UK1 UNIQUE
(
NAME
) ENABLE
/
ALTER TABLE KIM_ROLE_ATTRIBUTES_T 
ADD CONSTRAINT KIM_ROLE_ATTRIBUTES_UK1 UNIQUE
(
ROLE_ID,
ATTRIBUTE_NAME
) ENABLE
/
ALTER TABLE KIM_ROLE_ATTRIBUTES_T
ADD CONSTRAINT KIM_ROLE_ATTRIBUTES_FK1 FOREIGN KEY
(
ROLE_ID
)
REFERENCES KIM_ROLES_T
(
ID
) ENABLE
/
ALTER TABLE KIM_ROLE_ATTRIBUTES_T
ADD CONSTRAINT KIM_ROLE_ATTRIBUTES_FK2 FOREIGN KEY
(
ATTRIBUTE_TYPE_ID
)
REFERENCES KIM_ATTRIBUTE_TYPES_T
(
ID
) ENABLE
/
CREATE SEQUENCE NOTIFICATIONS_SEQ INCREMENT BY 1 START WITH 1000
/
CREATE SEQUENCE NOTIFICATION_CHANNELS_SEQ INCREMENT BY 1 START WITH 1000
/
CREATE SEQUENCE NOTIFICATION_CONTENT_TYPES_SEQ INCREMENT BY 1 START WITH 1000
/
CREATE SEQUENCE NOTIFICATION_MSG_DELIVS_SEQ INCREMENT BY 1 START WITH 1000
/
CREATE SEQUENCE NOTIFICATION_PRIORITIES_SEQ INCREMENT BY 1 START WITH 1000
/
CREATE SEQUENCE NOTIFICATION_PRODUCERS_SEQ INCREMENT BY 1 START WITH 1000
/
CREATE SEQUENCE NOTIFICATION_RECIPIENTS_SEQ INCREMENT BY 1 START WITH 1000
/
CREATE SEQUENCE NOTIFICATION_RECIPS_LISTS_SEQ INCREMENT BY 1 START WITH 1000
/
CREATE SEQUENCE NOTIFICATION_REVIEWERS_SEQ INCREMENT BY 1 START WITH 1000
/
CREATE SEQUENCE NOTIFICATION_SENDERS_SEQ INCREMENT BY 1 START WITH 1000
/
CREATE SEQUENCE RECIPIENT_PREFERENCES_SEQ INCREMENT BY 1 START WITH 1000
/
CREATE SEQUENCE USER_CHANNEL_SUBSCRIPTIONS_SEQ INCREMENT BY 1 START WITH 1000
/
CREATE SEQUENCE USER_DELIVERER_CONFIG_SEQ INCREMENT BY 1 START WITH 1000
/
CREATE TABLE NOTIFICATIONS
(
ID NUMBER(8) NOT NULL,
DELIVERY_TYPE VARCHAR2(3) NOT NULL,
CREATED_DATETIME TIMESTAMP NOT NULL,
SEND_DATETIME TIMESTAMP,
AUTO_REMOVE_DATETIME TIMESTAMP,
PRIORITY_ID NUMBER(8) NOT NULL,
TITLE VARCHAR2(255),
CONTENT CLOB NOT NULL,
CONTENT_TYPE_ID NUMBER(8) NOT NULL,
NOTIFICATION_CHANNEL_ID NUMBER(8) NOT NULL,
PRODUCER_ID NUMBER(8) NOT NULL,
PROCESSING_FLAG VARCHAR2(15) NOT NULL,
LOCKED_DATE TIMESTAMP,
DB_LOCK_VER_NBR INTEGER DEFAULT 0 NOT NULL,
CONSTRAINT NOTIFICATIONS_PK PRIMARY KEY (ID)
)
/
CREATE TABLE NOTIFICATION_CHANNELS
(
ID NUMBER(8) NOT NULL,
NAME VARCHAR2(1000) NOT NULL,
DESCRIPTION VARCHAR2(4000) NOT NULL,
SUBSCRIBABLE CHAR(1) NOT NULL,
CONSTRAINT NOTIFICATION_CHANNELS_PK PRIMARY KEY (ID)
)
/
CREATE TABLE NOTIFICATION_CHANNEL_PRODUCERS
(
CHANNEL_ID NUMBER(8) NOT NULL,
PRODUCER_ID NUMBER(6) NOT NULL,
CONSTRAINT NOTIFICATION_CHANNEL_PROD_PK PRIMARY KEY (CHANNEL_ID, PRODUCER_ID)
)
/
CREATE TABLE NOTIFICATION_CONTENT_TYPES
(
ID NUMBER(8) NOT NULL,
NAME VARCHAR2(500) NOT NULL,
DESCRIPTION VARCHAR2(1000) NOT NULL,
NAMESPACE VARCHAR2(1000) NOT NULL,
XSD CLOB NOT NULL,
XSL CLOB NOT NULL,
CONSTRAINT NOTIFICATION_CONTENT_TYPE_PK PRIMARY KEY (ID)
)
/
CREATE TABLE NOTIFICATION_MSG_DELIVS
(
ID NUMBER(8) NOT NULL,
NOTIFICATION_ID NUMBER(8) NOT NULL,
USER_RECIPIENT_ID VARCHAR2(300) NOT NULL,
MESSAGE_DELIVERY_TYPE_NAME VARCHAR2(500) NOT NULL,
MESSAGE_DELIVERY_STATUS VARCHAR2(15) NOT NULL, 
DELIVERY_SYSTEM_ID VARCHAR2(300),
LOCKED_DATE TIMESTAMP,
DB_LOCK_VER_NBR INTEGER DEFAULT 0 NOT NULL,
CONSTRAINT NOTIFICATION_MSG_DELIVS_PK PRIMARY KEY (ID)
)
/
CREATE TABLE NOTIFICATION_PRIORITIES
(
ID NUMBER(8) NOT NULL,
NAME VARCHAR2(40) NOT NULL,
DESCRIPTION VARCHAR2(500) NOT NULL,
PRIORITY_ORDER NUMBER(4) NOT NULL,
CONSTRAINT NOTIFICATION_PRIORITY_PK PRIMARY KEY (ID)
)
/
CREATE TABLE NOTIFICATION_PRODUCERS
(
ID NUMBER(8) NOT NULL,
NAME VARCHAR2(500) NOT NULL,
DESCRIPTION VARCHAR2(1000) NOT NULL,
CONTACT_INFO VARCHAR2(1000) NOT NULL,
CONSTRAINT NOTIFICATION_PRODUCER_PK PRIMARY KEY (ID)
)
/
CREATE TABLE NOTIFICATION_RECIPIENTS
(
ID NUMBER(8) NOT NULL,
NOTIFICATION_ID NUMBER(8) NOT NULL,
RECIPIENT_TYPE VARCHAR2(10) NOT NULL,
RECIPIENT_ID VARCHAR2(300) NOT NULL,
CONSTRAINT NOTIFICATION_RECIPIENTS_PK PRIMARY KEY (ID)
)
/
CREATE TABLE NOTIFICATION_RECIPIENTS_LISTS
(
ID NUMBER(8) NOT NULL,
CHANNEL_ID NUMBER(8) NOT NULL,
RECIPIENT_TYPE VARCHAR2(10) NOT NULL,
RECIPIENT_ID VARCHAR2(300) NOT NULL,
CONSTRAINT NOTIFICATION_RECIPIENTS_L_PK PRIMARY KEY (ID)
)
/
CREATE TABLE NOTIFICATION_REVIEWERS
(
ID NUMBER(8) NOT NULL,
CHANNEL_ID NUMBER(8) NOT NULL,
REVIEWER_TYPE VARCHAR2(10) NOT NULL,
REVIEWER_ID VARCHAR2(300) NOT NULL,
CONSTRAINT NOTIFICATION_REVIEWERS_PK PRIMARY KEY (ID)
)
/
CREATE TABLE NOTIFICATION_SENDERS
(
ID NUMBER(8) NOT NULL,
NOTIFICATION_ID NUMBER(8) NOT NULL,
NAME VARCHAR2(500) NOT NULL
)
/
CREATE TABLE RECIPIENT_PREFERENCES
(
ID NUMBER(8) NOT NULL,
RECIPIENT_TYPE VARCHAR2(10) NOT NULL,
RECIPIENT_ID VARCHAR2(300) NOT NULL,
PROPERTY VARCHAR2(300) NOT NULL,
VALUE VARCHAR2(1000) NOT NULL,
CONSTRAINT RECIPIENT_PREFERENCES_PK PRIMARY KEY (ID)
)
/
CREATE TABLE USER_CHANNEL_SUBSCRIPTIONS
(
ID NUMBER(8) NOT NULL,
CHANNEL_ID NUMBER(8) NOT NULL,
USER_ID VARCHAR2(300) NOT NULL,
CONSTRAINT USER_CHANNEL_SUBSCRIPTION_PK PRIMARY KEY (ID)
)
/
CREATE TABLE USER_DELIVERER_CONFIG
(
ID NUMBER(8) NOT NULL,
CHANNEL_ID NUMBER(8) NOT NULL,
USER_ID VARCHAR2(300) NOT NULL,
DELIVERER_NAME VARCHAR2(300) NOT NULL,
CONSTRAINT USER_DELIVERER_CONFIG_PK PRIMARY KEY (ID)
)
/
ALTER TABLE NOTIFICATIONS
ADD CONSTRAINT NOTIFICATIONS_NOTIFICATIO_FK1 FOREIGN KEY
(
NOTIFICATION_CHANNEL_ID
)
REFERENCES NOTIFICATION_CHANNELS
(
ID
) ENABLE
/

ALTER TABLE NOTIFICATIONS
ADD CONSTRAINT NOTIFICATIONS_NOTIFICATIO_FK2 FOREIGN KEY
(
CONTENT_TYPE_ID
)
REFERENCES NOTIFICATION_CONTENT_TYPES
(
ID
) ENABLE
/

ALTER TABLE NOTIFICATIONS
ADD CONSTRAINT NOTIFICATIONS_NOTIFICATIO_FK3 FOREIGN KEY
(
PRIORITY_ID
)
REFERENCES NOTIFICATION_PRIORITIES
(
ID
) ENABLE
/

ALTER TABLE NOTIFICATIONS
ADD CONSTRAINT NOTIFICATIONS_NOTIFICATIO_FK4 FOREIGN KEY
(
PRODUCER_ID
)
REFERENCES NOTIFICATION_PRODUCERS
(
ID
) ENABLE
/
ALTER TABLE NOTIFICATION_CHANNELS
ADD CONSTRAINT NOTIFICATION_CHANNELS_UK1 UNIQUE
(
NAME
)
 ENABLE
/
ALTER TABLE NOTIFICATION_CHANNEL_PRODUCERS
ADD CONSTRAINT NOTIFICATION_CHANNEL_PROD_FK1 FOREIGN KEY
(
CHANNEL_ID
)
REFERENCES NOTIFICATION_CHANNELS
(
ID
) ENABLE
/

ALTER TABLE NOTIFICATION_CHANNEL_PRODUCERS
ADD CONSTRAINT NOTIFICATION_CHANNEL_PROD_FK2 FOREIGN KEY
(
PRODUCER_ID
)
REFERENCES NOTIFICATION_PRODUCERS
(
ID
) ENABLE
/
ALTER TABLE NOTIFICATION_CONTENT_TYPES
ADD CONSTRAINT NOTIFICATION_CONTENT_TYPE_UK1 UNIQUE
(
NAME
)
 ENABLE
/
ALTER TABLE NOTIFICATION_MSG_DELIVS
ADD CONSTRAINT NOTIF_MSG_DELIVS_UK1 UNIQUE
(
NOTIFICATION_ID,
USER_RECIPIENT_ID,
MESSAGE_DELIVERY_TYPE_NAME
)
 ENABLE
/

ALTER TABLE NOTIFICATION_MSG_DELIVS
ADD CONSTRAINT NOTIF_MSG_DELIVS_FK1 FOREIGN KEY
(
NOTIFICATION_ID
)
REFERENCES NOTIFICATIONS
(
ID
) ENABLE
/
ALTER TABLE NOTIFICATION_PRIORITIES
ADD CONSTRAINT NOTIFICATION_PRIORITIES_UK1 UNIQUE
(
NAME
)
 ENABLE
/
ALTER TABLE NOTIFICATION_PRODUCERS
ADD CONSTRAINT NOTIFICATION_PRODUCERS_UK1 UNIQUE
(
NAME
)
 ENABLE
/
ALTER TABLE NOTIFICATION_RECIPIENTS
ADD CONSTRAINT NOTIFICATION_RECIPIENTS_UK1 UNIQUE
(
NOTIFICATION_ID,
RECIPIENT_TYPE,
RECIPIENT_ID
)
 ENABLE
/

ALTER TABLE NOTIFICATION_RECIPIENTS
ADD CONSTRAINT NOTIFICATION_RECIPIENTS_N_FK1 FOREIGN KEY
(
NOTIFICATION_ID
)
REFERENCES NOTIFICATIONS
(
ID
) ENABLE
/
ALTER TABLE NOTIFICATION_RECIPIENTS_LISTS
ADD CONSTRAINT NOTIFICATION_RECIPIENTS_L_UK1 UNIQUE
(
CHANNEL_ID,
RECIPIENT_TYPE,
RECIPIENT_ID
)
 ENABLE
/

ALTER TABLE NOTIFICATION_RECIPIENTS_LISTS
ADD CONSTRAINT NOTIFICATION_RECIPIENTS_L_FK1 FOREIGN KEY
(
CHANNEL_ID
)
REFERENCES NOTIFICATION_CHANNELS
(
ID
) ENABLE
/
ALTER TABLE NOTIFICATION_REVIEWERS
ADD CONSTRAINT NOTIFICATION_REVIEWERS_UK1 UNIQUE
(
CHANNEL_ID,
REVIEWER_TYPE,
REVIEWER_ID
)
 ENABLE
/

ALTER TABLE NOTIFICATION_REVIEWERS
ADD CONSTRAINT NOTIFICATION_REVIEWERS_N_FK1 FOREIGN KEY
(
CHANNEL_ID
)
REFERENCES NOTIFICATION_CHANNELS
(
ID
) ENABLE
/
ALTER TABLE NOTIFICATION_SENDERS
ADD CONSTRAINT NOTIFICATION_SENDER_PK PRIMARY KEY
(
ID
)
 ENABLE
/

ALTER TABLE NOTIFICATION_SENDERS
ADD CONSTRAINT NOTIFICATION_SENDERS_UK1 UNIQUE
(
NOTIFICATION_ID,
NAME
)
 ENABLE
/

ALTER TABLE NOTIFICATION_SENDERS
ADD CONSTRAINT NOTIFICATION_SENDERS_NOTI_FK1 FOREIGN KEY
(
NOTIFICATION_ID
)
REFERENCES NOTIFICATIONS
(
ID
) ENABLE
/
ALTER TABLE RECIPIENT_PREFERENCES
ADD CONSTRAINT RECIPIENT_PREFERENCES_UK1 UNIQUE
(
RECIPIENT_TYPE,
RECIPIENT_ID,
PROPERTY
)
 ENABLE
/
ALTER TABLE USER_CHANNEL_SUBSCRIPTIONS
ADD CONSTRAINT USER_CHANNEL_SUBSCRIPTION_UK1 UNIQUE
(
CHANNEL_ID,
USER_ID
)
 ENABLE
/

ALTER TABLE USER_CHANNEL_SUBSCRIPTIONS
ADD CONSTRAINT USER_CHANNEL_SUBSCRIPTION_FK1 FOREIGN KEY
(
CHANNEL_ID
)
REFERENCES NOTIFICATION_CHANNELS
(
ID
) ENABLE
/
ALTER TABLE USER_DELIVERER_CONFIG
ADD CONSTRAINT USER_DELIVERER_CONFIG_FK1 FOREIGN KEY
(
CHANNEL_ID
)
REFERENCES NOTIFICATION_CHANNELS
(
ID
) ENABLE
/
--INSERT INTO FS_PARM_SEC_T values ('SYSTEM', '1', 1, 'WorkflowAdmin', 'Desc')
--/
--INSERT INTO FS_PARM_SEC_T values ('CoreMaintenanceEDoc', '2', 1, 'WorkflowAdmin', 'Desc')
--/
--INSERT INTO FS_PARM_T VALUES('SYSTEM','HELP_URL','07D71A3FF0D604D8E043814FD88104D8','1','http://www.fms.indiana.edu/fis/home.asp','','N', 'MC')
--/
--INSERT INTO FS_PARM_T VALUES('SYSTEM','lookup.results.limit','1AFCED30C07B2070E043814FD8812070','0','200','Limit of results returned in a lookup query','N', 'MC')
--/
--INSERT INTO FS_PARM_T VALUES('SYSTEM','demonstrationEncryptionCheck_FLAG','1C3D291AAD51A08CE043814FD881A08C','1','Y','Flag for enabling/disabling the demonstration encryption check.','N', 'MC')
--/
--INSERT INTO FS_PARM_T VALUES('SYSTEM','loadDataFileStep_USER','1F75EFB795DFB050E043814FD881B050','1','KULUSER','determines who the loadDataFileStep of pcdo_batch.sh will run as','N', 'MC')
--/
--insert into FS_PARM_T values ('CoreMaintenanceEDoc','Kuali.Document.RoutingReport.Workgroup','263A097060A3F152E043814FD881F152','1','WorkflowAdmin','Workgroup which can perform the route report on documents.','N', 'MC')
--/
--insert into FS_PARM_T values ('CoreMaintenanceEDoc','CASPasswordEnabled','26C8E6D6E77F40B4E043814FD88140B4','1','N','Whether the built in CAS implementation should ask for a password. The password will be verified against the Universal User Table.','N', 'MC')
--/
--insert into FS_PARM_T values ('CoreMaintenanceEDoc','UniversalUser.EditWorkgroup','2409BD6AB4CA800EE043814FD881800E','1','WorkflowAdmin','Workgroup which can edit the universal user table.','N', 'MC')
--/
--insert into FS_PARM_T values ('CoreMaintenanceEDoc','Workflow.Exception.Workgroup','2409BD6AB4CB800EE043814FD881800E','1','WorkflowAdmin','Workgroup which can perform functions on documents in exception routing status.','N', 'MC')
--/
--insert into FS_PARM_T values ('CoreMaintenanceEDoc','Kuali.Supervisor.Workgroup','2409BD6AB4CC800EE043814FD881800E','1','WorkflowAdmin','Workgroup which can perform almost any function within Kuali.','N', 'MC')
--/

insert into EN_APPL_CNST_T values ('Feature.CheckRouteLogAuthentication.CheckFuture', 'true', 1)
/
insert into EN_APPL_CNST_T values ('RouteQueue.maxRetryAttempts', '0', 1)
/
insert into EN_APPL_CNST_T values ('BAM', 'true', 1)
/
insert into EN_APPL_CNST_T values ('Security.HttpInvoker.SignMessages', 'true', 1)
/
insert into EN_APPL_CNST_T values ('Workflow.AdminWorkgroup', 'WorkflowAdmin', 1)
/
insert into EN_APPL_CNST_T values ('Routing.ImmediateExceptionRouting', 'true', 1)
/
insert into EN_APPL_CNST_T values ('Workgroup.IsRouteLogPopup', 'false', 0)
/
insert into EN_APPL_CNST_T values ('DocumentType.IsRouteLogPopup', 'false', 0)
/
insert into EN_APPL_CNST_T values ('DocumentSearch.IsRouteLogPopup', 'true', 0)
/
insert into EN_APPL_CNST_T values ('DocumentSearch.IsDocumentPopup', 'true', 0)
/
insert into EN_APPL_CNST_T values ('Config.Backdoor.TargetFrameName', 'iframe_51148', 0)
/
insert into FP_DOC_STATUS_T values ('A',	'2E0671732A684002E043814FD8814002',	1,	'Approved')
/
insert into FP_DOC_STATUS_T values ('C',	'2E0671732A694002E043814FD8814002',	1,	'Cancelled')
/
insert into FP_DOC_STATUS_T values ('E',	'2E0671732A6A4002E043814FD8814002',	1,	'Extracted')
/
insert into FP_DOC_STATUS_T values ('I',	'2E0671732A6B4002E043814FD8814002',	1,	'In Process')
/
insert into FP_DOC_STATUS_T values ('II',	'2E0671732A6C4002E043814FD8814002',	1,	'In Process')
/
insert into FP_DOC_STATUS_T values ('O',	'2E0671732A6D4002E043814FD8814002',	1,	'Pend Org')
/
insert into FP_DOC_STATUS_T values ('OO',	'2E0671732A6E4002E043814FD8814002',	1,	'Pend Org')
/
insert into FP_DOC_STATUS_T values ('P',	'2E0671732A6F4002E043814FD8814002',	1,	'Pend Acct')
/
insert into FP_DOC_STATUS_T values ('PP',	'2E0671732A704002E043814FD8814002',	1,	'Pend Acct')
/
insert into FP_DOC_STATUS_T values ('R',	'2E0671732A714002E043814FD8814002',	1,	'Pend Specl')
/
insert into FP_DOC_STATUS_T values ('RR',	'2E0671732A724002E043814FD8814002',	1,	'Pend Specl')
/
insert into FP_DOC_STATUS_T values ('S',	'2E0671732A734002E043814FD8814002',	1,	'Pend CG')
/
insert into FP_DOC_STATUS_T values ('V',	'2E0671732A744002E043814FD8814002',	1,	'Validation')
/
insert into FP_DOC_STATUS_T values ('Q',	'2E0671732A754002E043814FD8814002',	1,	'Doc Specif')
/
INSERT INTO kr_qrtz_locks values('TRIGGER_ACCESS')
/
INSERT INTO kr_qrtz_locks values('JOB_ACCESS')
/
INSERT INTO kr_qrtz_locks values('CALENDAR_ACCESS')
/
INSERT INTO kr_qrtz_locks values('STATE_ACCESS')
/
INSERT INTO kr_qrtz_locks values('MISFIRE_ACCESS')
/
INSERT INTO KIM_NAMESPACES_T (ID, NAME, DESCRIPTION) VALUES (1, 'KIM', 'This record represents the actual KIM system and must always be loaded by default in order for the system to work properly.') 
/
INSERT INTO KIM_PERSONS_T (ID, USERNAME, PASSWORD) VALUES (1, 'admin', 'admin')
/

-- KEN sample app data below...

-- NOTIFICATION_PRIORITIES --
INSERT INTO NOTIFICATION_PRIORITIES
(ID, NAME, DESCRIPTION, PRIORITY_ORDER)
VALUES
(1, 'Normal', 'Normal priority', 2)/

INSERT INTO NOTIFICATION_PRIORITIES
(ID, NAME, DESCRIPTION, PRIORITY_ORDER)
VALUES
(2, 'Low', 'A low priority', 3)/

INSERT INTO NOTIFICATION_PRIORITIES
(ID, NAME, DESCRIPTION, PRIORITY_ORDER)
VALUES
(3, 'High', 'A high priority', 1)/

-- NOTIFICATION_CONTENT_TYPES --
INSERT INTO NOTIFICATION_CONTENT_TYPES
(ID, NAME, DESCRIPTION, NAMESPACE, XSD, XSL)
VALUES
(1, 'Simple', 'Simple content type', 'notification/ContentTypeSimple',
'<?xml version="1.0" encoding="UTF-8"?>
<!-- This schema describes a simple notification.  It only contains a content
element which is a String...about as simple as one can get -->
<schema xmlns="http://www.w3.org/2001/XMLSchema"
  xmlns:c="ns:notification/common"
  xmlns:cs="ns:notification/ContentTypeSimple"
  targetNamespace="ns:notification/ContentTypeSimple"
  attributeFormDefault="unqualified" 
    elementFormDefault="qualified">
  <annotation>
    <documentation xml:lang="en">
      Simple Content Schema
    </documentation>
  </annotation>
  <import namespace="ns:notification/common" schemaLocation="resource:notification/notification-common" />
  <!--  The content element is just a String -->
  <element name="content">
    <complexType>
      <sequence>
        <element name="message" type="c:LongStringType"/>
      </sequence>
    </complexType>
  </element>
</schema>',
'<?xml version="1.0" encoding="UTF-8"?>
<xsl:stylesheet
   version="1.0" 
   xmlns:xsl="http://www.w3.org/1999/XSL/Transform" 
   xmlns:n="ns:notification/ContentTypeSimple" 
   xmlns:xsi="http://www.w3.org/2001/XMLSchema-instance" 
   xsi:schemaLocation="ns:notification/ContentTypeSimple resource:notification/ContentTypeSimple" 
   exclude-result-prefixes="n xsi">
   <xsl:output method="html" omit-xml-declaration="yes" />
   <xsl:template match="/n:content/n:message">
      <strong>
          <xsl:value-of select="." disable-output-escaping="yes"/>
      </strong>
   </xsl:template>
</xsl:stylesheet>')/

INSERT INTO NOTIFICATION_CONTENT_TYPES
(ID, NAME, DESCRIPTION, NAMESPACE, XSD, XSL)
VALUES
(2, 'Event', 'Event content type', 'notification/ContentTypeEvent',
'<?xml version="1.0" encoding="UTF-8"?>
<!-- This schema defines an generic event notification type in order for it
to be accepted into the system. -->
<schema xmlns="http://www.w3.org/2001/XMLSchema" xmlns:c="ns:notification/common" xmlns:ce="ns:notification/ContentTypeEvent" targetNamespace="ns:notification/ContentTypeEvent" attributeFormDefault="unqualified" elementFormDefault="qualified">
  <annotation>
    <documentation xml:lang="en">Content Event Schema</documentation>
  </annotation>
  <import namespace="ns:notification/common" schemaLocation="resource:notification/notification-common" />
  <!-- The content element describes the content of the notification.  It
  contains a message (a simple String) and a message element -->
  <element name="content">
    <complexType>
      <sequence>
        <element name="message" type="c:LongStringType"/>
        <element ref="ce:event"/>
      </sequence>
    </complexType>
  </element>
  <!-- This is the event element.  It describes a simple event type containing a
  summary, description, location, and start/stop times -->
  <element name="event">
    <complexType>
      <sequence>
        <element name="summary" type="c:NonEmptyShortStringType" />
        <element name="description" type="c:NonEmptyShortStringType" />
        <element name="location" type="c:NonEmptyShortStringType" />
        <element name="startDateTime" type="dateTime" />
        <element name="stopDateTime" type="dateTime" />
      </sequence>
    </complexType>
  </element>
</schema>', 
'<?xml version="1.0" encoding="UTF-8"?>
<!-- style sheet declaration: be very careful editing the following, the
     default namespace must be used otherwise elements will not match -->
<xsl:stylesheet
    version="1.0" 
    xmlns:xsl="http://www.w3.org/1999/XSL/Transform" 
    xmlns:n="ns:notification/ContentTypeEvent" 
    xmlns:xsi="http://www.w3.org/2001/XMLSchema-instance" 
    xsi:schemaLocation="ns:notification/ContentTypeEvent resource:notification/ContentTypeEvent" 
    exclude-result-prefixes="n xsi">
    <!-- output an html fragment -->
    <xsl:output method="html" indent="yes" />
    <!-- match everything -->
    <xsl:template match="/n:content" >
        <table class="bord-all">
            <xsl:apply-templates />
        </table>
    </xsl:template>
    <!--  match message element in the default namespace and render as strong -->
    <xsl:template match="n:message" >
        <caption>
            <strong><xsl:value-of select="." disable-output-escaping="yes"/></strong>
        </caption>
    </xsl:template>
    <!-- match on event in the default namespace and display all children -->
    <xsl:template match="n:event">
        <tr>
            <td class="thnormal"><strong>Summary: </strong></td>
            <td class="thnormal"><xsl:value-of select="n:summary" /></td>
        </tr>
        <tr>
            <td class="thnormal"><strong>Description: </strong></td>
            <td class="thnormal"><xsl:value-of select="n:description" /></td>
        </tr>
        <tr>
            <td class="thnormal"><strong>Location: </strong></td>
            <td class="thnormal"><xsl:value-of select="n:location" /></td>
        </tr>
        <tr>
            <td class="thnormal"><strong>Start Time: </strong></td>
            <td class="thnormal"><xsl:value-of select="n:startDateTime" /></td>
        </tr>
        <tr>
            <td class="thnormal"><strong>End Time: </strong></td>
            <td class="thnormal"><xsl:value-of select="n:stopDateTime" /></td>
        </tr>
    </xsl:template> 
</xsl:stylesheet>')/

-- NOTIFICATION_PRODUCERS --
INSERT INTO NOTIFICATION_PRODUCERS 
(ID, NAME, DESCRIPTION, CONTACT_INFO) 
VALUES 
(1, 'Notification System', 'This producer represents messages sent from the general message sending forms.', 'kuali-ken-testing@cornell.edu')/

INSERT INTO NOTIFICATION_PRODUCERS 
(ID, NAME, DESCRIPTION, CONTACT_INFO) 
VALUES 
(2, 'University Library System', 'This producer represents messages sent from the University Library system.', 'kuali-ken-testing@cornell.edu')/

INSERT INTO NOTIFICATION_PRODUCERS 
(ID, NAME, DESCRIPTION, CONTACT_INFO) 
VALUES 
(3, 'University Events Office', 'This producer represents messages sent from the University Events system.', 'kuali-ken-testing@cornell.edu')/

-- NOTIFICATION_CHANNELS --
DELETE FROM NOTIFICATION_CHANNELS/

INSERT INTO NOTIFICATION_CHANNELS
(ID, NAME, DESCRIPTION, SUBSCRIBABLE)
VALUES
(1, 'Kuali Rice Channel', 'This channel is used for sending out information about the Kuali Rice effort.', 'Y')/

INSERT INTO NOTIFICATION_CHANNELS
(ID, NAME, DESCRIPTION, SUBSCRIBABLE)
VALUES
(2, 'Library Events Channel', 'This channel is used for sending out information about Library Events.', 'Y')/

INSERT INTO NOTIFICATION_CHANNELS
(ID, NAME, DESCRIPTION, SUBSCRIBABLE)
VALUES
(3, 'Overdue Library Books', 'This channel is used for sending out information about your overdue books.', 'N')/

INSERT INTO NOTIFICATION_CHANNELS
(ID, NAME, DESCRIPTION, SUBSCRIBABLE)
VALUES
(4, 'Concerts Coming to Campus', 'This channel broadcasts any concerts coming to campus.', 'Y')/

INSERT INTO NOTIFICATION_CHANNELS
(ID, NAME, DESCRIPTION, SUBSCRIBABLE)
VALUES
(5, 'University Alerts', 'This channel broadcasts general announcements for the university.', 'N')/

-- NOTIFICATION_CHANNEL_SUBSCRIPTIONS

INSERT INTO USER_CHANNEL_SUBSCRIPTIONS
(ID, CHANNEL_ID, USER_ID)
VALUES
(1, 1, 'TestUser4')/

-- NOTIFICATION_RECIPIENTS_LISTS

INSERT INTO NOTIFICATION_RECIPIENTS_LISTS
(ID, CHANNEL_ID, RECIPIENT_TYPE, RECIPIENT_ID)
values
(1, 4, 'USER', 'TestUser1')/

INSERT INTO NOTIFICATION_RECIPIENTS_LISTS
(ID, CHANNEL_ID, RECIPIENT_TYPE, RECIPIENT_ID)
values
(2, 4, 'USER', 'TestUser3')/

-- NOTIFICATION_CHANNEL_REVIEWERS

INSERT INTO NOTIFICATION_REVIEWERS
(ID, CHANNEL_ID, REVIEWER_TYPE, REVIEWER_ID) 
VALUES 
(1, 1, 'GROUP', 'RiceTeam')/

INSERT INTO NOTIFICATION_REVIEWERS
(ID, CHANNEL_ID, REVIEWER_TYPE, REVIEWER_ID) 
VALUES 
(2, 5, 'USER', 'TestUser3')/

INSERT INTO NOTIFICATION_REVIEWERS
(ID, CHANNEL_ID, REVIEWER_TYPE, REVIEWER_ID) 
VALUES 
(3, 5, 'GROUP', 'TestGroup1')/

-- NOTIFICATION_CHANNEL_PRODUCERS --
DELETE FROM NOTIFICATION_CHANNEL_PRODUCERS/

INSERT INTO NOTIFICATION_CHANNEL_PRODUCERS 
(CHANNEL_ID, PRODUCER_ID) 
VALUES 
(1, 1)/

INSERT INTO NOTIFICATION_CHANNEL_PRODUCERS 
(CHANNEL_ID, PRODUCER_ID) 
VALUES 
(2, 1)/

INSERT INTO NOTIFICATION_CHANNEL_PRODUCERS 
(CHANNEL_ID, PRODUCER_ID) 
VALUES 
(3, 1)/

INSERT INTO NOTIFICATION_CHANNEL_PRODUCERS 
(CHANNEL_ID, PRODUCER_ID) 
VALUES 
(4, 1)/

INSERT INTO NOTIFICATION_CHANNEL_PRODUCERS 
(CHANNEL_ID, PRODUCER_ID) 
VALUES 
(5, 1)/

INSERT INTO NOTIFICATION_CHANNEL_PRODUCERS 
(CHANNEL_ID, PRODUCER_ID) 
VALUES 
(2, 2)/

INSERT INTO NOTIFICATION_CHANNEL_PRODUCERS 
(CHANNEL_ID, PRODUCER_ID) 
VALUES 
(3, 2)/

INSERT INTO NOTIFICATION_CHANNEL_PRODUCERS 
(CHANNEL_ID, PRODUCER_ID) 
VALUES 
(4, 3)/

create table trv_doc_2 (
        FDOC_NBR                       VARCHAR2(14) CONSTRAINT FP_INT_BILL_DOC_TN1 NOT NULL,
        OBJ_ID                         VARCHAR2(36) DEFAULT SYS_GUID() CONSTRAINT FP_INT_BILL_DOC_TN2 NOT NULL,
        VER_NBR                        NUMBER(8) DEFAULT 1 CONSTRAINT FP_INT_BILL_DOC_TN3 NOT NULL,
        FDOC_EXPLAIN_TXT               VARCHAR2(400),
	    request_trav varchar2(30) not null,
	    traveler          varchar2(200),
        org          varchar2(60),
        dest         varchar2(60),
	    CONSTRAINT trv_doc_2P1 PRIMARY KEY (FDOC_NBR) 
)
/

create table trv_acct (
    acct_num  varchar2(10) not null,
    acct_name varchar2(50),
    acct_type varchar2(100),
    acct_fo_id number(14),
    constraint trv_acct_pk primary key(acct_num)
) 
/

create table trv_doc_acct (
    doc_hdr_id  number(14) not null,
    acct_num    varchar2(10) not null,
    constraint trv_doc_acct_pk primary key(doc_hdr_id, acct_num)
) 
/

create table trv_acct_fo (
	acct_fo_id  number(14) not null,
	acct_fo_user_name varchar2(50) not null,
	constraint trv_acct_fo_id_pk primary key(acct_fo_id)
) 
/

create table TRAV_DOC_2_ACCOUNTS (
    FDOC_NBR VARCHAR2(14),
    ACCT_NUM varchar2(10),
    CONSTRAINT TRAV_DOC_2_ACCOUNTS_P1 PRIMARY KEY (FDOC_NBR, ACCT_NUM)
)
/

create table TRV_ACCT_TYPE (
    ACCT_TYPE VARCHAR2(10),
    ACCT_TYPE_NAME varchar2(50),
    CONSTRAINT TRV_ACCT_TYPE_PK PRIMARY KEY (ACCT_TYPE)
)
/

create table TRV_ACCT_EXT (
    ACCT_NUM VARCHAR2(10),
    ACCT_TYPE varchar2(100),
    CONSTRAINT TRV_ACCT_TYPE_P1 PRIMARY KEY (ACCT_NUM, ACCT_TYPE)
)
/

CREATE SEQUENCE SEQ_TRAVEL_DOC_ID INCREMENT BY 1 START WITH 1000 
/
CREATE SEQUENCE SEQ_TRAVEL_FO_ID INCREMENT BY 1 START WITH 1000 
/

alter table trv_acct add constraint trv_acct_fk1 foreign key(acct_fo_id) references trv_acct_fo(acct_fo_id) 
/

insert into trv_acct_fo (acct_fo_id, acct_fo_user_name) values (1, 'fred') 
/
insert into trv_acct_fo (acct_fo_id, acct_fo_user_name) values (2, 'fran') 
/
insert into trv_acct_fo (acct_fo_id, acct_fo_user_name) values (3, 'frank') 
/

insert into TRV_ACCT values ('a1', 'a1', 'CAT', 1) 
/
insert into TRV_ACCT values ('a2', 'a2', 'EAT', 2) 
/
insert into TRV_ACCT values ('a3', 'a3', 'IAT', 3) 
/

insert into TRV_DOC_ACCT (DOC_HDR_ID, ACCT_NUM) values (1, 'a1') 
/
insert into TRV_DOC_ACCT (DOC_HDR_ID, ACCT_NUM) values (1, 'a2') 
/
insert into TRV_DOC_ACCT (DOC_HDR_ID, ACCT_NUM) values (1, 'a3') 
/

insert into en_usr_t values ('quickstart','quickstart','quickstart','quickstart','quickstart@school.edu','quickstart','quickstart','quickstart',to_date('01/01/2000', 'dd/mm/yyyy'),to_date('01/01/2100', 'dd/mm/yyyy'),0,0) 
/
insert into en_wrkgrp_t values (1,1,'WorkflowAdmin',1,'W','Workflow Administrator Workgroup',1,null,0) 
/
insert into EN_WRKGRP_MBR_T values ('quickstart',1,'U',1,0) 
/

INSERT INTO FP_DOC_GROUP_T VALUES ('TR', '054EDFB3B260C8D2E043814FD881C8D2', 1,	'Travel Documents', null)
/
INSERT INTO FP_DOC_GROUP_T VALUES ('KR', '054EDFB3B260C8D2E043816FD881C8D2', 1,	'Kuali Rice', null)
/
insert into FP_DOC_TYPE_T values ('TRAV', '1A6FEB2501C7607EE043814FD881607E', 1, 'TR', 'TRAV ACCNT', 'N', 'Y', 'N', 0, 'N', 'N')
/
insert into FP_DOC_TYPE_T values ('TRFO', '1A6FEB250342607EE043814FD881607E', 1, 'TR', 'TRAV FO', 'N', 'Y', 'N', 0, 'N', 'N')
/
insert into FP_DOC_TYPE_T values ('TRD2', '1A6FEB250342607EE043814FD889607E', 1, 'TR', 'TRAV D2', 'N', 'Y', 'N', 0, 'N', 'N')
/
insert into FP_DOC_TYPE_T values ('RUSR', '1A6FEB253342607EE043814FD889607E', 1, 'TR', 'RICE USR', 'N', 'Y', 'N', 0, 'N', 'N') 
/
insert into FP_DOC_TYPE_T values ('PARM', '1A6FRB253342607EE043814FD889607E', 1, 'TR', 'System Parms', 'N', 'Y', 'N', 0, 'N', 'N') 
/
insert into FP_DOC_TYPE_T values ('BR', '1A6FRB253343337EE043814FD889607E', 1, 'TR', 'Biz Rules', 'N', 'Y', 'N', 0, 'N', 'N') 
/
insert into FP_DOC_TYPE_T values ('TRVA', '1A5FEB250342607EE043814FD889607E', 1, 'TR',  'TRAV MAINT', 'N', 'Y', 'N', 0, 'N', 'N')
/
insert into SH_NTE_TYP_T values ('BO', '2D3C44FE49415102E043814FD8815102',	1,	'DOCUMENT BUSINESS OBJECT', 'Y')
/
insert into SH_NTE_TYP_T values ('DH', '2D3C44FE49425102E043814FD8815102',	1,	'DOCUMENT HEADER', 'Y')
/
insert into SH_PARM_TYP_T values ('CONFG', 3, 0,'Config',1)
/
insert into SH_PARM_NMSPC_T values ('KR-NS', 3, 0, 'Kuali Rice', 1)
/
INSERT INTO sh_parm_t ("SH_PARM_NMSPC_CD","SH_PARM_DTL_TYP_CD","SH_PARM_NM","SH_PARM_TYP_CD","SH_PARM_TXT","SH_PARM_DESC","SH_PARM_CONS_CD","WRKGRP_NM") VALUES ('KR-NS','Lookup','RESULTS_DEFAULT_MAX_COLUMN_LENGTH','CONFG','70','If a maxLength attribute has not been set on a lookup result field in the data dictionary, then the result column''s max length will be the value of this parameter. Set this parameter to 0 for an unlimited default length or a positive value (i.e. greater than 0) for a finite max length.','A','KUALI_FMSOPS')
/
INSERT INTO sh_parm_t ("SH_PARM_NMSPC_CD","SH_PARM_DTL_TYP_CD","SH_PARM_NM","SH_PARM_TYP_CD","SH_PARM_TXT","SH_PARM_DESC","SH_PARM_CONS_CD","WRKGRP_NM") VALUES ('KR-NS','Lookup','RESULTS_LIMIT','CONFG','70','If a maxLength attribute has not been set on a lookup result field in the data dictionary, then the result column''s max length will be the value of this parameter. Set this parameter to 0 for an unlimited default length or a positive value (i.e. greater than 0) for a finite max length.','A','KUALI_FMSOPS')
/
insert into TRV_ACCT_EXT values ('a1', 'IAT') 
/
insert into TRV_ACCT_EXT values ('a2', 'EAT') 
/
insert into TRV_ACCT_EXT values ('a3', 'IAT') 
/

insert into TRV_ACCT_TYPE values ('CAT', 'Clearing Account Type') 
/
insert into TRV_ACCT_TYPE values ('EAT', 'Expense Account Type') 
/
insert into TRV_ACCT_TYPE values ('IAT', ' Income Account Type') 
/

commit 
/
