CREATE SEQUENCE LOOKUP_RESULT_SEQUENCE_NBR_SEQ INCREMENT BY 1 START WITH 2000
/
CREATE SEQUENCE NTE_ID_SEQ INCREMENT BY 1 START WITH 2000
/
CREATE TABLE FP_DOC_GROUP_T(
        FDOC_GRP_CD                    VARCHAR2(2) CONSTRAINT FP_DOC_GROUP_TN1 NOT NULL,
        OBJ_ID                         VARCHAR2(36) DEFAULT SYS_GUID() CONSTRAINT FP_DOC_GROUP_TN2 NOT NULL,
        VER_NBR                        NUMBER(8) DEFAULT 1 CONSTRAINT FP_DOC_GROUP_TN3 NOT NULL,
        FDOC_GRP_NM                    VARCHAR2(40),
        FDOC_CLASS_CD                  VARCHAR2(2),
     CONSTRAINT FP_DOC_GROUP_TP1 PRIMARY KEY (FDOC_GRP_CD),
     CONSTRAINT FP_DOC_GROUP_TC0 UNIQUE (OBJ_ID)
)
/
CREATE TABLE FP_DOC_HEADER_T(
        FDOC_NBR                       VARCHAR2(14) CONSTRAINT FP_DOC_HEADER_TN1 NOT NULL,
        OBJ_ID                         VARCHAR2(36) DEFAULT SYS_GUID() CONSTRAINT FP_DOC_HEADER_TN2 NOT NULL,
        VER_NBR                        NUMBER(8) DEFAULT 1 CONSTRAINT FP_DOC_HEADER_TN3 NOT NULL,
        FDOC_STATUS_CD                 VARCHAR2(2),
        FDOC_DESC                      VARCHAR2(40),
        FDOC_TOTAL_AMT                 NUMBER(19, 2),
        ORG_DOC_NBR                    VARCHAR2(10),
        FDOC_IN_ERR_NBR                VARCHAR2(14),
        FDOC_TMPL_NBR                  VARCHAR2(14),
        TEMP_DOC_FNL_DT                DATE, /* remove after implementation of workflow API to get this from there */
        FDOC_EXPLAIN_TXT               VARCHAR2(400),
     CONSTRAINT FP_DOC_HEADER_TP1 PRIMARY KEY (
        FDOC_NBR) ,
     CONSTRAINT FP_DOC_HEADER_TC0 UNIQUE (OBJ_ID) 
)
/
CREATE TABLE FP_DOC_STATUS_T(
        FDOC_STATUS_CD                 VARCHAR2(2) CONSTRAINT FP_DOC_STATUS_TN1 NOT NULL,
        OBJ_ID                         VARCHAR2(36) DEFAULT SYS_GUID() CONSTRAINT FP_DOC_STATUS_TN2 NOT NULL,
        VER_NBR                        NUMBER(8) DEFAULT 1 CONSTRAINT FP_DOC_STATUS_TN3 NOT NULL,
        FDOC_STATUS_NM                 VARCHAR2(10),
     CONSTRAINT FP_DOC_STATUS_TP1 PRIMARY KEY (
        FDOC_STATUS_CD) ,
     CONSTRAINT FP_DOC_STATUS_TC0 UNIQUE (OBJ_ID) 
)
/
CREATE TABLE FP_DOC_TYPE_T(
        FDOC_TYP_CD                    VARCHAR2(4) CONSTRAINT FP_DOC_TYPE_TN1 NOT NULL,
        OBJ_ID                         VARCHAR2(36) DEFAULT SYS_GUID() CONSTRAINT FP_DOC_TYPE_TN2 NOT NULL,
        VER_NBR                        NUMBER(8) DEFAULT 1 CONSTRAINT FP_DOC_TYPE_TN3 NOT NULL,
        FDOC_GRP_CD                    VARCHAR2(2),
        FDOC_NM                        VARCHAR2(40),
        FIN_ELIM_ELGBL_CD              VARCHAR2(1),
        FDOC_TYP_ACTIVE_CD             VARCHAR2(1),
        FDOC_RTNG_RULE_CD              VARCHAR2(1),
        FDOC_AUTOAPRV_DAYS             NUMBER(7),
        FDOC_BALANCED_CD               VARCHAR2(1),
        TRN_SCRBBR_OFST_GEN_IND        CHAR(1),
     CONSTRAINT FP_DOC_TYPE_TP1 PRIMARY KEY (
        FDOC_TYP_CD) ,
     CONSTRAINT FP_DOC_TYPE_TC0 UNIQUE (OBJ_ID) 
)
/
CREATE TABLE FP_MAINT_LOCK_T(
        LOCK_REPRESENTATION_TXT        VARCHAR2(255) CONSTRAINT FP_MAINT_LOCK_TN1 NOT NULL,
        OBJ_ID                         VARCHAR2(36) DEFAULT SYS_GUID() CONSTRAINT FP_MAINT_LOCK_TN2 NOT NULL,
        VER_NBR                        NUMBER(8) DEFAULT 1 CONSTRAINT FP_MAINT_LOCK_TN3 NOT NULL,
        FDOC_NBR                       VARCHAR2(14) CONSTRAINT FP_MAINT_LOCK_TN4 NOT NULL,
     CONSTRAINT FP_MAINT_LOCK_TP1 PRIMARY KEY (
        LOCK_REPRESENTATION_TXT) ,
     CONSTRAINT FP_MAINT_LOCK_TC0 UNIQUE (OBJ_ID) 
)
/
CREATE TABLE FP_MAINTENANCE_DOCUMENT_T(
        FDOC_NBR                       VARCHAR2(14) CONSTRAINT FP_MAINTENANCE_DOCUMENT_TN1 NOT NULL,
        OBJ_ID                         VARCHAR2(36) DEFAULT SYS_GUID() CONSTRAINT FP_MAINTENANCE_DOCUMENT_TN2 NOT NULL,
        VER_NBR                        NUMBER(8) DEFAULT 1 CONSTRAINT FP_MAINTENANCE_DOCUMENT_TN3 NOT NULL,
        DOCUMENT_CONTENTS              CLOB,
     CONSTRAINT FP_MAINTENANCE_DOCUMENT_TP1 PRIMARY KEY (
        FDOC_NBR) ,
     CONSTRAINT FP_MAINTENANCE_DOCUMENT_TC0 UNIQUE (OBJ_ID) 
)
/	 
	 
CREATE TABLE FS_ADHOC_RTE_ACTN_RECP_T(
	    ACTN_RQST_RECP_TYP_CD          NUMBER(1) CONSTRAINT FS_ADHOC_RTE_ACTN_RECP_TN1 NOT NULL,
	    ACTN_RQST_CD                   VARCHAR2(30) CONSTRAINT FS_ADHOC_RTE_ACTN_RECP_TN2 NOT NULL,
        ACTN_RQST_RECP_ID              VARCHAR2(70) CONSTRAINT FS_ADHOC_RTE_ACTN_RECP_TN3 NOT NULL,
        OBJ_ID                         VARCHAR2(36) DEFAULT SYS_GUID() CONSTRAINT FS_ADHOC_RTE_ACTN_RECP_TN4 NOT NULL,
        VER_NBR                        NUMBER(8) DEFAULT 1 CONSTRAINT FS_ADHOC_RTE_ACTN_RECP_TN5 NOT NULL,
        FDOC_NBR                       VARCHAR2(14) CONSTRAINT FS_ADHOC_RTE_ACTN_RECP_TN6 NOT NULL,
     CONSTRAINT FS_ADHOC_RTE_ACTN_RECP_TP1 PRIMARY KEY (
	    ACTN_RQST_RECP_TYP_CD,
	    ACTN_RQST_CD,
        ACTN_RQST_RECP_ID) ,
     CONSTRAINT FS_ADHOC_RTE_ACTN_RECP_TC0 UNIQUE (OBJ_ID) 
)
/
CREATE TABLE FS_BSNS_RULE_SEC_T(
        FS_RULE_GRP_NM                 VARCHAR2(255) CONSTRAINT FS_BSNS_RULE_SEC_TN1 NOT NULL,
        OBJ_ID                         VARCHAR2(36) DEFAULT SYS_GUID() CONSTRAINT FS_BSNS_RULE_SEC_TN2 NOT NULL,
        VER_NBR                        NUMBER(8) DEFAULT 1 CONSTRAINT FS_BSNS_RULE_SEC_TN3 NOT NULL,
        WRKGRP_NM                      VARCHAR2(70) CONSTRAINT FS_BSNS_RULE_SEC_TN4 NOT NULL,
        FS_RULE_GRP_DESC               VARCHAR2(2000),
     CONSTRAINT FS_BSNS_RULE_SEC_TP1 PRIMARY KEY (
        FS_RULE_GRP_NM) ,
     CONSTRAINT FS_BSNS_RULE_SEC_TC0 UNIQUE (OBJ_ID) 
)
/
CREATE TABLE FS_BSNS_RULE_T(
        FS_MOD_CD                   VARCHAR2(2) NOT NULL,
        FS_RULE_GRP_NM                 VARCHAR2(255) CONSTRAINT FS_BSNS_RULE_TN1 NOT NULL,
        FS_RULE_NM                     VARCHAR2(255) CONSTRAINT FS_BSNS_RULE_TN2 NOT NULL,
        OBJ_ID                         VARCHAR2(36) DEFAULT SYS_GUID() CONSTRAINT FS_BSNS_RULE_TN3 NOT NULL,
        VER_NBR                        NUMBER(8) DEFAULT 1 CONSTRAINT FS_BSNS_RULE_TN4 NOT NULL,
        FS_RULE_TXT                    VARCHAR2(4000),
        FS_RULE_DESC                   VARCHAR2(2000),
        FS_RULE_OPR_CD                 VARCHAR2(1) CONSTRAINT FS_BSNS_RULE_TN5 NOT NULL,
        FS_MULT_VAL_IND                VARCHAR2(1) CONSTRAINT FS_BSNS_RULE_TN6 NOT NULL,
        FS_ACTIVE_IND                  VARCHAR2(1) CONSTRAINT FS_BSNS_RULE_TN7 NOT NULL,
     CONSTRAINT FS_BSNS_RULE_TP1 PRIMARY KEY (
        FS_RULE_GRP_NM,
        FS_RULE_NM) ,
     CONSTRAINT FS_BSNS_RULE_TC0 UNIQUE (OBJ_ID) 
)
/
CREATE TABLE FS_CODES_DESC_T(
        CODE                           VARCHAR2(50) CONSTRAINT FS_CODES_DESC_TN1 NOT NULL,
        CLASS_NAME                     VARCHAR2(75) CONSTRAINT FS_CODES_DESC_TN2 NOT NULL,
        OBJ_ID                         VARCHAR2(36) DEFAULT SYS_GUID() CONSTRAINT FS_CODES_DESC_TN3 NOT NULL,
        VER_NBR                        NUMBER(8) DEFAULT 1 CONSTRAINT FS_CODES_DESC_TN4 NOT NULL,
        NAME                           VARCHAR2(2000),
        ACTIVE_IND                     VARCHAR2(1) CONSTRAINT FS_CODES_DESC_TN5 NOT NULL,
     CONSTRAINT FS_CODES_DESC_TP1 PRIMARY KEY (
        CODE,
        CLASS_NAME) ,
     CONSTRAINT FS_CODES_DESC_TC0 UNIQUE (OBJ_ID) 
)
/ 
CREATE TABLE FS_PARM_SEC_T(
        FS_SCR_NM                      VARCHAR2(255) CONSTRAINT FS_PARM_SEC_TN1 NOT NULL,
        OBJ_ID                         VARCHAR2(36) DEFAULT SYS_GUID() CONSTRAINT FS_PARM_SEC_TN2 NOT NULL,
        VER_NBR                        NUMBER(8) DEFAULT 1 CONSTRAINT FS_PARM_SEC_TN3 NOT NULL,
        WRKGRP_NM                      VARCHAR2(70) CONSTRAINT FS_PARM_SEC_TN4 NOT NULL,
        FS_SCR_DESC                    VARCHAR2(2000),
     CONSTRAINT FS_PARM_SEC_TP1 PRIMARY KEY (
        FS_SCR_NM) ,
     CONSTRAINT FS_PARM_SEC_TC0 UNIQUE (OBJ_ID) 
)
/
CREATE TABLE FS_PARM_T(
        FS_SCR_NM                      VARCHAR2(255) CONSTRAINT FS_PARM_TN1 NOT NULL,
        FS_PARM_NM                     VARCHAR2(255) CONSTRAINT FS_PARM_TN2 NOT NULL,
        OBJ_ID                         VARCHAR2(36) DEFAULT SYS_GUID() CONSTRAINT FS_PARM_TN3 NOT NULL,
        VER_NBR                        NUMBER(8) DEFAULT 1 CONSTRAINT FS_PARM_TN4 NOT NULL,
        FS_PARM_TXT                    VARCHAR2(4000),
        FS_PARM_DESC                   VARCHAR2(2000),
        FS_MULT_VAL_IND                VARCHAR2(1) CONSTRAINT FS_PARM_TN5 NOT NULL,
        FS_MOD_CD                   VARCHAR2(2) NOT NULL,
     CONSTRAINT FS_PARM_TP1 PRIMARY KEY (
        FS_SCR_NM,
        FS_PARM_NM) ,
     CONSTRAINT FS_PARM_TC0 UNIQUE (OBJ_ID) 
)
/
CREATE TABLE SH_ATT_T(
        NTE_ID                         NUMBER(14) CONSTRAINT SH_ATT_TN1 NOT NULL,
        OBJ_ID                         VARCHAR2(36) DEFAULT SYS_GUID() CONSTRAINT SH_ATT_TN2 NOT NULL,
        VER_NBR                        NUMBER(8) DEFAULT 1 CONSTRAINT SH_ATT_TN3 NOT NULL,
        ATT_MIME_TYP_CD                VARCHAR2(40),
        ATT_FL_NM                      VARCHAR2(250),
        ATT_ID                         VARCHAR2(36),
        ATT_FL_SZ                      NUMBER(14),
        ATT_TYP_CD                     VARCHAR2(2),
     CONSTRAINT SH_ATT_TP1 PRIMARY KEY (
        NTE_ID) ,
     CONSTRAINT SH_ATT_TC0 UNIQUE (OBJ_ID) 
)
/
CREATE TABLE SH_LOCK_T(
        TRN_SMPHR_TYP_CD               VARCHAR2(10) CONSTRAINT SH_LOCK_TN1 NOT NULL,
        TRN_SMPHR_ID                   VARCHAR2(10) CONSTRAINT SH_LOCK_TN2 NOT NULL,
        OBJ_ID                         VARCHAR2(36) DEFAULT SYS_GUID() CONSTRAINT SH_LOCK_TN3 NOT NULL,
        VER_NBR                        NUMBER(8) DEFAULT 1 CONSTRAINT SH_LOCK_TN4 NOT NULL,
        PERSON_UNVL_ID                 VARCHAR2(10),
        TRN_LCKTM_TS                   DATE,
     CONSTRAINT SH_LOCK_TP1 PRIMARY KEY (
        TRN_SMPHR_TYP_CD,
        TRN_SMPHR_ID) ,
     CONSTRAINT SH_LOCK_TC0 UNIQUE (OBJ_ID) 
)
/
CREATE TABLE SH_LOCK_TYP_DESC_T(
        TRN_SMPHR_TYP_CD               VARCHAR2(10) CONSTRAINT SH_LOCK_TYP_DESC_TN1 NOT NULL,
        OBJ_ID                         VARCHAR2(36) DEFAULT SYS_GUID() CONSTRAINT SH_LOCK_TYP_DESC_TN2 NOT NULL,
        VER_NBR                        NUMBER(8) DEFAULT 1 CONSTRAINT SH_LOCK_TYP_DESC_TN3 NOT NULL,
        PRSN_UPDTABLTY_NBR             NUMBER(12),
        TRN_SMPHR_DESC                 VARCHAR2(60),
     CONSTRAINT SH_LOCK_TYP_DESC_TP1 PRIMARY KEY (
        TRN_SMPHR_TYP_CD) ,
     CONSTRAINT SH_LOCK_TYP_DESC_TC0 UNIQUE (OBJ_ID) 
)
/
CREATE TABLE SH_NTE_T(
        NTE_ID                         NUMBER(14) CONSTRAINT SH_NTE_TN1 NOT NULL, 
        OBJ_ID                         VARCHAR2(36) DEFAULT SYS_GUID() CONSTRAINT SH_NTE_TN2 NOT NULL,
        VER_NBR                        NUMBER(8) DEFAULT 1 CONSTRAINT SH_NTE_TN3 NOT NULL,
        RMT_OBJ_ID                     VARCHAR2(36) CONSTRAINT SH_NTE_TN4 NOT NULL,
        NTE_AUTH_ID                    VARCHAR2(10) CONSTRAINT SH_NTE_TN5 NOT NULL,
        NTE_POST_TS                    DATE CONSTRAINT SH_NTE_TN6 NOT NULL,
        NTE_TYP_CD                     VARCHAR2(4) CONSTRAINT SH_NTE_TN7 NOT NULL,
        NTE_TXT                        VARCHAR2(800),
        NTE_PRG_CD                     VARCHAR2(1),
        NTE_TPC_TXT                    VARCHAR2(40),
     CONSTRAINT SH_NTE_TP1 PRIMARY KEY (
        NTE_ID) ,
     CONSTRAINT SH_NTE_TC0 UNIQUE (OBJ_ID) ,
     CONSTRAINT SH_NTE_TC1 UNIQUE (RMT_OBJ_ID, NTE_AUTH_ID, NTE_POST_TS, NTE_TYP_CD) 
)
/
CREATE TABLE SH_NTE_TYP_T(
        NTE_TYP_CD                     VARCHAR2(4) CONSTRAINT SH_NTE_TYP_TN1 NOT NULL,
        OBJ_ID                         VARCHAR2(36) DEFAULT SYS_GUID() CONSTRAINT SH_NTE_TYP_TN2 NOT NULL,
        VER_NBR                        NUMBER(8) DEFAULT 1 CONSTRAINT SH_NTE_TYP_TN3 NOT NULL,
        NTE_TYP_DESC                   VARCHAR2(100),
        NTE_TYP_ACTV_IND               VARCHAR2(1),
     CONSTRAINT SH_NTE_TYP_TP1 PRIMARY KEY (
        NTE_TYP_CD) ,
     CONSTRAINT SH_NTE_TYP_TC0 UNIQUE (OBJ_ID) 
)
/
CREATE TABLE SH_USR_PROP_T(
        PERSON_UNVL_ID                 VARCHAR2(10) CONSTRAINT SH_USR_PROP_TN1 NOT NULL,
        APPL_MOD_ID                    VARCHAR2(20) CONSTRAINT SH_USR_PROP_TN2 NOT NULL,
        USR_PROP_NM                    VARCHAR2(40) CONSTRAINT SH_USR_PROP_TN3 NOT NULL,
        OBJ_ID                         VARCHAR2(36) DEFAULT SYS_GUID() CONSTRAINT SH_USR_PROP_TN4 NOT NULL,
        VER_NBR                        NUMBER(8) DEFAULT 1 CONSTRAINT SH_USR_PROP_TN5 NOT NULL,
        USR_PROP_VAL                   VARCHAR2(4000),
     CONSTRAINT SH_USR_PROP_TP1 PRIMARY KEY (
        PERSON_UNVL_ID,
        APPL_MOD_ID,
        USR_PROP_NM) ,
     CONSTRAINT SH_USR_PROP_TC0 UNIQUE (OBJ_ID) 
)
/
CREATE INDEX FP_DOC_HEADER_TI3 ON FP_DOC_HEADER_T(
        ORG_DOC_NBR )
/
CREATE INDEX FP_DOC_HEADER_TI4 ON FP_DOC_HEADER_T(
        FDOC_STATUS_CD )
/
CREATE INDEX FP_DOC_TYPE_TI2 ON FP_DOC_TYPE_T(
        FDOC_GRP_CD )
/
CREATE INDEX FP_MAINT_LOCK_TI2 ON FP_MAINT_LOCK_T(
        FDOC_NBR)
/
CREATE INDEX FS_ADHOC_RTE_ACTN_RECP_TI2 ON FS_ADHOC_RTE_ACTN_RECP_T(
        FDOC_NBR )
/
ALTER TABLE FP_DOC_TYPE_T
  ADD ( CONSTRAINT FP_DOC_TYPE_TR1 FOREIGN KEY (
        FDOC_GRP_CD )
  REFERENCES FP_DOC_GROUP_T ( 
        FDOC_GRP_CD ))
/
ALTER TABLE FP_MAINTENANCE_DOCUMENT_T
ADD (CONSTRAINT FP_MAINTENANCE_DOCUMENT_TR1 FOREIGN KEY (
      FDOC_NBR )
REFERENCES FP_DOC_HEADER_T (
      FDOC_NBR ))
/
ALTER TABLE FS_BSNS_RULE_T
ADD (CONSTRAINT FS_BSNS_RULE_TR1 FOREIGN KEY (
      FS_RULE_GRP_NM )
REFERENCES FS_BSNS_RULE_SEC_T (
      FS_RULE_GRP_NM ))
/
ALTER TABLE FS_PARM_T
ADD (CONSTRAINT FS_PARM_TR1 FOREIGN KEY (
      FS_SCR_NM )
REFERENCES FS_PARM_SEC_T (
      FS_SCR_NM ))
/
ALTER TABLE SH_ATT_T
  ADD (CONSTRAINT SH_ATT_TR1 FOREIGN KEY (
        NTE_ID )
  REFERENCES SH_NTE_T (
        NTE_ID ))
/
ALTER TABLE SH_LOCK_T
  ADD ( CONSTRAINT SH_LOCK_TR1 FOREIGN KEY (
        TRN_SMPHR_TYP_CD )
  REFERENCES SH_LOCK_TYP_DESC_T ( 
        TRN_SMPHR_TYP_CD ))
/
ALTER TABLE SH_NTE_T
  ADD (CONSTRAINT SH_NTE_TR1 FOREIGN KEY (
        NTE_TYP_CD )
  REFERENCES SH_NTE_TYP_T (
        NTE_TYP_CD ))
/
CREATE SEQUENCE BAM_PARAM_SEQ INCREMENT BY 1 START WITH 2000
/
CREATE SEQUENCE BAM_SEQ INCREMENT BY 1 START WITH 2000
/
CREATE SEQUENCE DIRTY_CACHE_SEQ INCREMENT BY 1 START WITH 2000
/
CREATE SEQUENCE EN_SERVICE_DEF_INTERFACE_SEQ INCREMENT BY 1 START WITH 2000
/
CREATE SEQUENCE SEQ_ACTION_LIST_OPTN INCREMENT BY 1 START WITH 1000 MINVALUE 1000 MAXVALUE 2000 CYCLE
/
CREATE SEQUENCE SEQ_ACTION_REQUEST INCREMENT BY 1 START WITH 2000
/
CREATE SEQUENCE SEQ_ACTION_TAKEN INCREMENT BY 1 START WITH 2000
/
CREATE SEQUENCE SEQ_ACTN_ITM INCREMENT BY 1 START WITH 10000
/
CREATE SEQUENCE SEQ_DOC_NTE INCREMENT BY 1 START WITH 2000
/
CREATE SEQUENCE SEQ_DOCUMENT_ROUTE_HEADER INCREMENT BY 1 START WITH 2000
/
CREATE SEQUENCE SEQ_DOCUMENT_TYPE_ATTRIBUTE INCREMENT BY 1 START WITH 2000
/
CREATE SEQUENCE seq_en_edoclt INCREMENT BY 1 START WITH 2000
/
CREATE SEQUENCE SEQ_HELP_ENTRY INCREMENT BY 1 START WITH 100
/
CREATE SEQUENCE SEQ_RESPONSIBILITY_ID INCREMENT BY 1 START WITH 2000
/
CREATE SEQUENCE SEQ_ROUTE_QUEUE INCREMENT BY 1 START WITH 2000
/
CREATE SEQUENCE SEQ_ROUTE_TEMPLATE INCREMENT BY 1 START WITH 1000
/
CREATE SEQUENCE SEQ_RTE_NODE INCREMENT BY 1 START WITH 2000
/
CREATE SEQUENCE SEQ_RULE_TMPL_OPTN INCREMENT BY 1 START WITH 2000
/
CREATE SEQUENCE SEQ_SEARCHABLE_ATTRIBUTE_VALUE INCREMENT BY 1 START WITH 2000
/
CREATE SEQUENCE SEQ_TRANSACTION_TST INCREMENT BY 1 START WITH 100
/
CREATE SEQUENCE SEQUENCE_EN_USR INCREMENT BY 1 START WITH 100000000000
/
CREATE SEQUENCE SERVICE_DEF_SEQ INCREMENT BY 1 START WITH 2000
/
CREATE TABLE EN_ACTN_ITM_T (
	ACTN_ITM_ID 		    NUMBER(14) NOT NULL,
	ACTN_ITM_PRSN_EN_ID     VARCHAR2(30) NOT NULL,
	ACTN_ITM_ASND_DT        DATE NOT NULL,
	ACTN_ITM_RQST_CD        CHAR(1) NOT NULL,
	ACTN_RQST_ID            NUMBER(14) NOT NULL,
	DOC_HDR_ID              NUMBER(14) NOT NULL,
	WRKGRP_ID               NUMBER(14) NULL,
	ROLE_NM 				VARCHAR2(2000) NULL,
	ACTN_ITM_DLGN_PRSN_EN_ID VARCHAR2(30) NULL,
    ACTN_ITM_DLGN_WRKGRP_ID NUMBER(14) NULL,
	DOC_TTL			        VARCHAR2(255) NULL,
	DOC_TYP_LBL_TXT         VARCHAR2(255) NOT NULL,
	DOC_TYP_HDLR_URL_ADDR   VARCHAR2(255) NOT NULL,
	DOC_TYP_NM		        VARCHAR2(255) NOT NULL,
	ACTN_ITM_RESP_ID        NUMBER(14) NOT NULL,
	DLGN_TYP				VARCHAR2(1) NULL,
	DB_LOCK_VER_NBR	        NUMBER(8) DEFAULT 0,
	CONSTRAINT EN_ACTN_ITM_T_PK PRIMARY KEY (ACTN_ITM_ID)  
)
/
CREATE TABLE EN_ACTN_RQST_T (
       ACTN_RQST_ID                   NUMBER(14) NOT NULL,
       ACTN_RQST_PARNT_ID			  NUMBER (14) NULL,
       ACTN_RQST_CD                   CHAR(1) NOT NULL,
       DOC_HDR_ID                     NUMBER(14) NOT NULL,
       RULE_BASE_VALUES_ID            NUMBER(19) NULL,
       ACTN_RQST_STAT_CD              CHAR(1) NOT NULL,
       ACTN_RQST_RESP_ID              NUMBER(14) NOT NULL,
       ACTN_RQST_PRSN_EN_ID           VARCHAR2(30) NULL,
       WRKGRP_ID                      NUMBER(14) NULL,
       ROLE_NM 						  VARCHAR2(2000) NULL,
       QUAL_ROLE_NM 				  VARCHAR2(2000) NULL,
       QUAL_ROLE_NM_LBL_TXT			  VARCHAR2(2000) NULL,
       ACTN_RQST_RECP_TYP_CD	      CHAR(1) NULL,
       ACTN_RQST_PRIO_NBR             NUMBER(8) NOT NULL,
       ACTN_RQST_RTE_TYP_NM           VARCHAR2(255) NULL,
       ACTN_RQST_RTE_LVL_NBR          NUMBER(8) NOT NULL,
       ACTN_RQST_RTE_NODE_INSTN_ID 	  NUMBER(19),
       ACTN_TKN_ID	                  NUMBER(14) NULL,
       DOC_VER_NBR                    NUMBER(8) NOT NULL,
       ACTN_RQST_CRTE_DT              DATE NOT NULL,
       ACTN_RQST_RESP_DESC            VARCHAR2(200) NULL,
       ACTN_RQST_IGN_PREV_ACTN_IND    NUMBER(1) DEFAULT 0,
       ACTN_RQST_ANNOTN_TXT	          VARCHAR2(2000) NULL,
	   DLGN_TYP						  CHAR(1) NULL,
       ACTN_RQST_APPR_PLCY            CHAR(1) NULL,
       ACTN_RQST_CUR_IND              NUMBER(1) DEFAULT 1,
       DB_LOCK_VER_NBR                NUMBER(8) DEFAULT 0,
       CONSTRAINT EN_ACTN_RQST_TEMP_T_PK PRIMARY KEY (ACTN_RQST_ID) 
) 
/
CREATE TABLE EN_ACTN_TKN_T (
       ACTN_TKN_ID                   NUMBER(14) NOT NULL,
       DOC_HDR_ID                    NUMBER(14) NOT NULL,
       ACTN_TKN_PRSN_EN_ID           VARCHAR2(30) NOT NULL,
       ACTN_TKN_DLGTR_PRSN_EN_ID     VARCHAR2(30) NULL,
       ACTN_TKN_DLGTR_WRKGRP_ID 	 NUMBER(14) NULL,
       ACTN_TKN_CD                   CHAR(1) NOT NULL,
       ACTN_TKN_DT                   DATE NOT NULL,
       DOC_VER_NBR                   NUMBER(8) NOT NULL,
       ACTN_TKN_ANNOTN_TXT           VARCHAR2(2000) NULL,
       ACTN_TKN_CUR_IND              NUMBER(1) DEFAULT 1,
       DB_LOCK_VER_NBR               NUMBER(8) DEFAULT 0,
       CONSTRAINT EN_ACTN_TKN_T_PK PRIMARY KEY (ACTN_TKN_ID) 
)
/
CREATE TABLE EN_APPL_CNST_T (
   APPL_CNST_NM          VARCHAR2(100) NOT NULL,
   APPL_CNST_VAL_TXT     VARCHAR2(2000) NULL,
   DB_LOCK_VER_NBR       NUMERIC(8) DEFAULT 0,
   CONSTRAINT EN_APPL_CNST_T_PK PRIMARY KEY (APPL_CNST_NM) 
)
/
CREATE TABLE EN_ATTACHMENT_T (
	ATTACHMENT_ID				   NUMBER(19) NOT NULL,
	NTE_ID	            	   	   NUMBER(19) NOT NULL,
	FILE_NM			               VARCHAR2(255) NOT NULL,
	FILE_LOC					   VARCHAR2(255) NOT NULL,
	MIME_TYP					   VARCHAR2(255) NOT NULL,
	DB_LOCK_VER_NBR	               NUMBER(8) DEFAULT 0,
	CONSTRAINT EN_ATTACHMENT_T_PK PRIMARY KEY (ATTACHMENT_ID)
)
/
CREATE TABLE EN_BAM_PARAM_T (
	BAM_PARAM_ID		NUMBER(14) NOT NULL,
	BAM_ID 				NUMBER(14) NOT NULL,
	PARAM				CLOB NOT NULL,
	CONSTRAINT EN_BAM_PARAM_T_PK PRIMARY KEY (BAM_PARAM_ID)
)
/
CREATE TABLE EN_BAM_T (
	BAM_ID 				NUMBER(14) NOT NULL,
	SERVICE_NM			VARCHAR2(255) NOT NULL,
	SERVICE_URL			VARCHAR2(500) NOT NULL,
	METHOD_NM			VARCHAR(2000) NOT NULL,
	THREAD_NM			VARCHAR(500) NOT NULL,
	CALL_DT				DATE NOT NULL,
	TARGET_TO_STRING	VARCHAR2(2000) NOT NULL,
	SRVR_IND_IND		NUMBER(1) NOT NULL,
	EXCEPTION_TO_STRING	VARCHAR2(2000),
	EXCEPTION_MSG		CLOB,
	CONSTRAINT EN_BAM_T_PK PRIMARY KEY (BAM_ID)
)
/
CREATE TABLE en_cache_server_t (
    ip_address              varchar2(250) not null,
    CONSTRAINT en_cache_server_t_PK PRIMARY KEY (ip_address)
)
/
CREATE TABLE en_dirty_cache_t (
    cache_entry_id number(19) not null,
    cache_name varchar2(2000) not null,
    cache_id varchar2(2000) not null,
    ip_address varchar2(2000) not null,
CONSTRAINT en_dirty_cache_t_PK PRIMARY KEY (cache_entry_id) 
)
/
CREATE TABLE EN_DLGN_RSP_T (
	DLGN_RULE_ID NUMBER(19) NOT NULL,
	RULE_RSP_ID NUMBER(19) NOT NULL,
	DLGN_RULE_BASE_VAL_ID NUMBER(19) NOT NULL,
	DLGN_TYP VARCHAR2(20) NOT NULL,
	DB_LOCK_VER_NBR NUMBER(8) DEFAULT 0,
	CONSTRAINT EN_DLGN_RSP_PK PRIMARY KEY (DLGN_RULE_ID) 
)
/
CREATE TABLE EN_DOC_HDR_CNTNT_T (
	DOC_HDR_ID 			    NUMBER(14) NOT NULL,
	DOC_CNTNT_TXT			CLOB NULL,
	CONSTRAINT EN_DOC_HDR_T_CNTNT_PK PRIMARY KEY (DOC_HDR_ID)
)
/
CREATE TABLE EN_DOC_HDR_EXT_DT_T (
	DOC_HDR_EXT_ID			NUMBER(19) NOT NULL,
	DOC_HDR_ID				NUMBER(14) NOT NULL,
	DOC_HDR_EXT_VAL_KEY		VARCHAR2(256) NOT NULL,
	DOC_HDR_EXT_VAL			DATE NULL,
	CONSTRAINT EN_DOC_HDR_EXT_DT_T_PK PRIMARY KEY (DOC_HDR_EXT_ID) 
) 
/
CREATE TABLE EN_DOC_HDR_EXT_FLT_T (
	DOC_HDR_EXT_ID			NUMBER(19) NOT NULL,
	DOC_HDR_ID				NUMBER(14) NOT NULL,
	DOC_HDR_EXT_VAL_KEY		VARCHAR2(256) NOT NULL,
	DOC_HDR_EXT_VAL			FLOAT NULL,
	CONSTRAINT EN_DOC_HDR_EXT_FLT_T_PK PRIMARY KEY (DOC_HDR_EXT_ID) 
) 
/
CREATE TABLE EN_DOC_HDR_EXT_LONG_T (
	DOC_HDR_EXT_ID			NUMBER(19) NOT NULL,
	DOC_HDR_ID				NUMBER(14) NOT NULL,
	DOC_HDR_EXT_VAL_KEY		VARCHAR2(256) NOT NULL,
	DOC_HDR_EXT_VAL			NUMBER(*,0) NULL,
	CONSTRAINT EN_DOC_HDR_EXT_LONG_T_PK PRIMARY KEY (DOC_HDR_EXT_ID) 
) 
/
CREATE TABLE EN_DOC_HDR_EXT_T (
	DOC_HDR_EXT_ID 	    	NUMBER(19) NOT NULL,
	DOC_HDR_ID 			    NUMBER(14) NOT NULL,
	DOC_HDR_EXT_VAL_KEY		VARCHAR2(256) NOT NULL,
	DOC_HDR_EXT_VAL			VARCHAR2(2000) NULL,
	CONSTRAINT EN_DOC_HDR_EXT_T_PK PRIMARY KEY (DOC_HDR_EXT_ID) 
)
/
CREATE TABLE EN_DOC_HDR_T (
	DOC_HDR_ID 			    NUMBER(14) NOT NULL,
	DOC_TYP_ID			    NUMBER(19) NULL,
	DOC_RTE_STAT_CD			CHAR(1) NOT NULL,
	DOC_RTE_LVL_NBR 		NUMBER(8) NOT NULL,
	DOC_STAT_MDFN_DT		DATE NOT NULL,
	DOC_CRTE_DT			    DATE NOT NULL,
	DOC_APRV_DT			    DATE NULL,
	DOC_FNL_DT			    DATE NULL,
	DOC_RTE_STAT_MDFN_DT	DATE NULL,
	DOC_RTE_LVL_MDFN_DT		DATE NULL,
	DOC_TTL				    VARCHAR2(255) NULL,
	DOC_APPL_DOC_ID			VARCHAR2(20) NULL,
	DOC_VER_NBR			    NUMBER NOT NULL,
	DOC_INITR_PRSN_EN_ID    VARCHAR2(30) NOT NULL,
	DOC_OVRD_IND			NUMBER(1) DEFAULT 0,
	DOC_LOCK_CD				CHAR(1) NULL,
	DB_LOCK_VER_NBR			NUMBER(8) DEFAULT 0,
	CONSTRAINT EN_DOC_HDR_T_PK PRIMARY KEY (DOC_HDR_ID) 
)
/
CREATE TABLE EN_DOC_NTE_T (
	DOC_NTE_ID                NUMBER(19) NOT NULL,
	DOC_HDR_ID                NUMBER(14) NOT NULL,
	DOC_NTE_AUTH_PRSN_EN_ID   VARCHAR2(30) NOT NULL,
	DOC_NTE_CRT_DT            DATE NOT NULL,
    DOC_NTE_TXT               VARCHAR2(4000),
	DB_LOCK_VER_NBR	          NUMBER(8) DEFAULT 0,
	CONSTRAINT EN_DOC_NTE_T_PK PRIMARY KEY (DOC_NTE_ID)  
)
/
CREATE TABLE EN_DOC_RTE_TYP_T (
   DOC_RTE_TYP_NM                 VARCHAR2(255) NOT NULL,
   DOC_RTE_TYP_LBL_TXT            VARCHAR2(250),
   DOC_RTE_MOD_NM                 VARCHAR2(250),
   DOC_RTE_TYP_DESC               VARCHAR2(250),
   DOC_RTE_TYP_ACTV_IND           NUMBER(1) DEFAULT 0 NOT NULL,
   DOC_RTE_MOD_JNDI_FTRY_CLS_NM   VARCHAR2(200),
   DOC_RTE_MOD_JNDI_URL_ADDR      VARCHAR2(200),
   DB_LOCK_VER_NBR                NUMBER(8) DEFAULT 0,
   CONSTRAINT EN_DOC_RTE_TYP_TEMP_T_PK PRIMARY KEY (DOC_RTE_TYP_NM) 
)
/
CREATE TABLE EN_DOC_TYP_ATTRIB_T (
   	DOC_TYP_ATTRIB_ID          	NUMBER(19) NOT NULL,
   	DOC_TYP_ID               	NUMBER(19) NOT NULL,
	RULE_ATTRIB_ID				NUMBER(19) NOT NULL,
	CONSTRAINT EN_DOC_TYP_ATTRIB_T_PK PRIMARY KEY (DOC_TYP_ATTRIB_ID) 
)
/
CREATE TABLE EN_DOC_TYP_PLCY_RELN_T (
   	DOC_TYP_ID            NUMBER(19) NOT NULL ENABLE,
	DOC_PLCY_NM           VARCHAR2(255) NOT NULL ENABLE,
	DOC_PLCY_VAL          NUMBER(1) NOT NULL ENABLE,
	DB_LOCK_VER_NBR	      NUMBER(8) DEFAULT 0,
	CONSTRAINT EN_DOC_TYP_PLCY_RELN_T_PK PRIMARY KEY (DOC_TYP_ID, DOC_PLCY_NM) 
)
/
CREATE TABLE EN_DOC_TYP_PROC_T (
	DOC_TYP_PROC_ID				   NUMBER(19) NOT NULL,
	DOC_TYP_ID	            	   NUMBER(19) NOT NULL,
	INIT_RTE_NODE_ID               NUMBER(19) NOT NULL,
	PROC_NM						   VARCHAR2(255) NOT NULL,
	INIT_IND					   NUMBER(1) DEFAULT 0 NOT NULL,
	DB_LOCK_VER_NBR	               NUMBER(8) DEFAULT 0,
	CONSTRAINT EN_DOC_TYP_PROC_T_PK PRIMARY KEY (DOC_TYP_PROC_ID) 
)
/
CREATE TABLE EN_DOC_TYP_RTE_LVL_T (
	DOC_RTE_LVL_ID                 NUMBER(19) NOT NULL ENABLE,
   	DOC_TYP_ID                     NUMBER(19),
	DOC_RTE_LVL_NM                 VARCHAR2(255),
	DOC_RTE_LVL_PRIO_NBR           NUMBER(10),
	DOC_RTE_MTHD_NM                VARCHAR2(255) NOT NULL,
	DOC_FNL_APRVR_IND              NUMBER(1),
	DOC_MNDTRY_RTE_IND             NUMBER(1),
	WRKGRP_ID                      NUMBER(14),
	DOC_RTE_MTHD_CD                VARCHAR2(2),
    DOC_ACTVN_TYP_TXT              VARCHAR2(250),
    DOC_RTE_LVL_IGN_PREV_ACTN_IND  NUMBER(1) DEFAULT 0,
	DB_LOCK_VER_NBR	               NUMBER(8) DEFAULT 0,
	CONSTRAINT EN_DOC_TYP_RTE_LVL_T_PK PRIMARY KEY (DOC_RTE_LVL_ID) 
)
/
CREATE TABLE EN_DOC_TYP_T (
   	DOC_TYP_ID               	  NUMBER(19) NOT NULL ENABLE,
	DOC_TYP_PARNT_ID         	  NUMBER(19),
	DOC_TYP_NM               	  VARCHAR2(255),
	DOC_TYP_VER_NBR          	  NUMBER(10) DEFAULT 0,
	DOC_TYP_ACTV_IND         	  NUMBER(1),
	DOC_TYP_CUR_IND          	  NUMBER(1),
	DOC_TYP_LBL_TXT          	  VARCHAR2(255),
	DOC_TYP_PREV_VER   		 	  NUMBER(19),
	DOC_HDR_ID               	  NUMBER(14),
	DOC_TYP_DESC             	  VARCHAR2(255),
	DOC_TYP_HDLR_URL_ADDR         VARCHAR2(255),
	DOC_TYP_POST_PRCSR_NM         VARCHAR2(255),
	DOC_TYP_JNDI_URL_ADDR         VARCHAR2(255),
    WRKGRP_ID                     NUMBER(14),
    BLNKT_APPR_WRKGRP_ID          NUMBER(14),
    BLNKT_APPR_PLCY               VARCHAR2(10),
	ADV_DOC_SRCH_URL_ADDR         VARCHAR2(255),
    CSTM_ACTN_LIST_ATTRIB_CLS_NM  VARCHAR2(255),
    CSTM_ACTN_EMAIL_ATTRIB_CLS_NM VARCHAR2(255),
    CSTM_DOC_NTE_ATTRIB_CLS_NM    VARCHAR2(255),
    DOC_TYP_RTE_VER_NBR 		  VARCHAR(2) DEFAULT '1' NOT NULL,
    DOC_TYP_NOTIFY_ADDR 		  VARCHAR2(255),
    MESSAGE_ENTITY_NM			  VARCHAR2(10),
    DOC_TYP_EMAIL_XSL             VARCHAR2(255),
	DB_LOCK_VER_NBR	              NUMBER(8) DEFAULT 0,
	CONSTRAINT EN_DOC_TYP_T_PK PRIMARY KEY (DOC_TYP_ID)
)
/
create table en_edoclt_assoc_t (
  edoclt_assoc_id number(19) not null,
  edoclt_assoc_doctype_nm varchar(200) not null,
  edoclt_assoc_def_nm varchar(200),   
  edoclt_assoc_style_nm varchar(200),
  edoclt_assoc_actv_ind number(1) not null,
  db_lock_ver_nbr number(8) default 0,
  CONSTRAINT en_edoclt_assoc_t PRIMARY KEY (edoclt_assoc_id)
)
/
create table en_edoclt_def_t (
  edoclt_def_id number(19) not null,
  edoclt_def_nm varchar(200) not null,
  edoclt_def_xml clob not null,
  edoclt_def_actv_ind number(1) not null,
  db_lock_ver_nbr number(8) default 0,
  CONSTRAINT en_edoclt_def_t PRIMARY KEY (edoclt_def_id)
)
/
create table en_edoclt_style_t (
  edoclt_style_id number(19) not null,
  edoclt_style_nm varchar(200) not null,
  edoclt_style_xml clob not null,
  edoclt_style_actv_ind number(1) not null,
  db_lock_ver_nbr number(8) default 0,
  CONSTRAINT en_edoclt_style_t PRIMARY KEY (edoclt_style_id)
)
/
CREATE TABLE EN_HLP_T (
	EN_HLP_ID 			NUMBER(19) NOT NULL,
	EN_HLP_NM     		VARCHAR2(500) NOT NULL,
	EN_HLP_KY			VARCHAR2(500) NOT NULL,
	EN_HLP_TXT       	VARCHAR2(4000) NOT NULL,
	DB_LOCK_VER_NBR	    NUMBER(8) DEFAULT 0,
	CONSTRAINT EN_HLP_T_PK PRIMARY KEY (EN_HLP_ID)  
)
/
CREATE TABLE EN_INIT_RTE_NODE_INSTN_T (
	DOC_HDR_ID	            	   	NUMBER(19) NOT NULL,
	RTE_NODE_INSTN_ID             	NUMBER(19) NOT NULL,
	CONSTRAINT EN_INIT_RTE_NODE_INSTN_T_PK PRIMARY KEY (DOC_HDR_ID, RTE_NODE_INSTN_ID) 
)
/
CREATE TABLE EN_MESSAGE_QUE_T (
   MESSAGE_QUE_ID			  NUMBER(14) NOT NULL,
   MESSAGE_QUE_DT             DATE NOT NULL,
   MESSAGE_EXP_DT			  DATE NULL,
   MESSAGE_QUE_PRIO_NBR       NUMBER(8) NOT NULL,
   MESSAGE_QUE_STAT_CD        CHAR(1) NOT NULL,
   MESSAGE_QUE_RTRY_CNT       NUMBER(8) NOT NULL,
   MESSAGE_QUE_IP_NBR         VARCHAR2(2000) NOT NULL,
   MESSAGE_PAYLOAD 		      CLOB NOT NULL,
   MESSAGE_SERVICE_NM		  VARCHAR2(255),
   MESSAGE_ENTITY_NM 		  VARCHAR2(10) NOT NULL,
   SERVICE_METHOD_NM		  VARCHAR2(2000) NULL,
   DB_LOCK_VER_NBR	          NUMBER(8) DEFAULT 0,
   CONSTRAINT EN_MESSAGE_QUE_T_PK PRIMARY KEY (MESSAGE_QUE_ID) 
)
/
CREATE TABLE EN_ORG_RESP_ID_T (
   ORG_CD                      VARCHAR2(4) NOT NULL,
   FIN_COA_CD                  VARCHAR2(2) NOT NULL,
   ORG_RESP_ID                 NUMBER(14) NOT NULL,
   ORG_RESP_ID_APRVR_TYP_CD    CHAR(1) NOT NULL,
   DB_LOCK_VER_NBR	           NUMBER(8) DEFAULT 0,
   CONSTRAINT EN_ORG_RESP_ID_T_PK PRIMARY KEY (org_cd, fin_coa_cd, ORG_RESP_ID_APRVR_TYP_CD) 
)
/
CREATE TABLE EN_RTE_BRCH_PROTO_T (
    RTE_BRCH_PROTO_ID			   NUMBER(19) NOT NULL,
    RTE_BRCH_PROTO_NM			   VARCHAR2(255) NOT NULL,
	DB_LOCK_VER_NBR	               NUMBER(8) DEFAULT 0,
	CONSTRAINT EN_RTE_BRCH_PROTO_T_PK PRIMARY KEY (RTE_BRCH_PROTO_ID) 
)
/
CREATE TABLE EN_RTE_BRCH_ST_T (
	RTE_BRCH_ST_ID				   NUMBER(19) NOT NULL,
    RTE_BRCH_ID			   		   NUMBER(19) NOT NULL,
	ST_KEY						   VARCHAR2(255) NOT NULL,
	ST_VAL_TXT					   VARCHAR2(2000),
	DB_LOCK_VER_NBR	               NUMBER(8) DEFAULT 0,
	CONSTRAINT EN_RTE_BRCH_ST_T_PK PRIMARY KEY (RTE_BRCH_ST_ID) 
)
/
CREATE TABLE EN_RTE_BRCH_T (
    RTE_BRCH_ID					   NUMBER(19) NOT NULL,
    BRCH_NM						   VARCHAR(255) NOT NULL,
    PARNT_RTE_BRCH_ID			   NUMBER(19),
    INIT_RTE_NODE_INSTN_ID		   NUMBER(19) NULL,
    SPLT_RTE_NODE_INSTN_ID		   NUMBER(19),
    JOIN_RTE_NODE_INSTN_ID		   NUMBER(19),
	DB_LOCK_VER_NBR	               NUMBER(8) DEFAULT 0,
	CONSTRAINT EN_RTE_BRCH_T_PK PRIMARY KEY (RTE_BRCH_ID) 
)
/
CREATE TABLE EN_RTE_NODE_INSTN_LNK_T (
	FROM_RTE_NODE_INSTN_ID   	   NUMBER(19) NOT NULL,
	TO_RTE_NODE_INSTN_ID    	   NUMBER(19) NOT NULL,
	CONSTRAINT EN_RTE_NODE_INSTN_LNK_T_PK PRIMARY KEY (FROM_RTE_NODE_INSTN_ID, TO_RTE_NODE_INSTN_ID) 
)
/
CREATE TABLE EN_RTE_NODE_INSTN_ST_T (
	RTE_NODE_INSTN_ST_ID		   NUMBER(19) NOT NULL,
    RTE_NODE_INSTN_ID   		   NUMBER(19) NOT NULL,
	ST_KEY						   VARCHAR2(255) NOT NULL,
	ST_VAL_TXT					   VARCHAR2(2000),
	DB_LOCK_VER_NBR	               NUMBER(8) DEFAULT 0,
	CONSTRAINT EN_RTE_NODE_INSTN_ST_T_PK PRIMARY KEY (RTE_NODE_INSTN_ST_ID) 
)
/
CREATE TABLE EN_RTE_NODE_INSTN_T (
	RTE_NODE_INSTN_ID              NUMBER(19) NOT NULL,
	DOC_ID						   NUMBER(19) NOT NULL,
	RTE_NODE_ID                    NUMBER(19) NOT NULL,
	BRCH_ID						   NUMBER(19),
	PROC_RTE_NODE_INSTN_ID		   NUMBER(19),
	ACTV_IND					   NUMBER(1) DEFAULT 0 NOT NULL,
    CMPLT_IND					   NUMBER(1) DEFAULT 0 NOT NULL,
    INIT_IND					   NUMBER(1) DEFAULT 0 NOT NULL,
	DB_LOCK_VER_NBR	               NUMBER(8) DEFAULT 0,
	CONSTRAINT EN_RTE_NODE_INSTN_T_PK PRIMARY KEY (RTE_NODE_INSTN_ID) 
)
/
CREATE TABLE EN_RTE_NODE_LNK_T (
	FROM_RTE_NODE_ID        	   NUMBER(19) NOT NULL,
	TO_RTE_NODE_ID          	   NUMBER(19) NOT NULL,
	CONSTRAINT EN_RTE_NODE_LNK_T_PK PRIMARY KEY (FROM_RTE_NODE_ID, TO_RTE_NODE_ID) 
)
/
CREATE TABLE EN_RTE_NODE_T (
	RTE_NODE_ID                    NUMBER(19) NOT NULL,
	DOC_TYP_ID                     NUMBER(19),
	RTE_NODE_NM                    VARCHAR2(255) NOT NULL,
	RTE_NODE_TYP				   VARCHAR2(255) NOT NULL,
	DOC_RTE_MTHD_NM                VARCHAR2(255),
	DOC_RTE_MTHD_CD                VARCHAR2(2),
	DOC_FNL_APRVR_IND              NUMBER(1),
	DOC_MNDTRY_RTE_IND             NUMBER(1),
	WRKGRP_ID                      NUMBER(14),
    DOC_ACTVN_TYP_TXT              VARCHAR2(250),
    BRCH_PROTO_ID				   NUMBER(19),
	DB_LOCK_VER_NBR	               NUMBER(8) DEFAULT 0,
    CONTENT_FRAGMENT               VARCHAR2(4000),
	CONSTRAINT EN_RTE_NODE_T_PK PRIMARY KEY (RTE_NODE_ID) 
)
/
CREATE TABLE EN_RULE_ATTRIB_KEY_VAL_T (
	RULE_ATTRIB_KEY_VAL_ID NUMBER(19) NOT NULL,
	RULE_ATTRIB_ID NUMBER(19) NOT NULL,
	RULE_ATTRIB_KEY VARCHAR2(2000) NOT NULL,
	DB_LOCK_VER_NBR NUMBER(8) DEFAULT 0,
	CONSTRAINT EN_RULE_ATTRIB_KEY_VAL_T PRIMARY KEY (RULE_ATTRIB_KEY_VAL_ID) 
)
/
CREATE TABLE EN_RULE_ATTRIB_T (
	RULE_ATTRIB_ID NUMBER(19) NOT NULL,
	RULE_ATTRIB_NM VARCHAR2(255) NOT NULL,
	RULE_ATTRIB_LBL_TXT VARCHAR2(2000) NOT NULL,
	RULE_ATTRIB_TYP VARCHAR2(2000) NOT NULL,
	RULE_ATTRIB_DESC VARCHAR2(2000) NULL,
	RULE_ATTRIB_CLS_NM VARCHAR2(2000) NULL,
	RULE_ATTRIB_XML_RTE_TXT CLOB NULL,
	DB_LOCK_VER_NBR	NUMBER(8) DEFAULT 0,
	MESSAGE_ENTITY_NM VARCHAR(10) NULL,
	CONSTRAINT EN_RULE_ATTRIB_PK PRIMARY KEY (RULE_ATTRIB_ID) 
)
/
CREATE TABLE EN_RULE_ATTRIB_VLD_VAL_T (
	RULE_ATTRIB_VLD_VAL_ID NUMBER(19) NOT NULL,
	RULE_ATTRIB_VLD_VAL_NM VARCHAR2(2000) NOT NULL,
	RULE_ATTRIB_VLD_VAL_LBL_TXT VARCHAR2(2000) NOT NULL,
	RULE_ATTRIB_ID NUMBER(19) NOT NULL,
	RULE_ATTRIB_VLD_VAL_CUR_IND NUMBER(1) DEFAULT 0,
    RULE_ATTRIB_VLD_VAL_VER_NBR NUMBER(8) DEFAULT 0,
	DB_LOCK_VER_NBR	NUMBER(8) DEFAULT 0,
	CONSTRAINT EN_RULE_ATTRIB_VLD_VAL_PK PRIMARY KEY (RULE_ATTRIB_VLD_VAL_ID) 
)
/
CREATE TABLE EN_RULE_BASE_VAL_T (
	RULE_BASE_VAL_ID NUMBER(19) NOT NULL,
	RULE_TMPL_ID NUMBER(19) NOT NULL,
	RULE_BASE_VAL_ACTV_IND NUMBER(1) NOT NULL,
	RULE_BASE_VAL_DESC VARCHAR2(2000) NULL,
	RULE_BASE_VAL_IGNR_PRVS NUMBER(1) NOT NULL,
	DOC_TYP_NM VARCHAR2(2000) NOT NULL,
	DOC_HDR_ID NUMBER(14) NULL,
	TMPL_RULE_IND NUMBER(1),
	RULE_BASE_VAL_FRM_DT   DATE NOT NULL,
  RULE_BASE_VAL_TO_DT    DATE NOT NULL,
  RULE_BASE_VAL_DACTVN_DT DATE NULL,
  RULE_BASE_VAL_CUR_IND NUMBER(1) DEFAULT 0,
  RULE_BASE_VAL_VER_NBR NUMBER(8) DEFAULT 0,
  RULE_BASE_VAL_DLGN_IND NUMBER(1),
  RULE_BASE_VAL_PREV_VER NUMBER(19),
  RULE_BASE_VAL_ACTVN_DT DATE NULL,
  DB_LOCK_VER_NBR	NUMBER(8) DEFAULT 0,
  CONSTRAINT EN_RULE_BASE_VAL_PK PRIMARY KEY (RULE_BASE_VAL_ID) 
)
/
CREATE TABLE EN_RULE_EXT_T (
	RULE_EXT_ID NUMBER(19) NOT NULL,
	RULE_TMPL_ATTRIB_ID NUMBER(19) NOT NULL,
	RULE_BASE_VAL_ID NUMBER(19) NOT NULL,
	DB_LOCK_VER_NBR	NUMBER(8) DEFAULT 0,
	CONSTRAINT EN_RULE_EXT_PK PRIMARY KEY (RULE_EXT_ID) 
)
/
CREATE TABLE EN_RULE_EXT_VAL_T (
	RULE_EXT_VAL_ID NUMBER(19) NOT NULL,
	RULE_EXT_ID NUMBER(19) NOT NULL,
	RULE_EXT_VAL VARCHAR2(2000) NOT NULL,
	RULE_EXT_VAL_KEY VARCHAR2(2000) NOT NULL,
	DB_LOCK_VER_NBR	NUMBER(8) DEFAULT 0,
	CONSTRAINT EN_RULE_EXT_VAL_PK PRIMARY KEY (RULE_EXT_VAL_ID)  
)
/
CREATE TABLE EN_RULE_RSP_T (
	RULE_RSP_ID NUMBER(19) NOT NULL,
	RSP_ID NUMBER(19) NOT NULL,
	RULE_BASE_VAL_ID NUMBER(19) NOT NULL,
	RULE_RSP_PRIO_NBR NUMBER(5) NULL,
	ACTION_RQST_CD VARCHAR2(2000) NULL,
	RULE_RSP_NM VARCHAR2(200) NULL,
	RULE_RSP_TYP VARCHAR2(1) NULL,
    RULE_RSP_APPR_PLCY CHAR(1) NULL,
	DB_LOCK_VER_NBR	NUMBER(8) DEFAULT 0,
	CONSTRAINT EN_RULE_RSP_PK PRIMARY KEY (RULE_RSP_ID) 
)
/
CREATE TABLE EN_RULE_TMPL_ATTRIB_T (
	RULE_TMPL_ATTRIB_ID NUMBER(19) NOT NULL,
	RULE_TMPL_ID NUMBER(19) NOT NULL,
	RULE_ATTRIB_ID NUMBER(19) NOT NULL,
	REQ_IND NUMBER(1) NOT NULL,
	DSPL_ORD NUMBER(5) NOT NULL,
	DFLT_VAL VARCHAR2(2000),
	DB_LOCK_VER_NBR	NUMBER(8) DEFAULT 0,
	CONSTRAINT EN_RULE_TMPL_ATTRIB_PK PRIMARY KEY (RULE_TMPL_ATTRIB_ID) 
)
/
CREATE TABLE EN_RULE_TMPL_OPTN_T (
	RULE_TMPL_OPTN_ID NUMBER(19) NOT NULL,
	RULE_TMPL_ID NUMBER(19) NULL,
	RULE_TMPL_OPTN_KEY VARCHAR2(250) NULL,
	RULE_TMPL_OPTN_VAL VARCHAR2(2000) NULL,
	DB_LOCK_VER_NBR	NUMBER(8) DEFAULT 0,
	CONSTRAINT EN_RULE_TMPL_OPTN_T_PK PRIMARY KEY (RULE_TMPL_OPTN_ID) 
)
/
CREATE TABLE EN_RULE_TMPL_T (
	RULE_TMPL_ID NUMBER(19) NOT NULL,
	RULE_TMPL_NM VARCHAR2(250) NOT NULL,
	RULE_TMPL_DESC VARCHAR2(2000) NULL,
	DLGN_RULE_TMPL_ID NUMBER(19) NULL,
	DB_LOCK_VER_NBR	NUMBER(8) DEFAULT 0,
	CONSTRAINT EN_RULE_TMPL_T_PK PRIMARY KEY (RULE_TMPL_ID) 
)
/
CREATE TABLE EN_SERVICE_DEF_DUEX_T (
	SERVICE_DEF_ID			   	   NUMBER(14) NOT NULL,
	SERVICE_NM				   	   VARCHAR2(255) NOT NULL,
    SERVICE_URL	            	   VARCHAR2(500) NOT NULL,
	SERVER_IP					   VARCHAR2(40) NOT NULL,
	MESSAGE_ENTITY_NM 		  	   VARCHAR2(10) NOT NULL,
	SERVICE_ALIVE				   NUMBER(1) NOT NULL,
	SERVICE_DEFINITION 		       CLOB NOT NULL,
	DB_LOCK_VER_NBR	               NUMBER(8) DEFAULT 0,
	CONSTRAINT EN_SERVICE_DEF_DUEX_T_PK PRIMARY KEY (SERVICE_DEF_ID)
)
/
CREATE TABLE EN_SERVICE_DEF_INTER_T (
	SERVICE_DEF_INTER_ID		NUMBER(14) NOT NULL,
	SERVICE_DEF_ID			   	   NUMBER(14) NOT NULL,
	SERVICE_INTERFACE 			VARCHAR2(500) NOT NULL,
	DB_LOC_VER_NBR			    NUMBER(8) DEFAULT 0,
	CONSTRAINT EN_SERVICE_DEF_INTER_T_PK PRIMARY KEY (SERVICE_DEF_INTER_ID)
)
/
CREATE TABLE EN_SERVICE_DEF_T (
	SERVICE_DEF_ID			   	   NUMBER(14) NOT NULL,
	SERVICE_NM				   	   VARCHAR2(255) NOT NULL,
    SERVICE_URL	            	   VARCHAR2(500) NOT NULL,
    EXCEPTION_HANDLER			   VARCHAR2(500) NULL,
	ASYNC_QUEUE_IND				   NUMBER(1) NULL,
	PRIORITY					   NUMBER(8) NULL,
	RTRY_CNT					   NUMBER(8) NULL,
	MILLIS_TO_LIVE				   NUMBER(14) NULL,
	MESSAGE_ENTITY_NM 		  	   VARCHAR2(10) NOT NULL,
	SERVER_IP					   VARCHAR2(40) NOT NULL,
	SERVICE_ALIVE				   NUMBER(1) NOT NULL,
	DB_LOCK_VER_NBR	               NUMBER(8) DEFAULT 0,
	CONSTRAINT EN_SERVICE_DEF_T_PK PRIMARY KEY (SERVICE_DEF_ID)
)
/
CREATE TABLE EN_TRANSACTION_TST_ADDRS_T (
	ADDRS_ID NUMBER(19) NOT NULL,
	STREET VARCHAR2(2000),
	CITY VARCHAR2(2000),
	STATE VARCHAR2(2),
	ZIP NUMBER(8),
	DB_LOCK_VER_NBR	NUMBER(8) DEFAULT 0,
	CONSTRAINT EN_TRANSACTION_TST_ADDRS_T_PK PRIMARY KEY (ADDRS_ID)  
)
/
CREATE TABLE EN_TRANSACTION_TST_PRSN_T (
	PRSN_ID NUMBER(19) NOT NULL,
	FRST_NM VARCHAR2(2000) NOT NULL,
	LST_NM VARCHAR2(2000) NOT NULL,
	EMAIL VARCHAR2(2000),
	DB_LOCK_VER_NBR	NUMBER(8) DEFAULT 0,
	CONSTRAINT EN_TRANSACTION_TST_PRSN_T_PK PRIMARY KEY (PRSN_ID)  
)
/
CREATE TABLE EN_USR_OPTN_T (
   PRSN_EN_ID       VARCHAR2(30) NULL,
   PRSN_OPTN_ID     VARCHAR2(200) NOT NULL,
   PRSN_OPTN_VAL    VARCHAR2(2000) NULL,
   DB_LOCK_VER_NBR  NUMBER(8) DEFAULT 0,
   CONSTRAINT EN_USR_OPTN_T_PK PRIMARY KEY (PRSN_EN_ID, PRSN_OPTN_ID) 
)
/
create table EN_USR_T (
	    PRSN_EN_ID                       VARCHAR2(30) NOT NULL,
	    PRSN_UNIV_ID                     VARCHAR2(11) NOT NULL,
        PRSN_NTWRK_ID                    VARCHAR2(30),
        PRSN_UNVL_USR_ID                 VARCHAR2(10),
        PRSN_EMAIL_ADDR                  VARCHAR2(255),
        PRSN_NM                          VARCHAR2(255),
        PRSN_GVN_NM						 VARCHAR2(255),
        PRSN_LST_NM                      VARCHAR2(255),
        USR_CRTE_DT                      DATE,
        USR_LST_UPDT_DT                  DATE,
        PRSN_ID_MSNG_IND                 NUMBER(1) DEFAULT 0,
	    DB_LOCK_VER_NBR	                 NUMBER(8) DEFAULT 0,
  CONSTRAINT EN_USR_T_PK PRIMARY KEY (PRSN_EN_ID) 
)
/
CREATE TABLE EN_WRKGRP_EXT_DTA_T (
    WRKGRP_EXT_DTA_ID   NUMBER(19) NOT NULL,
    WRKGRP_EXT_ID       NUMBER(19) NOT NULL,
    EXT_KEY             VARCHAR2(2000) NOT NULL,
	EXT_VAL             VARCHAR2(2000),
	DB_LOCK_VER_NBR     NUMBER(8) DEFAULT 0,
	CONSTRAINT EN_WRKGRP_EXT_DTA_T_PK PRIMARY KEY (WRKGRP_EXT_DTA_ID)
)
/
CREATE TABLE EN_WRKGRP_EXT_T (
    WRKGRP_EXT_ID        NUMBER(19) NOT NULL,
    WRKGRP_ID            NUMBER(19) NOT NULL,
    WRKGRP_VER_NBR       NUMBER(8) NOT NULL,
    WRKGRP_TYP_ATTRIB_ID NUMBER(19) NOT NULL,
    DB_LOCK_VER_NBR      NUMBER(8) DEFAULT 0,
    CONSTRAINT EN_WRKGRP_EXT_T_PK PRIMARY KEY (WRKGRP_EXT_ID)
)
/
CREATE TABLE EN_WRKGRP_MBR_T (
    WRKGRP_MBR_PRSN_EN_ID     VARCHAR2(30) NOT NULL,
    WRKGRP_ID                 NUMBER(14) NOT NULL,
    WRKGRP_MBR_TYP			  CHAR(1) NOT NULL,
    WRKGRP_VER_NBR            NUMBER(8) DEFAULT 0,
    DB_LOCK_VER_NBR           NUMBER(8) DEFAULT 0,
    CONSTRAINT EN_WRKGRP_MBR_T_PK PRIMARY KEY (WRKGRP_MBR_PRSN_EN_ID, WRKGRP_ID, WRKGRP_VER_NBR) 
)
/
CREATE TABLE EN_WRKGRP_T (
   WRKGRP_ID            NUMBER(14) NOT NULL,
   WRKGRP_VER_NBR       NUMBER(8) DEFAULT 0,
   WRKGRP_NM            VARCHAR2(70) NOT NULL,
   WRKGRP_ACTV_IND      NUMBER(1) NOT NULL,
   WRKGRP_TYP_CD        VARCHAR2(255) NULL,
   WRKGRP_DESC          VARCHAR2(2000) NULL,
   WRKGRP_CUR_IND       NUMBER(1) DEFAULT 0,
   DOC_HDR_ID           NUMBER(14) NULL,
   DB_LOCK_VER_NBR      NUMBER(8) DEFAULT 0,
   CONSTRAINT EN_WRKGRP_T_PK PRIMARY KEY (WRKGRP_ID, WRKGRP_VER_NBR) 
)
/
CREATE TABLE EN_WRKGRP_TYP_ATTRIB_T (
	WRKGRP_TYP_ATTRIB_ID NUMBER(19) NOT NULL,
	WRKGRP_TYP_ID NUMBER(19) NOT NULL,
	ATTRIB_ID NUMBER(19) NOT NULL,
	DB_LOCK_VER_NBR	NUMBER(8) DEFAULT 0,
	CONSTRAINT EN_WRKGRP_TYP_ATTRIB_PK PRIMARY KEY (WRKGRP_TYP_ATTRIB_ID)
)
/
CREATE TABLE EN_WRKGRP_TYP_T (
	WRKGRP_TYP_ID NUMBER(19) NOT NULL,
	WRKGRP_TYP_NM VARCHAR2(250) NOT NULL,
	WRKGRP_TYP_LBL VARCHAR2(2000) NOT NULL,
	WRKGRP_TYP_DESC VARCHAR2(2000) NULL,
	DOC_TYP_NM VARCHAR2(255) NULL,
	ACTV_IND NUMBER(1) DEFAULT 1,
	DB_LOCK_VER_NBR	NUMBER(8) DEFAULT 0,
	CONSTRAINT EN_WRKGRP_TYP_T_PK PRIMARY KEY (WRKGRP_TYP_ID)
)
/
CREATE INDEX EN_ACTN_ITM_T1
 ON EN_ACTN_ITM_T (ACTN_ITM_PRSN_EN_ID)
/
CREATE INDEX EN_ACTN_ITM_TI2
 ON EN_ACTN_ITM_T (DOC_HDR_ID)
/
CREATE INDEX EN_ACTN_ITM_TI3
 ON EN_ACTN_ITM_T (ACTN_RQST_ID)
/
CREATE INDEX EN_ACTN_ITM_TI4
	ON EN_ACTN_ITM_T (ACTN_ITM_DLGN_PRSN_EN_ID, ACTN_ITM_DLGN_WRKGRP_ID, ACTN_ITM_PRSN_EN_ID, DLGN_TYP)
/
CREATE INDEX EN_ACTN_RQST_TI1
 ON EN_ACTN_RQST_T (DOC_HDR_ID)
/
CREATE INDEX EN_ACTN_RQST_TI2
 ON EN_ACTN_RQST_T (ACTN_RQST_PRSN_EN_ID)
/
CREATE INDEX EN_ACTN_RQST_T13
 ON EN_ACTN_RQST_T (ACTN_TKN_ID)
/
CREATE INDEX EN_ACTN_RQST_T14
 ON EN_ACTN_RQST_T (ACTN_RQST_PARNT_ID)
/
CREATE INDEX EN_ACTN_RQST_TI5
 ON EN_ACTN_RQST_T (ACTN_RQST_RESP_ID)
/
CREATE INDEX EN_ACTN_RQST_TI6
 ON EN_ACTN_RQST_T (ACTN_RQST_STAT_CD, ACTN_RQST_RESP_ID)
/
CREATE INDEX EN_ACTN_RQST_TI7
 ON EN_ACTN_RQST_T (ACTN_RQST_RTE_NODE_INSTN_ID)
/
CREATE INDEX EN_ACTN_RQST_TI8
 ON EN_ACTN_RQST_T (WRKGRP_ID)
/
CREATE INDEX EN_ACTN_RQST_TI9 
 ON EN_ACTN_RQST_T (ACTN_RQST_STAT_CD, DOC_HDR_ID)
/
CREATE INDEX EN_ACTN_TKN_TI1
 ON EN_ACTN_TKN_T (DOC_HDR_ID, ACTN_TKN_PRSN_EN_ID)
/
CREATE INDEX EN_ACTN_TKN_TI2
 ON EN_ACTN_TKN_T (DOC_HDR_ID, ACTN_TKN_PRSN_EN_ID, ACTN_TKN_CD)
/
CREATE INDEX EN_ACTN_TKN_TI3
 ON EN_ACTN_TKN_T (ACTN_TKN_PRSN_EN_ID)
/
CREATE INDEX EN_ACTN_TKN_TI4
 ON EN_ACTN_TKN_T (ACTN_TKN_DLGTR_PRSN_EN_ID)
/
CREATE INDEX EN_ACTN_TKN_TI5
 ON EN_ACTN_TKN_T (DOC_HDR_ID)
/
CREATE INDEX EN_BAM_PARAM_TI1 ON EN_BAM_PARAM_T (BAM_ID)
/
CREATE INDEX EN_BAM_TI1 ON EN_BAM_T (SERVICE_NM, METHOD_NM)
/
CREATE INDEX EN_BAM_TI2 ON EN_BAM_T (SERVICE_NM)
/
CREATE INDEX EN_DOC_HDR_EXT_DT_TI1 ON EN_DOC_HDR_EXT_DT_T (DOC_HDR_EXT_VAL_KEY, DOC_HDR_EXT_VAL)
/
CREATE INDEX EN_DOC_HDR_EXT_DT_TI2 ON EN_DOC_HDR_EXT_DT_T (DOC_HDR_ID)
/
CREATE INDEX EN_DOC_HDR_EXT_DT_TI3 ON EN_DOC_HDR_EXT_DT_T (DOC_HDR_EXT_VAL)
/
CREATE INDEX EN_DOC_HDR_EXT_FLT_TI1 ON EN_DOC_HDR_EXT_FLT_T (DOC_HDR_EXT_VAL_KEY, DOC_HDR_EXT_VAL)
/
CREATE INDEX EN_DOC_HDR_EXT_FLT_TI2 ON EN_DOC_HDR_EXT_FLT_T (DOC_HDR_ID)
/
CREATE INDEX EN_DOC_HDR_EXT_FLT_TI3 ON EN_DOC_HDR_EXT_FLT_T (DOC_HDR_EXT_VAL)
/
CREATE INDEX EN_DOC_HDR_EXT_LONG_TI1 ON EN_DOC_HDR_EXT_LONG_T (DOC_HDR_EXT_VAL_KEY, DOC_HDR_EXT_VAL)
/  
CREATE INDEX EN_DOC_HDR_EXT_LONG_TI2 ON EN_DOC_HDR_EXT_LONG_T (DOC_HDR_ID)
/
CREATE INDEX EN_DOC_HDR_EXT_LONG_TI3 ON EN_DOC_HDR_EXT_LONG_T (DOC_HDR_EXT_VAL)
/
CREATE INDEX EN_DOC_HDR_EXT_TI1 ON EN_DOC_HDR_EXT_T (DOC_HDR_EXT_VAL_KEY, DOC_HDR_EXT_VAL)
/
CREATE INDEX EN_DOC_HDR_EXT_TI2 ON EN_DOC_HDR_EXT_T (DOC_HDR_ID)
/
CREATE INDEX EN_DOC_HDR_EXT_TI3 ON EN_DOC_HDR_EXT_T (DOC_HDR_EXT_VAL)
/
CREATE INDEX EN_DOC_HDR_TI1
 ON EN_DOC_HDR_T (DOC_TYP_ID)
/
CREATE INDEX EN_DOC_HDR_TI2
 ON EN_DOC_HDR_T (DOC_INITR_PRSN_EN_ID)
/
CREATE INDEX EN_DOC_HDR_TI3
 ON EN_DOC_HDR_T (DOC_RTE_STAT_CD)
/
CREATE INDEX EN_DOC_HDR_TI4
 ON EN_DOC_HDR_T (DOC_TTL)
/
CREATE INDEX EN_DOC_HDR_TI5
 ON EN_DOC_HDR_T (DOC_CRTE_DT)
/
CREATE INDEX EN_DOC_HDR_TI6
 ON EN_DOC_HDR_T (DOC_RTE_STAT_MDFN_DT)
/
CREATE INDEX EN_DOC_HDR_TI7
 ON EN_DOC_HDR_T (DOC_APRV_DT)
/
CREATE INDEX EN_DOC_HDR_TI8
 ON EN_DOC_HDR_T (DOC_FNL_DT)
/
CREATE INDEX EN_DOC_HDR_TI9
 ON EN_DOC_HDR_T (DOC_APPL_DOC_ID)
 /
 
CREATE INDEX EN_DOC_NTE_TI1
 ON EN_DOC_NTE_T (DOC_HDR_ID)
/
CREATE INDEX EN_DOC_TYP_ATTRIB_TI1 ON EN_DOC_TYP_ATTRIB_T (DOC_TYP_ID)
/
CREATE INDEX EN_DOC_TYP_PROC_TI1 ON EN_DOC_TYP_PROC_T (DOC_TYP_ID)
/
CREATE INDEX EN_DOC_TYP_PROC_TI2 ON EN_DOC_TYP_PROC_T (INIT_RTE_NODE_ID)
/
CREATE INDEX EN_DOC_TYP_PROC_TI3 ON EN_DOC_TYP_PROC_T (PROC_NM)
/
CREATE INDEX EN_DOC_TYP_RTE_LVL_TI1
      ON EN_DOC_TYP_RTE_LVL_T (DOC_TYP_ID)
/
CREATE UNIQUE INDEX EN_DOC_TYP_TI1
      ON EN_DOC_TYP_T (DOC_TYP_NM, DOC_TYP_VER_NBR)
/
CREATE INDEX EN_DOC_TYP_TI2
      ON EN_DOC_TYP_T (DOC_TYP_PARNT_ID)
/
CREATE INDEX EN_DOC_TYP_TI3
      ON EN_DOC_TYP_T (DOC_TYP_ID, DOC_TYP_PARNT_ID)
/
CREATE INDEX EN_DOC_TYP_TI4
      ON EN_DOC_TYP_T (DOC_TYP_PREV_VER)
/
CREATE INDEX EN_DOC_TYP_TI5
      ON EN_DOC_TYP_T (DOC_TYP_CUR_IND)
/
CREATE INDEX EN_HLP_TI1
 ON EN_HLP_T (EN_HLP_KY)
/
CREATE INDEX EN_INIT_RTE_NODE_INSTN_TI1 on EN_INIT_RTE_NODE_INSTN_T(DOC_HDR_ID)
/
CREATE INDEX EN_INIT_RTE_NODE_INSTN_TI2 on EN_INIT_RTE_NODE_INSTN_T(RTE_NODE_INSTN_ID)
/
CREATE INDEX EN_MESSAGE_QUE_TI1 ON EN_MESSAGE_QUE_T (MESSAGE_SERVICE_NM, SERVICE_METHOD_NM)
/
CREATE INDEX EN_MESSAGE_QUE_TI2 ON EN_MESSAGE_QUE_T (MESSAGE_ENTITY_NM, MESSAGE_QUE_STAT_CD, MESSAGE_QUE_IP_NBR, MESSAGE_QUE_DT)
/
CREATE INDEX EN_RTE_BRCH_PROTO_TI1 ON EN_RTE_BRCH_PROTO_T (RTE_BRCH_PROTO_NM)
/
CREATE INDEX EN_RTE_BRCH_ST_TI1 ON EN_RTE_BRCH_ST_T (RTE_BRCH_ID, ST_KEY)
/
CREATE INDEX EN_RTE_BRCH_ST_TI2 ON EN_RTE_BRCH_ST_T (RTE_BRCH_ID)
/
CREATE INDEX EN_RTE_BRCH_ST_TI3 ON EN_RTE_BRCH_ST_T (ST_KEY, ST_VAL_TXT)
/
CREATE INDEX EN_RTE_BRCH_TI1 ON EN_RTE_BRCH_T (BRCH_NM)
/
CREATE INDEX EN_RTE_BRCH_TI2 ON EN_RTE_BRCH_T (PARNT_RTE_BRCH_ID)
/
CREATE INDEX EN_RTE_BRCH_TI3 ON EN_RTE_BRCH_T (INIT_RTE_NODE_INSTN_ID)
/
CREATE INDEX EN_RTE_BRCH_TI4 ON EN_RTE_BRCH_T (SPLT_RTE_NODE_INSTN_ID)
/
CREATE INDEX EN_RTE_BRCH_TI5 ON EN_RTE_BRCH_T (JOIN_RTE_NODE_INSTN_ID)
/
CREATE INDEX EN_RTE_NODE_INSTN_LNK_TI1 ON EN_RTE_NODE_INSTN_LNK_T (FROM_RTE_NODE_INSTN_ID)
/
CREATE INDEX EN_RTE_NODE_INSTN_LNK_TI2 ON EN_RTE_NODE_INSTN_LNK_T (TO_RTE_NODE_INSTN_ID)
/
CREATE INDEX EN_RTE_NODE_INSTN_ST_TI1 ON EN_RTE_NODE_INSTN_ST_T (RTE_NODE_INSTN_ID, ST_KEY)
/
CREATE INDEX EN_RTE_NODE_INSTN_ST_TI2 ON EN_RTE_NODE_INSTN_ST_T (RTE_NODE_INSTN_ID)
/
CREATE INDEX EN_RTE_NODE_INSTN_ST_TI3 ON EN_RTE_NODE_INSTN_ST_T (ST_KEY, ST_VAL_TXT)
/
CREATE INDEX EN_RTE_NODE_INSTN_TI1 ON EN_RTE_NODE_INSTN_T (DOC_ID, ACTV_IND, CMPLT_IND)
/
CREATE INDEX EN_RTE_NODE_INSTN_TI2 ON EN_RTE_NODE_INSTN_T (RTE_NODE_ID)
/
CREATE INDEX EN_RTE_NODE_INSTN_TI3 ON EN_RTE_NODE_INSTN_T (BRCH_ID)
/
CREATE INDEX EN_RTE_NODE_INSTN_TI4 ON EN_RTE_NODE_INSTN_T (PROC_RTE_NODE_INSTN_ID)
/
CREATE INDEX EN_RTE_NODE_LNK_TI1 ON EN_RTE_NODE_LNK_T (FROM_RTE_NODE_ID)
/
CREATE INDEX EN_RTE_NODE_LNK_TI2 ON EN_RTE_NODE_LNK_T (TO_RTE_NODE_ID)
/
CREATE INDEX EN_RTE_NODE_TI1 ON EN_RTE_NODE_T (RTE_NODE_NM, DOC_TYP_ID)
/
CREATE INDEX EN_RTE_NODE_TI2 ON EN_RTE_NODE_T (DOC_TYP_ID, DOC_FNL_APRVR_IND)
/
CREATE INDEX EN_RTE_NODE_TI3 ON EN_RTE_NODE_T (BRCH_PROTO_ID)
/
CREATE INDEX EN_RTE_NODE_TI4 ON EN_RTE_NODE_T (DOC_TYP_ID)
/
CREATE INDEX EN_RULE_EXT_T1
 ON EN_RULE_EXT_T (RULE_BASE_VAL_ID)
/
CREATE INDEX EN_RULE_EXT_VAL_T1
 ON EN_RULE_EXT_VAL_T (RULE_EXT_ID)
/
CREATE INDEX EN_RULE_EXT_VAL_T2 ON EN_RULE_EXT_VAL_T (RULE_EXT_VAL_ID, RULE_EXT_VAL_KEY)
/
CREATE INDEX EN_RULE_RSP_TI1 ON EN_RULE_RSP_T (RULE_BASE_VAL_ID)
/
CREATE INDEX EN_RULE_TMPL_ATTRIB_TI1 ON EN_RULE_TMPL_ATTRIB_T (RULE_TMPL_ID)
/
CREATE INDEX EN_RULE_TMPL_ATTRIB_TI2 ON EN_RULE_TMPL_ATTRIB_T (RULE_ATTRIB_ID)
/
CREATE UNIQUE INDEX EN_RULE_TMPL_TI1 ON EN_RULE_TMPL_T (RULE_TMPL_NM)
/
CREATE INDEX EN_SERVICE_DEF_DUEX_TI1 ON EN_SERVICE_DEF_DUEX_T (SERVER_IP, MESSAGE_ENTITY_NM)
/
CREATE INDEX EN_SERVICE_DEF_INTER_TI1 ON EN_SERVICE_DEF_INTER_T (SERVICE_DEF_ID)
/
CREATE INDEX EN_SERVICE_DEF_TI1 ON EN_SERVICE_DEF_T (SERVER_IP, MESSAGE_ENTITY_NM)
/
CREATE INDEX EN_USR_OPTN_TI1
 ON EN_USR_OPTN_T(PRSN_EN_ID)
/
CREATE UNIQUE INDEX EN_USR_TI1
 ON EN_USR_T (PRSN_UNIV_ID)
/
CREATE UNIQUE INDEX EN_USR_TI2
 ON EN_USR_T (PRSN_NTWRK_ID)
/
CREATE UNIQUE INDEX EN_USR_TI3
 ON EN_USR_T (PRSN_UNVL_USR_ID)
 /
 
CREATE INDEX EN_WRKGRP_MBR_TI1
 ON EN_WRKGRP_MBR_T(WRKGRP_MBR_PRSN_EN_ID)
/
CREATE INDEX EN_WRKGRP_TI1
 ON EN_WRKGRP_T (WRKGRP_NM)
/
CREATE UNIQUE INDEX EN_WRKGRP_TYP_TI1 ON EN_WRKGRP_TYP_T (WRKGRP_TYP_NM)
/
ALTER TABLE EN_WRKGRP_EXT_DTA_T ADD CONSTRAINT EN_WRKGRP_EXT_DTA_TR1 FOREIGN KEY (WRKGRP_EXT_ID) REFERENCES EN_WRKGRP_EXT_T (WRKGRP_EXT_ID) ENABLE
/
ALTER TABLE EN_WRKGRP_EXT_T ADD CONSTRAINT EN_WRKGRP_EXT_TR1 FOREIGN KEY (WRKGRP_ID, WRKGRP_VER_NBR) REFERENCES EN_WRKGRP_T (WRKGRP_ID, WRKGRP_VER_NBR) ENABLE
/
ALTER TABLE EN_WRKGRP_EXT_T ADD CONSTRAINT EN_WRKGRP_EXT_TR2 FOREIGN KEY (WRKGRP_TYP_ATTRIB_ID) REFERENCES EN_WRKGRP_TYP_ATTRIB_T (WRKGRP_TYP_ATTRIB_ID) ENABLE
/
ALTER TABLE EN_WRKGRP_TYP_ATTRIB_T ADD CONSTRAINT EN_WRKGRP_TYP_ATTRIB_TR1 FOREIGN KEY (WRKGRP_TYP_ID) REFERENCES EN_WRKGRP_TYP_T (WRKGRP_TYP_ID) ENABLE
/
ALTER TABLE EN_WRKGRP_TYP_ATTRIB_T ADD CONSTRAINT EN_WRKGRP_TYP_ATTRIB_TR2 FOREIGN KEY (ATTRIB_ID) REFERENCES EN_RULE_ATTRIB_T (RULE_ATTRIB_ID) ENABLE
/
INSERT INTO FS_PARM_SEC_T values ('SYSTEM', '1', 1, 'WorkflowAdmin', 'Desc')
/
INSERT INTO FS_PARM_SEC_T values ('CoreMaintenanceEDoc', '2', 1, 'WorkflowAdmin', 'Desc')
/
INSERT INTO FS_PARM_T VALUES('SYSTEM','HELP_URL','07D71A3FF0D604D8E043814FD88104D8','1','http://www.fms.indiana.edu/fis/home.asp','','N', 'MC')
/
INSERT INTO FS_PARM_T VALUES('SYSTEM','lookup.results.limit','1AFCED30C07B2070E043814FD8812070','0','200','Limit of results returned in a lookup query','N', 'MC')
/
INSERT INTO FS_PARM_T VALUES('SYSTEM','demonstrationEncryptionCheck_FLAG','1C3D291AAD51A08CE043814FD881A08C','1','Y','Flag for enabling/disabling the demonstration encryption check.','N', 'MC')
/
INSERT INTO FS_PARM_T VALUES('SYSTEM','loadDataFileStep_USER','1F75EFB795DFB050E043814FD881B050','1','KULUSER','determines who the loadDataFileStep of pcdo_batch.sh will run as','N', 'MC')
/
insert into FS_PARM_T values ('CoreMaintenanceEDoc','Kuali.Document.RoutingReport.Workgroup','263A097060A3F152E043814FD881F152','1','WorkflowAdmin','Workgroup which can perform the route report on documents.','N', 'MC')
/
insert into FS_PARM_T values ('CoreMaintenanceEDoc','CASPasswordEnabled','26C8E6D6E77F40B4E043814FD88140B4','1','N','Whether the built in CAS implementation should ask for a password. The password will be verified against the Universal User Table.','N', 'MC')
/
insert into FS_PARM_T values ('CoreMaintenanceEDoc','UniversalUser.EditWorkgroup','2409BD6AB4CA800EE043814FD881800E','1','WorkflowAdmin','Workgroup which can edit the universal user table.','N', 'MC')
/
insert into FS_PARM_T values ('CoreMaintenanceEDoc','Workflow.Exception.Workgroup','2409BD6AB4CB800EE043814FD881800E','1','WorkflowAdmin','Workgroup which can perform functions on documents in exception routing status.','N', 'MC')
/
insert into FS_PARM_T values ('CoreMaintenanceEDoc','Kuali.Supervisor.Workgroup','2409BD6AB4CC800EE043814FD881800E','1','WorkflowAdmin','Workgroup which can perform almost any function within Kuali.','N', 'MC')
/
insert into EN_APPL_CNST_T values ('Feature.CheckRouteLogAuthentication.CheckFuture', 'true', 1)
/
insert into EN_APPL_CNST_T values ('RouteQueue.maxRetryAttempts', '0', 1)
/
insert into EN_APPL_CNST_T values ('BAM', 'true', 1)
/
insert into EN_APPL_CNST_T values ('Security.HttpInvoker.SignMessages', 'true', 1)
/
insert into EN_APPL_CNST_T values ('Workflow.AdminWorkgroup', 'WorkflowAdmin', 1)
/
insert into EN_APPL_CNST_T values ('Routing.ImmediateExceptionRouting', 'true', 1)
/
insert into EN_APPL_CNST_T values ('Workgroup.IsRouteLogPopup', 'false', 0)
/
insert into EN_APPL_CNST_T values ('DocumentType.IsRouteLogPopup', 'false', 0)
/
insert into EN_APPL_CNST_T values ('DocumentSearch.IsRouteLogPopup', 'true', 0)
/
insert into EN_APPL_CNST_T values ('DocumentSearch.IsDocumentPopup', 'true', 0)
/
insert into EN_APPL_CNST_T values ('Config.Backdoor.TargetFrameName', 'iframe_51148', 0)
/
insert into FP_DOC_STATUS_T values ('A',	'2E0671732A684002E043814FD8814002',	1,	'Approved')
/
insert into FP_DOC_STATUS_T values ('C',	'2E0671732A694002E043814FD8814002',	1,	'Cancelled')
/
insert into FP_DOC_STATUS_T values ('E',	'2E0671732A6A4002E043814FD8814002',	1,	'Extracted')
/
insert into FP_DOC_STATUS_T values ('I',	'2E0671732A6B4002E043814FD8814002',	1,	'In Process')
/
insert into FP_DOC_STATUS_T values ('II',	'2E0671732A6C4002E043814FD8814002',	1,	'In Process')
/
insert into FP_DOC_STATUS_T values ('O',	'2E0671732A6D4002E043814FD8814002',	1,	'Pend Org')
/
insert into FP_DOC_STATUS_T values ('OO',	'2E0671732A6E4002E043814FD8814002',	1,	'Pend Org')
/
insert into FP_DOC_STATUS_T values ('P',	'2E0671732A6F4002E043814FD8814002',	1,	'Pend Acct')
/
insert into FP_DOC_STATUS_T values ('PP',	'2E0671732A704002E043814FD8814002',	1,	'Pend Acct')
/
insert into FP_DOC_STATUS_T values ('R',	'2E0671732A714002E043814FD8814002',	1,	'Pend Specl')
/
insert into FP_DOC_STATUS_T values ('RR',	'2E0671732A724002E043814FD8814002',	1,	'Pend Specl')
/
insert into FP_DOC_STATUS_T values ('S',	'2E0671732A734002E043814FD8814002',	1,	'Pend CG')
/
insert into FP_DOC_STATUS_T values ('V',	'2E0671732A744002E043814FD8814002',	1,	'Validation')
/
insert into FP_DOC_STATUS_T values ('Q',	'2E0671732A754002E043814FD8814002',	1,	'Doc Specif')
/
create table trv_doc_2 (
        FDOC_NBR                       VARCHAR2(14) CONSTRAINT FP_INT_BILL_DOC_TN1 NOT NULL,
        OBJ_ID                         VARCHAR2(36) DEFAULT SYS_GUID() CONSTRAINT FP_INT_BILL_DOC_TN2 NOT NULL,
        VER_NBR                        NUMBER(8) DEFAULT 1 CONSTRAINT FP_INT_BILL_DOC_TN3 NOT NULL,
        FDOC_EXPLAIN_TXT               VARCHAR2(400),
	    request_trav varchar2(30) not null,
	    traveler          varchar2(200),
        org          varchar2(60),
        dest         varchar2(60),
	    CONSTRAINT trv_doc_2P1 PRIMARY KEY (FDOC_NBR) 
)
/

create table trv_acct (
    acct_num  varchar2(10) not null,
    acct_name varchar2(50),
    acct_type varchar2(100),
    acct_fo_id number(14),
    constraint trv_acct_pk primary key(acct_num)
) 
/

create table trv_doc_acct (
    doc_hdr_id  number(14) not null,
    acct_num    varchar2(10) not null,
    constraint trv_doc_acct_pk primary key(doc_hdr_id, acct_num)
) 
/

create table trv_acct_fo (
	acct_fo_id  number(14) not null,
	acct_fo_user_name varchar2(50) not null,
	constraint trv_acct_fo_id_pk primary key(acct_fo_id)
) 
/

create table TRAV_DOC_2_ACCOUNTS (
    FDOC_NBR VARCHAR2(14),
    ACCT_NUM varchar2(10),
    CONSTRAINT TRAV_DOC_2_ACCOUNTS_P1 PRIMARY KEY (FDOC_NBR, ACCT_NUM)
)
/

create table TRV_ACCT_TYPE (
    ACCT_TYPE VARCHAR2(10),
    ACCT_TYPE_NAME varchar2(50),
    CONSTRAINT TRV_ACCT_TYPE_PK PRIMARY KEY (ACCT_TYPE)
)
/

create table TRV_ACCT_EXT (
    ACCT_NUM VARCHAR2(10),
    ACCT_TYPE varchar2(100),
    CONSTRAINT TRV_ACCT_TYPE_P1 PRIMARY KEY (ACCT_NUM, ACCT_TYPE)
)
/

CREATE SEQUENCE SEQ_TRAVEL_DOC_ID INCREMENT BY 1 START WITH 1000 
/
CREATE SEQUENCE SEQ_TRAVEL_FO_ID INCREMENT BY 1 START WITH 1000 
/

alter table trv_acct add constraint trv_acct_fk1 foreign key(acct_fo_id) references trv_acct_fo(acct_fo_id) 
/

insert into trv_acct_fo (acct_fo_id, acct_fo_user_name) values (1, 'fred') 
/
insert into trv_acct_fo (acct_fo_id, acct_fo_user_name) values (2, 'fran') 
/
insert into trv_acct_fo (acct_fo_id, acct_fo_user_name) values (3, 'frank') 
/

insert into TRV_ACCT values ('a1', 'a1', 'CAT', 1) 
/
insert into TRV_ACCT values ('a2', 'a2', 'EAT', 2) 
/
insert into TRV_ACCT values ('a3', 'a3', 'IAT', 3) 
/

insert into TRV_DOC_ACCT (DOC_HDR_ID, ACCT_NUM) values (1, 'a1') 
/
insert into TRV_DOC_ACCT (DOC_HDR_ID, ACCT_NUM) values (1, 'a2') 
/
insert into TRV_DOC_ACCT (DOC_HDR_ID, ACCT_NUM) values (1, 'a3') 
/

insert into en_usr_t values ('quickstart','quickstart','quickstart','quickstart','quickstart@school.edu','quickstart','quickstart','quickstart',to_date('01/01/2000', 'dd/mm/yyyy'),to_date('01/01/2100', 'dd/mm/yyyy'),0,0) 
/
insert into en_wrkgrp_t values (1,1,'WorkflowAdmin',1,'W','Workflow Administrator Workgroup',1,null,0) 
/
insert into EN_WRKGRP_MBR_T values ('quickstart',1,'U',1,0) 
/

INSERT INTO FP_DOC_GROUP_T VALUES ('TR', '054EDFB3B260C8D2E043814FD881C8D2', 1,	'Travel Documents', null)
/
INSERT INTO FP_DOC_GROUP_T VALUES ('KR', '054EDFB3B260C8D2E043816FD881C8D2', 1,	'Kuali Rice', null)
/
insert into FP_DOC_TYPE_T values ('TRVA', '1A6FEB2501C7607EE043814FD881607E', 1, 'TR', 'TRAV ACCNT', 'N', 'Y', 'N', 0, 'N', 'N')
/
insert into FP_DOC_TYPE_T values ('TRFO', '1A6FEB250342607EE043814FD881607E', 1, 'TR', 'TRAV FO', 'N', 'Y', 'N', 0, 'N', 'N')
/
insert into FP_DOC_TYPE_T values ('TRD2', '1A6FEB250342607EE043814FD889607E', 1, 'TR', 'TRAV D2', 'N', 'Y', 'N', 0, 'N', 'N')
/
insert into FP_DOC_TYPE_T values ('RUSR', '1A6FEB253342607EE043814FD889607E', 1, 'TR', 'RICE USR', 'N', 'Y', 'N', 0, 'N', 'N') 
/
insert into FP_DOC_TYPE_T values ('PARM', '1A6FRB253342607EE043814FD889607E', 1, 'TR', 'System Parms', 'N', 'Y', 'N', 0, 'N', 'N') 
/
insert into FP_DOC_TYPE_T values ('BR', '1A6FRB253343337EE043814FD889607E', 1, 'TR', 'Biz Rules', 'N', 'Y', 'N', 0, 'N', 'N') 
/
insert into SH_NTE_TYP_T values ('BO', '2D3C44FE49415102E043814FD8815102',	1,	'DOCUMENT BUSINESS OBJECT', 'Y')
/
insert into SH_NTE_TYP_T values ('DH', '2D3C44FE49425102E043814FD8815102',	1,	'DOCUMENT HEADER', 'Y')
/

insert into TRV_ACCT_EXT values ('a1', 'IAT') 
/
insert into TRV_ACCT_EXT values ('a2', 'EAT') 
/
insert into TRV_ACCT_EXT values ('a3', 'IAT') 
/

insert into TRV_ACCT_TYPE values ('CAT', 'Clearing Account Type') 
/
insert into TRV_ACCT_TYPE values ('EAT', 'Expense Account Type') 
/
insert into TRV_ACCT_TYPE values ('IAT', ' Income Account Type') 
/

commit 
/
