<?xml version="1.0" encoding="UTF-8"?>
<data xmlns="ns:workflow" xmlns:xsi="http://www.w3.org/2001/XMLSchema-instance" xsi:schemaLocation="ns:workflow resource:WorkflowData">
	<documentTypes xmlns="ns:workflow/DocumentType" xsi:schemaLocation="ns:workflow/DocumentType resource:DocumentType">
		<documentType>
			<name>AwardDocument</name>
			<description>Manage Award</description>
			<label>KC Award</label>
			<parent>KC</parent>
			<postProcessorName>org.kuali.rice.kns.workflow.postprocessor.KualiPostProcessor</postProcessorName>
			<superUserWorkgroupName>KC-WKFLW:KcAdmin</superUserWorkgroupName>
			<blanketApproveWorkgroupName>KC-WKFLW:KcAdmin</blanketApproveWorkgroupName>
			<defaultExceptionWorkgroupName>KC-WKFLW:KcAdmin</defaultExceptionWorkgroupName>
			<docHandler>${kuali.docHandler.url.prefix}/awardHome.do?methodToCall=docHandler</docHandler>
			<helpDefinitionURL>default.htm?turl=Documents/award1.htm</helpDefinitionURL>
			<active>true</active>
			<routePaths>
				<routePath>
					<start name="Initiated" />
				</routePath>
			</routePaths>
			<routeNodes>
				<start name="Initiated">
					<activationType>P</activationType>
					<mandatoryRoute>false</mandatoryRoute>
					<finalApproval>false</finalApproval>
				</start>
			</routeNodes>
		</documentType>
	</documentTypes>
	
	<ruleAttributes xmlns="ns:workflow/RuleAttribute" xsi:schemaLocation="ns:workflow/RuleAttribute resource:RuleAttribute">
       <ruleAttribute>
			<serviceNamespace>KC</serviceNamespace>
            <name>AwardCustomDataAttribute</name>
            <className>org.kuali.rice.kew.rule.xmlrouting.StandardGenericXMLRuleAttribute</className>
            <label>AwardCustomDataAttribute</label>
            <description>AwardCustomDataAttribute</description>
            <type>RuleXmlAttribute</type>
            <routingConfig>
                <fieldDef name="billingElement" title="Billing Element" workflowType="RULE">
                    <display>
                        <type>text</type>
                    </display>
                    <validation required="false" />
                    <fieldEvaluation>
                        <xpathexpression>string(//xmlRouting/field[@name='billingElement']/value) = wf:ruledata('billingElement')</xpathexpression>
                    </fieldEvaluation>
                </fieldDef>
                <fieldDef name="costSharingBudget" title="Cost Sharing Budget" workflowType="RULE">
                    <display>
                        <type>text</type>
                    </display>
                    <validation required="false" />
                    <fieldEvaluation>
                        <xpathexpression>string(//xmlRouting/field[@name='costSharingBudget']/value) = wf:ruledata('costSharingBudget')</xpathexpression>
                    </fieldEvaluation>
                </fieldDef>
                <fieldDef name="numberOfTrainees" title="Number of Trainees" workflowType="RULE">
                    <display>
                        <type>text</type>
                    </display>
                    <validation required="false" />
                    <fieldEvaluation>
                        <xpathexpression>string(//xmlRouting/field[@name='numberOfTrainees']/value) = wf:ruledata('numberOfTrainees')</xpathexpression>
                    </fieldEvaluation>
                </fieldDef>
                <fieldDef name="graduateStudentCount" title="Graduate Student Count" workflowType="RULE">
                    <display>
                        <type>text</type>
                    </display>
                    <validation required="false" />
                    <fieldEvaluation>
                        <xpathexpression>string(//xmlRouting/field[@name='graduateStudentCount']/value) = wf:ruledata('graduateStudentCount')</xpathexpression>
                    </fieldEvaluation>
                </fieldDef>
                <fieldDef name="tenured" title="Tenured" workflowType="RULE">
                    <display>
                        <type>text</type>
                    </display>
                    <validation required="false" />
                    <fieldEvaluation>
                        <xpathexpression>string(//xmlRouting/field[@name='tenured']/value) = wf:ruledata('tenured')</xpathexpression>
                    </fieldEvaluation>
                </fieldDef>
                <fieldDef name="exportControls" title="Export Controls" workflowType="RULE">
                    <display>
                        <type>text</type>
                    </display>
                    <validation required="false" />
                    <fieldEvaluation>
                        <xpathexpression>string(//xmlRouting/field[@name='exportControls']/value) = wf:ruledata('exportControls')</xpathexpression>
                    </fieldEvaluation>
                </fieldDef>
                <fieldDef name="inventions" title="Inventions" workflowType="RULE">
                    <display>
                        <type>text</type>
                    </display>
                    <validation required="false" />
                    <fieldEvaluation>
                        <xpathexpression>string(//xmlRouting/field[@name='inventions']/value) = wf:ruledata('inventions')</xpathexpression>
                    </fieldEvaluation>
                </fieldDef>
            </routingConfig>
        </ruleAttribute>
     </ruleAttributes>
</data>