<?xml version="1.0" encoding="UTF-8"?>
<data xmlns="ns:workflow" xmlns:xsi="http://www.w3.org/2001/XMLSchema-instance" xsi:schemaLocation="ns:workflow resource:WorkflowData">
	<documentTypes xmlns="ns:workflow/DocumentType" xsi:schemaLocation="ns:workflow/DocumentType resource:DocumentType">
		<documentType>
			<name>CommitteeDocument</name>
			<description>Create a Committee</description>
			<label>Committee Document</label>
			<parent>KC</parent>
			<docHandler>${kuali.docHandler.url.prefix}/committeeCommittee.do?methodToCall=docHandler</docHandler>
            <helpDefinitionURL>default.htm?turl=Documents/committee.htm</helpDefinitionURL>
		</documentType>
	</documentTypes>	
</data>